-- phpMyAdmin SQL Dump
-- version 5.2.1
-- https://www.phpmyadmin.net/
--
-- Host: 127.0.0.1
-- Generation Time: Nov 25, 2023 at 07:00 PM
-- Server version: 10.4.28-MariaDB
-- PHP Version: 8.2.4

SET SQL_MODE = "NO_AUTO_VALUE_ON_ZERO";
START TRANSACTION;
SET time_zone = "+00:00";


/*!40101 SET @OLD_CHARACTER_SET_CLIENT=@@CHARACTER_SET_CLIENT */;
/*!40101 SET @OLD_CHARACTER_SET_RESULTS=@@CHARACTER_SET_RESULTS */;
/*!40101 SET @OLD_COLLATION_CONNECTION=@@COLLATION_CONNECTION */;
/*!40101 SET NAMES utf8mb4 */;

--
-- Database: `db_ie104`
--

-- --------------------------------------------------------

--
-- Table structure for table `bus`
--

CREATE TABLE `bus` (
  `Id` varchar(20) NOT NULL,
  `From` varchar(50) NOT NULL,
  `To` varchar(50) NOT NULL,
  `Date` date NOT NULL,
  `DepartureTime` varchar(10) NOT NULL,
  `ArrivalTime` varchar(10) NOT NULL,
  `TravelTime` varchar(20) NOT NULL,
  `PickPoint` varchar(50) NOT NULL,
  `DesPoint` varchar(50) NOT NULL,
  `Name` varchar(50) NOT NULL,
  `SeatCount` varchar(50) NOT NULL,
  `NumSeat` int(11) NOT NULL,
  `Price` int(20) NOT NULL
) ENGINE=InnoDB DEFAULT CHARSET=utf8mb4 COLLATE=utf8mb4_general_ci;

--
-- Dumping data for table `bus`
--

INSERT INTO `bus` (`Id`, `From`, `To`, `Date`, `DepartureTime`, `ArrivalTime`, `TravelTime`, `PickPoint`, `DesPoint`, `Name`, `SeatCount`, `NumSeat`, `Price`) VALUES
('AHDC054520231122', 'Hanoi', 'Hai Phong City', '2023-11-22', '05:45', '08:30', '2giờ 45phút', 'Bến xe Yên Nghĩa', 'Bến xe Thượng Lý', 'Anh Huy Dat Cang', 'Ghế ngồi 45 chỗ', 20, 150000),
('APQ112020231122', 'Hanoi', 'Ha Tinh Province', '2023-11-22', '11:20', '18:20', '7giờ ', 'Bến xe Nước Ngầm', 'Xuân Hội', 'An Phu Quy', 'Limousine giường phòng 20 chỗ (Có WC)', 20, 380000),
('APQ140420231122', 'Hanoi', 'Ha Tinh Province', '2023-11-22', '14:04', '21:04', '7giờ ', 'Bến xe Nước Ngầm', 'Xuân Hội', 'An Phu Quy', 'Giường nằm 34 chỗ (Có WC)', 20, 250000),
('APQ224720231122', 'Hanoi', 'Ha Tinh Province', '2023-11-22', '22:47', '05:47', '7giờ ', 'Bến xe Nước Ngầm', '(+1ngày) Xuân Hội', 'An Phu Quy', 'Giường nằm 34 chỗ (Có WC)', 20, 250000),
('APT(L025920231122', 'Khanh Hoa Province', 'Lam Dong Province', '2023-11-22', '02:59', '06:29', '3giờ 30phút', 'BX Phía Bắc Nha Trang', 'VP Đà Lạt', 'An Phu Travel (Da Lat)', 'Giường nằm 44 chỗ', 20, 200000),
('CT080020231122', 'Ho Chi Minh City', 'Khanh Hoa Province', '2023-11-22', '08:00', '16:10', '8giờ 10phút', 'Bến xe Miền Đông mới A', 'Bến Xe Phía Nam Nha Trang', 'Cuc Tung', 'Giường nằm 32 chỗ', 20, 300000),
('CT084520231122', 'Ho Chi Minh City', 'Khanh Hoa Province', '2023-11-22', '08:45', '16:55', '8giờ 10phút', 'Bến xe Miền Đông mới A', 'Bến Xe Phía Nam Nha Trang', 'Cuc Tung', 'Limousine giường nằm 21 chỗ', 20, 400000),
('CT103020231122', 'Ho Chi Minh City', 'Khanh Hoa Province', '2023-11-22', '10:30', '18:40', '8giờ 10phút', 'Bến xe Miền Đông mới A', 'Bến Xe Phía Nam Nha Trang', 'Cuc Tung', 'Giường nằm 32 chỗ', 20, 300000),
('DN083020231120', 'Ho Chi Minh City', 'Da Nang', '2023-11-20', '08:30', '04:00', '19giờ 30phút', 'VP Tân Bình', '(+1ngày) VP Đà Nẵng', 'Dinh Nhan', 'Limousine 32 Phòng (WC)', 20, 450000),
('DN093020231120', 'Ho Chi Minh City', 'Da Nang', '2023-11-20', '09:30', '06:00', '20giờ 30phút', 'VP Tân Bình', '(+1ngày) VP Đà Nẵng', 'Dinh Nhan', 'Cabin 24 Phòng (Ko WC)', 20, 550000),
('DN143020231120', 'Ho Chi Minh City', 'Da Nang', '2023-11-20', '14:30', '08:00', '17giờ 30phút', 'VP Tân Bình', '(+1ngày) VP Đà Nẵng', 'Dinh Nhan', 'Cabin 22 Phòng (WC)', 20, 550000),
('DT060020231122', 'Hanoi', 'Hai Phong City', '2023-11-22', '06:00', '09:10', '3giờ 10phút', 'Văn phòng Hà Nội', 'Văn phòng Cát Bà', 'Daiichi Travel', 'Sơ đồ 45 (Chuẩn)', 20, 300000),
('HC073020231122', 'Khanh Hoa Province', 'Ho Chi Minh City', '2023-11-22', '07:30', '16:00', '8giờ 30phút', 'VP Nha Trang 1', 'VP Sài Gòn', 'Hanh Cafe', 'Giường nằm 41 chỗ', 20, 260000),
('HHG130020231122', 'Hanoi', 'Ha Tinh Province', '2023-11-22', '13:00', '20:30', '7giờ 30phút', 'Bến xe Nước Ngầm 1', '99 Nguyễn Thiếp', 'Hai Hoang Gia', 'Limousine giường nằm 22 chỗ', 20, 400000),
('HHG230020231122', 'Hanoi', 'Ha Tinh Province', '2023-11-22', '23:00', '06:30', '7giờ 30phút', 'Bến xe Nước Ngầm 1', '(+1ngày) 99 Nguyễn Thiếp', 'Hai Hoang Gia', 'Limousine giường nằm 22 chỗ', 20, 400000),
('HHT060020231122', 'Ho Chi Minh City', 'Ba Ria - Vung Tau', '2023-11-22', '06:00', '08:45', '2giờ 45phút', 'Sân Bay Tân Sơn Nhất', 'Văn Phòng Vũng Tàu', 'Huy Hoang-Vung Tau', 'Limousine 9 chỗ', 20, 190000),
('HHT063020231122', 'Ho Chi Minh City', 'Ba Ria - Vung Tau', '2023-11-22', '06:30', '09:15', '2giờ 45phút', 'Sân Bay Tân Sơn Nhất', 'Văn Phòng Vũng Tàu', 'Huy Hoang-Vung Tau', 'Limousine 9 chỗ', 20, 190000),
('HHT070020231122', 'Ho Chi Minh City', 'Ba Ria - Vung Tau', '2023-11-22', '07:00', '09:45', '2giờ 45phút', 'Sân Bay Tân Sơn Nhất', 'Văn Phòng Vũng Tàu', 'Huy Hoang-Vung Tau', 'Limousine 9 chỗ', 20, 190000),
('HL-HN070020231120', 'Ho Chi Minh City', 'Da Nang', '2023-11-20', '07:00', '02:52', '19giờ 52phút', 'VP Sài Gòn', '(+1ngày) Đà Nẵng (dọc Quốc lộ 1A)', 'Hoang Long - Ha Noi', 'Giường nằm 42 chỗ ', 20, 1026000),
('HL-HN074220231120', 'Ho Chi Minh City', 'Da Nang', '2023-11-20', '07:42', '02:52', '19giờ 10phút', 'Bến xe Miền Đông Mới', '(+1ngày) Đà Nẵng (dọc Quốc lộ 1A)', 'Hoang Long - Ha Noi', 'Giường nằm 42 chỗ ', 20, 1026000),
('HL-HN100020231120', 'Ho Chi Minh City', 'Da Nang', '2023-11-20', '10:00', '05:52', '19giờ 52phút', 'VP Sài Gòn', '(+1ngày) Đà Nẵng (dọc Quốc lộ 1A)', 'Hoang Long - Ha Noi', 'Giường nằm 42 chỗ ', 20, 1026000),
('HL-HN104220231120', 'Ho Chi Minh City', 'Da Nang', '2023-11-20', '10:42', '05:52', '19giờ 10phút', 'Bến xe Miền Đông Mới', '(+1ngày) Đà Nẵng (dọc Quốc lộ 1A)', 'Hoang Long - Ha Noi', 'Giường nằm 42 chỗ ', 20, 1026000),
('HL-HN140020231120', 'Ho Chi Minh City', 'Da Nang', '2023-11-20', '14:00', '09:52', '19giờ 52phút', 'VP Sài Gòn', '(+1ngày) Đà Nẵng (dọc Quốc lộ 1A)', 'Hoang Long - Ha Noi', 'Giường nằm 42 chỗ ', 20, 1026000),
('HL-HN144220231120', 'Ho Chi Minh City', 'Da Nang', '2023-11-20', '14:42', '09:52', '19giờ 10phút', 'Bến xe Miền Đông Mới', '(+1ngày) Đà Nẵng (dọc Quốc lộ 1A)', 'Hoang Long - Ha Noi', 'Giường nằm 42 chỗ ', 20, 1026000),
('HL-HN180020231120', 'Ho Chi Minh City', 'Da Nang', '2023-11-20', '18:00', '13:52', '19giờ 52phút', 'VP Sài Gòn', '(+1ngày) Đà Nẵng (dọc Quốc lộ 1A)', 'Hoang Long - Ha Noi', 'Giường nằm 42 chỗ ', 20, 1026000),
('HL-HN184220231120', 'Ho Chi Minh City', 'Da Nang', '2023-11-20', '18:42', '13:52', '19giờ 10phút', 'Bến xe Miền Đông Mới', '(+1ngày) Đà Nẵng (dọc Quốc lộ 1A)', 'Hoang Long - Ha Noi', 'Giường nằm 42 chỗ ', 20, 1026000),
('HN054520231120', 'Ho Chi Minh City', 'An Giang Province', '2023-11-20', '05:45', '11:22', '5giờ 37phút', 'SG. Sài Gòn', 'Cựu Hội', 'Hue Nghia', 'Giường nằm 40 chỗ', 20, 170000),
('HN064520231120', 'Ho Chi Minh City', 'An Giang Province', '2023-11-20', '06:45', '12:22', '5giờ 37phút', 'SG. Sài Gòn', 'Cựu Hội', 'Hue Nghia', 'Giường nằm 40 chỗ', 20, 170000),
('HN074520231120', 'Ho Chi Minh City', 'An Giang Province', '2023-11-20', '07:45', '13:22', '5giờ 37phút', 'SG. Sài Gòn', 'Cựu Hội', 'Hue Nghia', 'Giường nằm 40 chỗ', 20, 170000),
('HN080020231113', 'Ho Chi Minh City', 'An Giang Province', '2023-11-13', '08:00', '13:52', '5giờ 52phút', 'Trạm An Sương', 'Cựu Hội', 'Hue Nghia', 'Giường nằm 40 chỗ', 20, 180000),
('HN080020231120', 'Ho Chi Minh City', 'An Giang Province', '2023-11-20', '08:00', '15:32', '7giờ 32phút', 'Trạm An Sương', 'CD. Châu Đốc', 'Hue Nghia', 'Giường nằm 40 chỗ', 20, 190000),
('HN093020231113', 'Ho Chi Minh City', 'An Giang Province', '2023-11-13', '09:30', '15:32', '6giờ 2phút', 'Trạm An Sương', 'Vp. Long Xuyên', 'Hue Nghia', 'Giường nằm 40 chỗ', 20, 180000),
('HN093020231120', 'Ho Chi Minh City', 'An Giang Province', '2023-11-20', '09:30', '17:02', '7giờ 32phút', 'Trạm An Sương', 'CD. Châu Đốc', 'Hue Nghia', 'Giường nằm 40 chỗ', 20, 190000),
('HN094520231120', 'Ho Chi Minh City', 'An Giang Province', '2023-11-20', '09:45', '15:22', '5giờ 37phút', 'SG. Sài Gòn', 'Cựu Hội', 'Hue Nghia', 'Giường nằm 40 chỗ', 20, 170000),
('HN100020231113', 'Ho Chi Minh City', 'An Giang Province', '2023-11-13', '10:00', '16:02', '6giờ 2phút', 'Trạm An Sương', 'Vp. Long Xuyên', 'Hue Nghia', 'Giường nằm 40 chỗ', 20, 180000),
('HN100020231120', 'Ho Chi Minh City', 'An Giang Province', '2023-11-20', '10:00', '17:32', '7giờ 32phút', 'Trạm An Sương', 'CD. Châu Đốc', 'Hue Nghia', 'Giường nằm 40 chỗ', 20, 190000),
('HN120020231113', 'Ho Chi Minh City', 'An Giang Province', '2023-11-13', '12:00', '17:22', '5giờ 22phút', 'Trạm An Sương', 'Cựu Hội', 'Hue Nghia', 'Giường nằm 40 chỗ', 20, 180000),
('HPT050120231122', 'Hanoi', 'Hai Phong City', '2023-11-22', '05:01', '06:31', '1giờ 30phút', 'Văn phòng Long Biên A', 'Văn phòng Hải Phòng', 'Hai Phong Travel', 'Limousine 11 chỗ', 20, 230000),
('HPT060220231122', 'Hanoi', 'Hai Phong City', '2023-11-22', '06:02', '07:32', '1giờ 30phút', 'Văn phòng Long Biên A', 'Văn phòng Hải Phòng', 'Hai Phong Travel', 'Limousine 11 chỗ', 20, 230000),
('HS(Y093020231122', 'Khanh Hoa Province', 'Lam Dong Province', '2023-11-22', '09:30', '14:05', '4giờ 35phút', 'Ga Đại Lãnh', 'Bến xe liên tỉnh Đà Lạt', 'Hong Son (Phu Yen)', 'Limousine giường nằm 34 chỗ', 20, 260000),
('HS(Y102020231122', 'Khanh Hoa Province', 'Lam Dong Province', '2023-11-22', '10:20', '14:05', '3giờ 45phút', 'Ngã 3 Dốc Lết', 'Bến xe liên tỉnh Đà Lạt', 'Hong Son (Phu Yen)', 'Limousine giường nằm 34 chỗ', 20, 260000),
('HS(Y113520231122', 'Khanh Hoa Province', 'Lam Dong Province', '2023-11-22', '11:35', '14:05', '2giờ 30phút', 'Nhà Thờ Khánh Vĩnh', 'Bến xe liên tỉnh Đà Lạt', 'Hong Son (Phu Yen)', 'Limousine giường nằm 34 chỗ', 20, 260000),
('HS-V-S124520231122', 'Hanoi', 'Ha Tinh Province', '2023-11-22', '12:45', '20:10', '7giờ 25phút', 'Ngã ba Kim Anh', 'Bến xe Hà Tĩnh Sapa', 'Ha Son - Vinh - Sapa', 'Giường nằm 4x chỗ', 20, 270000),
('HS-V-S224520231122', 'Hanoi', 'Ha Tinh Province', '2023-11-22', '22:45', '06:10', '7giờ 25phút', 'Ngã ba Kim Anh', '(+1ngày) Bến xe Hà Tĩnh Sapa', 'Ha Son - Vinh - Sapa', 'Cabin 21 khoang Vip', 20, 750000),
('KD045020231122', 'Hanoi', 'Hai Phong City', '2023-11-22', '04:50', '06:00', '1giờ 10phút', 'Văn phòng Mỹ Đình (N55A Đường Mỹ Đình, phường Mỹ Đ', 'Văn phòng An Lão', 'Ket Doan', 'Ghế ngồi 16 chỗ ', 20, 150000),
('KD051520231122', 'Hanoi', 'Hai Phong City', '2023-11-22', '05:15', '06:55', '1giờ 40phút', 'Văn phòng Giáp Bát', 'Văn phòng Quán Toan', 'Ket Doan', 'Ghế ngồi 29 chỗ', 20, 130000),
('KD054020231122', 'Hanoi', 'Hai Phong City', '2023-11-22', '05:40', '06:50', '1giờ 10phút', 'Văn phòng Mỹ Đình (N55A Đường Mỹ Đình, phường Mỹ Đ', 'Văn phòng An Lão', 'Ket Doan', 'Ghế ngồi 16 chỗ ', 20, 150000),
('KD061520231122', 'Hanoi', 'Hai Phong City', '2023-11-22', '06:15', '07:55', '1giờ 40phút', 'Văn phòng Giáp Bát', 'Văn phòng Quán Toan', 'Ket Doan', 'Ghế ngồi 29 chỗ', 20, 130000),
('KP073020231122', 'Khanh Hoa Province', 'Lam Dong Province', '2023-11-22', '07:30', '10:30', '3giờ ', 'Văn Phòng Nha Trang (KS Mường Thanh)', 'Bến Xe Đà Lạt', 'Khanh Phong', 'Limousine 9 chỗ', 20, 230000),
('KP083020231122', 'Khanh Hoa Province', 'Lam Dong Province', '2023-11-22', '08:30', '11:30', '3giờ ', 'Văn Phòng Nha Trang (KS Mường Thanh)', 'Bến Xe Đà Lạt', 'Khanh Phong', 'Limousine SOLATI 11 chỗ', 20, 230000),
('KP093020231122', 'Khanh Hoa Province', 'Lam Dong Province', '2023-11-22', '09:30', '12:30', '3giờ ', 'Văn Phòng Nha Trang (KS Mường Thanh)', 'Bến Xe Đà Lạt', 'Khanh Phong', 'Limousine SOLATI 11 chỗ', 20, 230000),
('KP101020231122', 'Khanh Hoa Province', 'Ho Chi Minh City', '2023-11-22', '10:10', '16:05', '5giờ 55phút', 'Bưu điện Cam Lâm', 'Văn Phòng Phạm Ngũ Lão - Quận 1', 'Khanh Phong', 'Limousine giường phòng 20 chỗ (WC)', 20, 450000),
('KP130020231122', 'Khanh Hoa Province', 'Lam Dong Province', '2023-11-22', '13:00', '16:00', '3giờ ', 'Văn Phòng Nha Trang (KS Mường Thanh)', 'Bến Xe Đà Lạt', 'Khanh Phong', 'Limousine SOLATI 11 chỗ', 20, 230000),
('LH063020231122', 'Ho Chi Minh City', 'Khanh Hoa Province', '2023-11-22', '06:30', '16:00', '9giờ 30phút', 'Bến xe An Sương', 'Bưu điện Cam Ranh', 'Lien Hung', 'Limousine 32 giường (WC)', 20, 270000),
('LH070020231122', 'Ho Chi Minh City', 'Khanh Hoa Province', '2023-11-22', '07:00', '17:00', '10giờ ', 'Ngã 4 Bình Phước', 'Bến Xe Phía Nam Nha Trang', 'Lien Hung', 'Limousine 32 giường (WC)', 20, 270000),
('LH072020231122', 'Khanh Hoa Province', 'Ho Chi Minh City', '2023-11-22', '07:20', '17:30', '10giờ 10phút', 'Bưu điện Cam Lâm', 'Bến xe An Sương', 'Lien Hung', 'Limousine 32 giường (WC)', 20, 270000),
('LH073020231122', 'Ho Chi Minh City', 'Khanh Hoa Province', '2023-11-22', '07:30', '17:30', '10giờ ', 'Ngã Tư Bình Phước', 'Bưu điện Cam Lâm', 'Lien Hung', 'Limousine 34 giường (mới)', 20, 270000),
('LH074520231122', 'Ho Chi Minh City', 'Khanh Hoa Province', '2023-11-22', '07:45', '16:45', '9giờ ', 'Văn phòng quận 5', 'Bưu điện Cam Lâm', 'Lien Hung', 'Limousine 22 phòng (WC)', 20, 350000),
('LH080020231122', 'Khanh Hoa Province', 'Ho Chi Minh City', '2023-11-22', '08:00', '17:30', '9giờ 30phút', 'VP Cam Ranh', 'Bến xe An Sương', 'Lien Hung', 'Limousine 32 giường (WC)', 20, 270000),
('LH081520231122', 'Ho Chi Minh City', 'Khanh Hoa Province', '2023-11-22', '08:15', '16:15', '8giờ ', 'Bến xe An Sương', 'Bưu điện Cam Ranh', 'Lien Hung', 'Limousine 22 phòng (WC)', 20, 350000),
('LH083020231122', 'Khanh Hoa Province', 'Ho Chi Minh City', '2023-11-22', '08:30', '18:30', '10giờ ', 'Bưu điện Cam Lâm', 'Ngã Tư Bình Phước', 'Lien Hung', 'Limousine 34 giường (mới)', 20, 270000),
('LH084520231122', 'Ho Chi Minh City', 'Khanh Hoa Province', '2023-11-22', '08:45', '17:15', '8giờ 30phút', 'Ngã 4 Bình Phước', 'Bến Xe Phía Nam Nha Trang', 'Lien Hung', 'Limousine 22 phòng (WC)', 20, 456000),
('LH090020231122', 'Ho Chi Minh City', 'Khanh Hoa Province', '2023-11-22', '09:00', '18:30', '9giờ 30phút', 'Bến xe An Sương', 'Bưu điện Cam Ranh', 'Lien Hung', 'Limousine 32 giường (WC)', 20, 270000),
('LH092520231122', 'Khanh Hoa Province', 'Ho Chi Minh City', '2023-11-22', '09:25', '17:00', '7giờ 35phút', 'Bưu điện Cam Lâm', 'Cổng Đại Học Nông Lâm (QL1A)', 'Lien Hung', 'Limousine 21 phòng (WC)', 20, 350000),
('LH093020231122', 'Ho Chi Minh City', 'Khanh Hoa Province', '2023-11-22', '09:30', '19:30', '10giờ ', 'Ngã 4 Bình Phước', 'Bến Xe Phía Nam Nha Trang', 'Lien Hung', 'Limousine 32 giường (WC)', 20, 270000),
('LH095020231122', 'Khanh Hoa Province', 'Ho Chi Minh City', '2023-11-22', '09:50', '17:45', '7giờ 55phút', 'VP Cam Ranh', 'Bến xe An Sương', 'Lien Hung', 'Limousine 21 phòng (WC)', 20, 350000),
('LH100020231122', 'Ho Chi Minh City', 'Khanh Hoa Province', '2023-11-22', '10:00', '19:00', '9giờ ', 'Văn phòng quận 5', 'Bưu điện Cam Lâm', 'Lien Hung', 'Limousine 21 phòng (WC)', 20, 350000),
('LH103020231122', 'Ho Chi Minh City', 'Khanh Hoa Province', '2023-11-22', '10:30', '18:30', '8giờ ', 'Bến xe An Sương', 'Bưu điện Cam Ranh', 'Lien Hung', 'Limousine 21 phòng (WC)', 20, 350000),
('LH111520231122', 'Khanh Hoa Province', 'Ho Chi Minh City', '2023-11-22', '11:15', '18:35', '7giờ 20phút', 'Bến Xe Phía Nam Nha Trang', 'Cổng Đại Học Nông Lâm (QL1A)', 'Lien Hung', 'Limousine 22 phòng (WC)', 20, 350000),
('LHL120020231122', 'Khanh Hoa Province', 'Lam Dong Province', '2023-11-22', '12:00', '15:00', '3giờ ', 'GO! Nha Trang', 'VP Đà Lạt 1', 'Lac Hong Limousine', 'Limousine Solati 9 chỗ', 20, 230000),
('LHL160020231122', 'Khanh Hoa Province', 'Lam Dong Province', '2023-11-22', '16:00', '19:00', '3giờ ', 'GO! Nha Trang', 'VP Đà Lạt 1', 'Lac Hong Limousine', 'Limousine Solati 9 chỗ', 20, 230000),
('LVL080020231122', 'Khanh Hoa Province', 'Lam Dong Province', '2023-11-22', '08:00', '11:10', '3giờ 10phút', 'VP Nha Trang 3', 'Bến xe Liên tỉnh Đà Lạt 2', 'Long Van Limousine', 'Limousine 11 chỗ', 20, 249000),
('LVL163020231122', 'Khanh Hoa Province', 'Lam Dong Province', '2023-11-22', '16:30', '19:40', '3giờ 10phút', 'VP Nha Trang 3', 'Bến xe Liên tỉnh Đà Lạt 2', 'Long Van Limousine', 'Limousine 11 chỗ', 20, 249000),
('PL083020231120', 'Ho Chi Minh City', 'Da Nang', '2023-11-20', '08:30', '02:20', '17giờ 50phút', 'Bến xe Ngã Tư Ga', '(+1ngày) Cầu Vượt Hòa Cầm', 'Phi Long', 'Giường nằm 38 chỗ (WC)', 20, 550000),
('PL090020231120', 'Ho Chi Minh City', 'Da Nang', '2023-11-20', '09:00', '02:20', '17giờ 20phút', 'Cổng Bến xe Miền Đông Mới (TP HCM)', '(+1ngày) Cầu Vượt Hòa Cầm', 'Phi Long', 'Giường nằm 38 chỗ (WC)', 20, 550000),
('PQ095020231122', 'Hanoi', 'Ha Tinh Province', '2023-11-22', '09:50', '17:20', '7giờ 30phút', 'Bến xe Nước Ngầm', 'Bến xe Hà Tĩnh', 'Phu Quy', 'Giường nằm 40 chỗ', 20, 260000),
('PQ111020231122', 'Hanoi', 'Ha Tinh Province', '2023-11-22', '11:10', '18:40', '7giờ 30phút', 'Bến xe Nước Ngầm', 'Bến xe Hà Tĩnh', 'Phu Quy', 'Limousine giường phòng 32 chỗ (WC)', 20, 300000),
('PQ140020231122', 'Hanoi', 'Ha Tinh Province', '2023-11-22', '14:00', '21:30', '7giờ 30phút', 'Bến xe Nước Ngầm', 'Bến xe Hà Tĩnh', 'Phu Quy', 'Limousine giường phòng 22 phòng (WC)', 20, 400000),
('PQ154520231122', 'Hanoi', 'Ha Tinh Province', '2023-11-22', '15:45', '23:15', '7giờ 30phút', 'Bến xe Nước Ngầm', 'Bến xe Hà Tĩnh', 'Phu Quy', 'Giường nằm 40 chỗ', 20, 260000),
('PQ170520231122', 'Hanoi', 'Ha Tinh Province', '2023-11-22', '17:05', '00:35', '7giờ 30phút', 'Bến xe Nước Ngầm', '(+1ngày) Bến xe Hà Tĩnh', 'Phu Quy', 'Giường nằm 40 chỗ', 20, 260000),
('PQ223020231122', 'Hanoi', 'Ha Tinh Province', '2023-11-22', '22:30', '06:00', '7giờ 30phút', 'Bến xe Nước Ngầm', '(+1ngày) Bến xe Hà Tĩnh', 'Phu Quy', 'Giường nằm 40 chỗ', 20, 260000),
('PQ224020231122', 'Hanoi', 'Ha Tinh Province', '2023-11-22', '22:40', '06:10', '7giờ 30phút', 'Bến xe Nước Ngầm', '(+1ngày) Bến xe Hà Tĩnh', 'Phu Quy', 'Limousine giường phòng 22 phòng (WC) (new) ', 20, 400000),
('TKC160020231122', 'Hanoi', 'Ha Tinh Province', '2023-11-22', '16:00', '00:15', '8giờ 15phút', 'Bến xe Yên Nghĩa', '(+1ngày) Ngã ba Bến xe mới Hà Tĩnh', 'Tan Kim Chi', 'Limousine giường nằm 34 chỗ mới', 20, 480000),
('TKC184520231122', 'Hanoi', 'Ha Tinh Province', '2023-11-22', '18:45', '00:15', '5giờ 30phút', 'Văn phòng Nơ 21', '(+1ngày) Ngã ba Bến xe mới Hà Tĩnh', 'Tan Kim Chi', 'Limousine giường nằm 34 chỗ mới', 20, 450000),
('TKC191620231122', 'Hanoi', 'Ha Tinh Province', '2023-11-22', '19:16', '00:16', '5giờ ', 'Bến xe Nước Ngầm 1', '(+1ngày) Ngã ba Bến xe mới Hà Tĩnh', 'Tan Kim Chi', 'Limousine giường phòng 22 chỗ (CABIN ĐÔI)', 20, 850000),
('TKC193020231122', 'Hanoi', 'Ha Tinh Province', '2023-11-22', '19:30', '00:30', '5giờ ', 'Bến xe Nước Ngầm 1', '(+1ngày) Ngã ba Bến xe mới Hà Tĩnh', 'Tan Kim Chi', 'Limousine giường nằm 34 chỗ mới', 20, 450000),
('TMP070020231120', 'Ho Chi Minh City', 'Da Nang', '2023-11-20', '07:00', '00:20', '17giờ 20phút', 'Bến xe Miền Đông', '(+1ngày) Bến xe trung tâm Đà Nẵng', 'Tam Minh Phuong', 'Giường nằm 46 chỗ', 20, 500000),
('TMP073020231120', 'Ho Chi Minh City', 'Da Nang', '2023-11-20', '07:30', '00:20', '16giờ 50phút', 'Bến xe Miền Đông mới', '(+1ngày) Bến xe trung tâm Đà Nẵng', 'Tam Minh Phuong', 'Giường nằm 46 chỗ', 20, 500000),
('TTH063020231113', 'Ho Chi Minh City', 'An Giang Province', '2023-11-13', '06:30', '13:10', '6giờ 40phút', 'Văn phòng Sài Gòn', 'Vp. Tân Châu', 'Thien Thien Huong', 'Limousine 34 Phòng Đơn', 20, 216000),
('TTH073020231113', 'Ho Chi Minh City', 'An Giang Province', '2023-11-13', '07:30', '13:10', '5giờ 40phút', 'Bến Xe Miền Tây - Quầy vé 29', 'Vp. Tân Châu', 'Thien Thien Huong', 'Limousine 34 Phòng Đơn', 20, 216000),
('TTH073020231120', 'Ho Chi Minh City', 'An Giang Province', '2023-11-20', '07:30', '13:10', '5giờ 40phút', 'Bến Xe Miền Tây - Quầy vé 29', 'Vp. Tân Châu', 'Thien Thien Huong', 'Limousine 34 Phòng Đơn', 20, 216000),
('TTH080020231113', 'Ho Chi Minh City', 'An Giang Province', '2023-11-13', '08:00', '14:40', '6giờ 40phút', 'Văn phòng Sài Gòn', 'Vp. Tân Châu', 'Thien Thien Huong', 'Limousine 34 Phòng Đơn', 20, 216000),
('TTH090020231113', 'Ho Chi Minh City', 'An Giang Province', '2023-11-13', '09:00', '14:40', '5giờ 40phút', 'Bến Xe Miền Tây - Quầy vé 29', 'Vp. Tân Châu', 'Thien Thien Huong', 'Limousine 34 Phòng Đơn', 20, 216000),
('TTH090020231120', 'Ho Chi Minh City', 'An Giang Province', '2023-11-20', '09:00', '14:40', '5giờ 40phút', 'Bến Xe Miền Tây - Quầy vé 29', 'Vp. Tân Châu', 'Thien Thien Huong', 'Limousine 34 Phòng Đơn', 20, 216000),
('TTH093020231113', 'Ho Chi Minh City', 'An Giang Province', '2023-11-13', '09:30', '16:10', '6giờ 40phút', 'Văn phòng Sài Gòn', 'Vp. Tân Châu', 'Thien Thien Huong', 'Limousine 34 Phòng Đơn', 20, 216000),
('TTH103020231113', 'Ho Chi Minh City', 'An Giang Province', '2023-11-13', '10:30', '16:10', '5giờ 40phút', 'Bến Xe Miền Tây - Quầy vé 29', 'Vp. Tân Châu', 'Thien Thien Huong', 'Limousine 34 Phòng Đơn', 20, 216000),
('TTH103020231120', 'Ho Chi Minh City', 'An Giang Province', '2023-11-20', '10:30', '16:10', '5giờ 40phút', 'Bến Xe Miền Tây - Quầy vé 29', 'Vp. Tân Châu', 'Thien Thien Huong', 'Limousine 34 Phòng Đơn', 20, 216000),
('TTH110020231113', 'Ho Chi Minh City', 'An Giang Province', '2023-11-13', '11:00', '17:40', '6giờ 40phút', 'Văn phòng Sài Gòn', 'Vp. Tân Châu', 'Thien Thien Huong', 'Limousine 34 Phòng Đơn', 20, 216000),
('TV-VT063020231122', 'Ho Chi Minh City', 'Ba Ria - Vung Tau', '2023-11-22', '06:30', '09:00', '2giờ 30phút', 'Sân Bay Tân Sơn Nhất 2', 'VP Vũng Tàu', 'Thanh Vinh - Vung Tau', 'Limousine 9 chỗ', 20, 200000),
('TV-VT070020231122', 'Ho Chi Minh City', 'Ba Ria - Vung Tau', '2023-11-22', '07:00', '09:30', '2giờ 30phút', 'Sân Bay Tân Sơn Nhất 2', 'VP Vũng Tàu', 'Thanh Vinh - Vung Tau', 'Limousine 9 chỗ', 20, 200000),
('VL050020231122', 'Ho Chi Minh City', 'Ba Ria - Vung Tau', '2023-11-22', '05:00', '07:00', '2giờ ', 'Văn phòng Quận 1', 'Văn phòng Vũng Tàu', 'Vie Limousine', 'Limousine 9 chỗ', 20, 190000),
('VL053020231122', 'Ho Chi Minh City', 'Ba Ria - Vung Tau', '2023-11-22', '05:30', '07:30', '2giờ ', 'Văn phòng Quận 1', 'Văn phòng Vũng Tàu', 'Vie Limousine', 'Limousine 9 chỗ', 20, 190000),
('VL060020231122', 'Ho Chi Minh City', 'Ba Ria - Vung Tau', '2023-11-22', '06:00', '08:00', '2giờ ', 'Văn phòng Quận 1', 'Văn phòng Vũng Tàu', 'Vie Limousine', 'Limousine 9 chỗ', 20, 190000),
('VL063020231122', 'Ho Chi Minh City', 'Ba Ria - Vung Tau', '2023-11-22', '06:30', '08:30', '2giờ ', 'Văn phòng Quận 1', 'Văn phòng Vũng Tàu', 'Vie Limousine', 'Limousine 9 chỗ', 20, 190000);

-- --------------------------------------------------------

--
-- Table structure for table `bus_invoice`
--

CREATE TABLE `bus_invoice` (
  `Id` varchar(20) NOT NULL,
  `Bus_id` varchar(20) NOT NULL,
  `Num_ticket` int(11) NOT NULL,
  `Invoice_id` varchar(20) NOT NULL
) ENGINE=InnoDB DEFAULT CHARSET=utf8mb4 COLLATE=utf8mb4_general_ci;

--
-- Dumping data for table `bus_invoice`
--

INSERT INTO `bus_invoice` (`Id`, `Bus_id`, `Num_ticket`, `Invoice_id`) VALUES
('1', 'AHDC054520231122', 1, '1'),
('2', 'APQ140420231122', 2, '2');

-- --------------------------------------------------------

--
-- Table structure for table `flight`
--

CREATE TABLE `flight` (
  `ID` varchar(50) NOT NULL,
  `From` varchar(50) NOT NULL,
  `To` varchar(50) NOT NULL,
  `Date` date NOT NULL,
  `DepartureTime` varchar(10) NOT NULL,
  `ArrivalTime` varchar(10) NOT NULL,
  `TravelTime` varchar(10) NOT NULL,
  `Stop/Direct` varchar(10) NOT NULL,
  `Name` varchar(50) NOT NULL,
  `SeatClass` varchar(50) NOT NULL,
  `NumSeat` int(11) NOT NULL,
  `Price` int(50) NOT NULL
) ENGINE=InnoDB DEFAULT CHARSET=utf8mb4 COLLATE=utf8mb4_general_ci;

--
-- Dumping data for table `flight`
--

INSERT INTO `flight` (`ID`, `From`, `To`, `Date`, `DepartureTime`, `ArrivalTime`, `TravelTime`, `Stop/Direct`, `Name`, `SeatClass`, `NumSeat`, `Price`) VALUES
('BB053520231110', 'Hà Nội (HAN)', ' TP HCM (SGN)', '2023-11-10', '05:35', '07:45', '2h 10m', 'Bay thẳng', 'Bamboo Airways', '  Phổ thông', 20, 1757000),
('BB053520231111', 'Hà Nội (HAN)', ' TP HCM (SGN)', '2023-11-11', '05:35', '07:45', '2h 10m', 'Bay thẳng', 'Bamboo Airways', '  Phổ thông', 20, 1777000),
('BB053520231112', 'Hà Nội (HAN)', ' TP HCM (SGN)', '2023-11-12', '05:35', '07:45', '2h 10m', 'Bay thẳng', 'Bamboo Airways', '  Phổ thông', 20, 2015000),
('BB053520231122', 'Hà Nội (HAN)', ' TP HCM (SGN)', '2023-11-22', '05:35', '07:45', '2h 10m', 'Bay thẳng', 'Bamboo Airways', '  Phổ thông', 20, 2862000),
('BB053520231123', 'Hà Nội (HAN)', ' TP HCM (SGN)', '2023-11-23', '05:35', '07:45', '2h 10m', 'Bay thẳng', 'Bamboo Airways', '  Phổ thông', 20, 2171000),
('BB053520231124', 'Hà Nội (HAN)', ' TP HCM (SGN)', '2023-11-24', '05:35', '07:45', '2h 10m', 'Bay thẳng', 'Bamboo Airways', '  Phổ thông', 20, 1995000),
('BB05352023119', 'Hà Nội (HAN)', ' TP HCM (SGN)', '2023-11-09', '05:35', '07:45', '2h 10m', 'Bay thẳng', 'Bamboo Airways', '  Phổ thông', 20, 1757000),
('BB055520231110', 'TP HCM (SGN)', ' Hà Nội (HAN)', '2023-11-10', '05:55', '08:05', '2h 10m', 'Bay thẳng', 'Bamboo Airways', '  Phổ thông', 20, 3641000),
('BB055520231111', 'TP HCM (SGN)', ' Hà Nội (HAN)', '2023-11-11', '05:55', '08:05', '2h 10m', 'Bay thẳng', 'Bamboo Airways', '  Phổ thông', 20, 2015000),
('BB055520231112', 'TP HCM (SGN)', ' Hà Nội (HAN)', '2023-11-12', '05:55', '08:05', '2h 10m', 'Bay thẳng', 'Bamboo Airways', '  Phổ thông', 20, 2015000),
('BB055520231121', 'TP HCM (SGN)', ' Hà Nội (HAN)', '2023-11-21', '05:55', '08:05', '2h 10m', 'Bay thẳng', 'Bamboo Airways', '  Phổ thông', 20, 2560000),
('BB055520231122', 'TP HCM (SGN)', ' Hà Nội (HAN)', '2023-11-22', '05:55', '08:05', '2h 10m', 'Bay thẳng', 'Bamboo Airways', '  Phổ thông', 20, 2560000),
('BB055520231123', 'TP HCM (SGN)', ' Hà Nội (HAN)', '2023-11-23', '05:55', '08:05', '2h 10m', 'Bay thẳng', 'Bamboo Airways', '  Phổ thông', 20, 2560000),
('BB055520231124', 'TP HCM (SGN)', ' Hà Nội (HAN)', '2023-11-24', '05:55', '08:05', '2h 10m', 'Bay thẳng', 'Bamboo Airways', '  Phổ thông', 20, 2279000),
('BB05552023119', 'TP HCM (SGN)', ' Hà Nội (HAN)', '2023-11-09', '05:55', '08:05', '2h 10m', 'Bay thẳng', 'Bamboo Airways', '  Phổ thông', 20, 2862000),
('BB072020231110', 'TP HCM (SGN)', ' Hà Nội (HAN)', '2023-11-10', '07:20', '09:30', '2h 10m', 'Bay thẳng', 'Bamboo Airways', '  Phổ thông', 20, 2555000),
('BB072020231111', 'TP HCM (SGN)', ' Hà Nội (HAN)', '2023-11-11', '07:20', '09:30', '2h 10m', 'Bay thẳng', 'Bamboo Airways', '  Phổ thông', 20, 2171000),
('BB072020231112', 'TP HCM (SGN)', ' Hà Nội (HAN)', '2023-11-12', '07:20', '09:30', '2h 10m', 'Bay thẳng', 'Bamboo Airways', '  Phổ thông', 20, 2171000),
('BB072020231121', 'TP HCM (SGN)', ' Hà Nội (HAN)', '2023-11-21', '07:20', '09:30', '2h 10m', 'Bay thẳng', 'Bamboo Airways', '  Phổ thông', 20, 2279000),
('BB072020231122', 'TP HCM (SGN)', ' Hà Nội (HAN)', '2023-11-22', '07:20', '09:30', '2h 10m', 'Bay thẳng', 'Bamboo Airways', '  Phổ thông', 20, 2862000),
('BB072020231123', 'TP HCM (SGN)', ' Hà Nội (HAN)', '2023-11-23', '07:20', '09:30', '2h 10m', 'Bay thẳng', 'Bamboo Airways', '  Phổ thông', 20, 2560000),
('BB072020231124', 'TP HCM (SGN)', ' Hà Nội (HAN)', '2023-11-24', '07:20', '09:30', '2h 10m', 'Bay thẳng', 'Bamboo Airways', '  Phổ thông', 20, 2560000),
('BB07202023119', 'TP HCM (SGN)', ' Hà Nội (HAN)', '2023-11-09', '07:20', '09:30', '2h 10m', 'Bay thẳng', 'Bamboo Airways', '  Phổ thông', 20, 3641000),
('BB094020231122', 'TP HCM (SGN)', ' Đà Nẵng (DAD)', '2023-11-22', '09:40', '11:05', '1h 25m', 'Bay thẳng', 'Bamboo Airways', '  Phổ thông', 20, 1188000),
('BB094020231123', 'TP HCM (SGN)', ' Đà Nẵng (DAD)', '2023-11-23', '09:40', '11:05', '1h 25m', 'Bay thẳng', 'Bamboo Airways', '  Phổ thông', 20, 1480000),
('BB094020231124', 'TP HCM (SGN)', ' Đà Nẵng (DAD)', '2023-11-24', '09:40', '11:05', '1h 25m', 'Bay thẳng', 'Bamboo Airways', '  Phổ thông', 20, 1718000),
('BB095020231121', 'TP HCM (SGN)', ' Đà Nẵng (DAD)', '2023-11-21', '09:50', '11:15', '1h 25m', 'Bay thẳng', 'Bamboo Airways', '  Phổ thông', 20, 1188000),
('BB102020231110', 'Hà Nội (HAN)', ' TP HCM (SGN)', '2023-11-10', '10:20', '12:30', '2h 10m', 'Bay thẳng', 'Bamboo Airways', '  Phổ thông', 20, 2279000),
('BB102020231121', 'Hà Nội (HAN)', ' TP HCM (SGN)', '2023-11-21', '10:20', '12:30', '2h 10m', 'Bay thẳng', 'Bamboo Airways', '  Thương gia', 20, 6156000),
('BB102020231123', 'Hà Nội (HAN)', ' TP HCM (SGN)', '2023-11-23', '10:20', '12:30', '2h 10m', 'Bay thẳng', 'Bamboo Airways', '  Phổ thông', 20, 2560000),
('BB102020231124', 'Hà Nội (HAN)', ' TP HCM (SGN)', '2023-11-24', '10:20', '12:30', '2h 10m', 'Bay thẳng', 'Bamboo Airways', '  Phổ thông', 20, 2862000),
('BB103020231124', 'TP HCM (SGN)', ' Hà Nội (HAN)', '2023-11-24', '10:30', '12:40', '2h 10m', 'Bay thẳng', 'Bamboo Airways', '  Phổ thông', 20, 2862000),
('BB104020231111', 'TP HCM (SGN)', ' Hà Nội (HAN)', '2023-11-11', '10:40', '12:50', '2h 10m', 'Bay thẳng', 'Bamboo Airways', '  Phổ thông', 20, 2279000),
('BB104020231112', 'TP HCM (SGN)', ' Hà Nội (HAN)', '2023-11-12', '10:40', '12:50', '2h 10m', 'Bay thẳng', 'Bamboo Airways', '  Phổ thông', 20, 2279000),
('BB104520231111', 'Hà Nội (HAN)', ' TP HCM (SGN)', '2023-11-11', '10:45', '12:55', '2h 10m', 'Bay thẳng', 'Bamboo Airways', '  Phổ thông', 20, 2279000),
('BB130520231111', 'TP HCM (SGN)', ' Hà Nội (HAN)', '2023-11-11', '13:05', '15:15', '2h 10m', 'Bay thẳng', 'Bamboo Airways', '  Phổ thông', 20, 2171000),
('BB130520231112', 'TP HCM (SGN)', ' Hà Nội (HAN)', '2023-11-12', '13:05', '15:15', '2h 10m', 'Bay thẳng', 'Bamboo Airways', '  Phổ thông', 20, 2279000),
('BB132020231121', 'TP HCM (SGN)', ' Hà Nội (HAN)', '2023-11-21', '13:20', '15:30', '2h 10m', 'Bay thẳng', 'Bamboo Airways', '  Phổ thông', 20, 2862000),
('BB132020231123', 'TP HCM (SGN)', ' Hà Nội (HAN)', '2023-11-23', '13:20', '15:30', '2h 10m', 'Bay thẳng', 'Bamboo Airways', '  Phổ thông', 20, 3078000),
('BB132020231124', 'TP HCM (SGN)', ' Hà Nội (HAN)', '2023-11-24', '13:20', '15:30', '2h 10m', 'Bay thẳng', 'Bamboo Airways', '  Phổ thông', 20, 3078000),
('BB132520231110', 'TP HCM (SGN)', ' Hà Nội (HAN)', '2023-11-10', '13:25', '15:35', '2h 10m', 'Bay thẳng', 'Bamboo Airways', '  Phổ thông', 20, 3078000),
('BB13252023119', 'TP HCM (SGN)', ' Hà Nội (HAN)', '2023-11-09', '13:25', '15:35', '2h 10m', 'Bay thẳng', 'Bamboo Airways', '  Thương gia', 20, 9720000),
('BB133520231121', 'Hà Nội (HAN)', ' TP HCM (SGN)', '2023-11-21', '13:35', '15:55', '2h 20m', 'Bay thẳng', 'Bamboo Airways', '  Phổ thông', 20, 3555000),
('BB133520231122', 'Hà Nội (HAN)', ' TP HCM (SGN)', '2023-11-22', '13:35', '15:55', '2h 20m', 'Bay thẳng', 'Bamboo Airways', '  Phổ thông', 20, 3078000),
('BB133520231123', 'Hà Nội (HAN)', ' TP HCM (SGN)', '2023-11-23', '13:35', '15:55', '2h 20m', 'Bay thẳng', 'Bamboo Airways', '  Phổ thông', 20, 2279000),
('BB134020231124', 'Hà Nội (HAN)', ' Đà Lạt (DLI)', '2023-11-24', '13:40', '15:35', '1h 55m', 'Bay thẳng', 'Bamboo Airways', '  Phổ thông', 20, 3248000),
('BB141520231122', 'TP HCM (SGN)', ' Đà Nẵng (DAD)', '2023-11-22', '14:15', '15:40', '1h 25m', 'Bay thẳng', 'Bamboo Airways', '  Phổ thông', 20, 1188000),
('BB141520231123', 'TP HCM (SGN)', ' Đà Nẵng (DAD)', '2023-11-23', '14:15', '15:40', '1h 25m', 'Bay thẳng', 'Bamboo Airways', '  Phổ thông', 20, 1315000),
('BB141520231124', 'TP HCM (SGN)', ' Đà Nẵng (DAD)', '2023-11-24', '14:15', '15:40', '1h 25m', 'Bay thẳng', 'Bamboo Airways', '  Phổ thông', 20, 1455000),
('BB142020231111', 'TP HCM (SGN)', ' Hà Nội (HAN)', '2023-11-11', '14:20', '16:30', '2h 10m', 'Bay thẳng', 'Bamboo Airways', '  Phổ thông', 20, 2171000),
('BB142020231121', 'TP HCM (SGN)', ' Đà Nẵng (DAD)', '2023-11-21', '14:20', '15:45', '1h 25m', 'Bay thẳng', 'Bamboo Airways', '  Phổ thông', 20, 1023000),
('BB143520231110', 'Hà Nội (HAN)', ' TP HCM (SGN)', '2023-11-10', '14:35', '16:50', '2h 15m', 'Bay thẳng', 'Bamboo Airways', '  Phổ thông', 20, 2279000),
('BB143520231111', 'Hà Nội (HAN)', ' TP HCM (SGN)', '2023-11-11', '14:35', '16:50', '2h 15m', 'Bay thẳng', 'Bamboo Airways', '  Phổ thông', 20, 2171000),
('BB143520231112', 'Hà Nội (HAN)', ' TP HCM (SGN)', '2023-11-12', '14:35', '16:50', '2h 15m', 'Bay thẳng', 'Bamboo Airways', '  Phổ thông', 20, 3555000),
('BB144520231110', 'TP HCM (SGN)', ' Đà Nẵng (DAD)', '2023-11-10', '14:45', '16:10', '1h 25m', 'Bay thẳng', 'Bamboo Airways', '  Phổ thông', 20, 1315000),
('BB144520231111', 'TP HCM (SGN)', ' Đà Nẵng (DAD)', '2023-11-11', '14:45', '16:10', '1h 25m', 'Bay thẳng', 'Bamboo Airways', '  Phổ thông', 20, 1023000),
('BB144520231112', 'TP HCM (SGN)', ' Đà Nẵng (DAD)', '2023-11-12', '14:45', '16:10', '1h 25m', 'Bay thẳng', 'Bamboo Airways', '  Phổ thông', 20, 1163000),
('BB14452023119', 'TP HCM (SGN)', ' Đà Nẵng (DAD)', '2023-11-09', '14:45', '16:10', '1h 25m', 'Bay thẳng', 'Bamboo Airways', '  Phổ thông', 20, 1023000),
('BB15152023119', 'Hà Nội (HAN)', ' TP HCM (SGN)', '2023-11-09', '15:15', '17:25', '2h 10m', 'Bay thẳng', 'Bamboo Airways', '  Phổ thông', 20, 2279000),
('BB164020231111', 'Hà Nội (HAN)', ' TP HCM (SGN)', '2023-11-11', '16:40', '18:55', '2h 15m', 'Bay thẳng', 'Bamboo Airways', '  Phổ thông', 20, 2171000),
('BB164020231112', 'Hà Nội (HAN)', ' TP HCM (SGN)', '2023-11-12', '16:40', '18:55', '2h 15m', 'Bay thẳng', 'Bamboo Airways', '  Phổ thông', 20, 3078000),
('BB164020231121', 'Hà Nội (HAN)', ' TP HCM (SGN)', '2023-11-21', '16:40', '18:55', '2h 15m', 'Bay thẳng', 'Bamboo Airways', '  Phổ thông', 20, 3078000),
('BB164020231122', 'Hà Nội (HAN)', ' TP HCM (SGN)', '2023-11-22', '16:40', '18:55', '2h 15m', 'Bay thẳng', 'Bamboo Airways', '  Phổ thông', 20, 2862000),
('BB164020231123', 'Hà Nội (HAN)', ' TP HCM (SGN)', '2023-11-23', '16:40', '18:55', '2h 15m', 'Bay thẳng', 'Bamboo Airways', '  Phổ thông', 20, 2560000),
('BB164020231124', 'Hà Nội (HAN)', ' TP HCM (SGN)', '2023-11-24', '16:40', '18:55', '2h 15m', 'Bay thẳng', 'Bamboo Airways', '  Phổ thông', 20, 2862000),
('BB164520231121', 'TP HCM (SGN)', ' Hà Nội (HAN)', '2023-11-21', '16:45', '18:55', '2h 10m', 'Bay thẳng', 'Bamboo Airways', '  Phổ thông', 20, 2274000),
('BB164520231122', 'TP HCM (SGN)', ' Hà Nội (HAN)', '2023-11-22', '16:45', '18:55', '2h 10m', 'Bay thẳng', 'Bamboo Airways', '  Phổ thông', 20, 2862000),
('BB164520231123', 'TP HCM (SGN)', ' Hà Nội (HAN)', '2023-11-23', '16:45', '18:55', '2h 10m', 'Bay thẳng', 'Bamboo Airways', '  Phổ thông', 20, 3078000),
('BB165520231110', 'Đà Nẵng (DAD)', ' TP HCM (SGN)', '2023-11-10', '16:55', '18:25', '1h 30m', 'Bay thẳng', 'Bamboo Airways', '  Phổ thông', 20, 1693000),
('BB165520231111', 'Đà Nẵng (DAD)', ' TP HCM (SGN)', '2023-11-11', '16:55', '18:25', '1h 30m', 'Bay thẳng', 'Bamboo Airways', '  Phổ thông', 20, 1455000),
('BB165520231112', 'Đà Nẵng (DAD)', ' TP HCM (SGN)', '2023-11-12', '16:55', '18:25', '1h 30m', 'Bay thẳng', 'Bamboo Airways', '  Phổ thông', 20, 2503000),
('BB16552023119', 'Đà Nẵng (DAD)', ' TP HCM (SGN)', '2023-11-09', '16:55', '18:25', '1h 30m', 'Bay thẳng', 'Bamboo Airways', '  Phổ thông', 20, 1693000),
('BB174020231110', 'TP HCM (SGN)', ' Hà Nội (HAN)', '2023-11-10', '17:40', '19:50', '2h 10m', 'Bay thẳng', 'Bamboo Airways', '  Phổ thông', 20, 3555000),
('BB175020231112', 'TP HCM (SGN)', ' Hà Nội (HAN)', '2023-11-12', '17:50', '20:00', '2h 10m', 'Bay thẳng', 'Bamboo Airways', '  Phổ thông', 20, 2171000),
('BB18202023119', 'TP HCM (SGN)', ' Hà Nội (HAN)', '2023-11-09', '18:20', '20:30', '2h 10m', 'Bay thẳng', 'Bamboo Airways', '  Phổ thông', 20, 2560000),
('BB183520231111', 'TP HCM (SGN)', ' Hà Nội (HAN)', '2023-11-11', '18:35', '20:45', '2h 10m', 'Bay thẳng', 'Bamboo Airways', '  Phổ thông', 20, 2166000),
('BB183520231112', 'TP HCM (SGN)', ' Hà Nội (HAN)', '2023-11-12', '18:35', '20:45', '2h 10m', 'Bay thẳng', 'Bamboo Airways', '  Phổ thông', 20, 2166000),
('BB195020231111', 'Hà Nội (HAN)', ' TP HCM (SGN)', '2023-11-11', '19:50', '22:05', '2h 15m', 'Bay thẳng', 'Bamboo Airways', '  Phổ thông', 20, 2020000),
('BB195020231112', 'Hà Nội (HAN)', ' TP HCM (SGN)', '2023-11-12', '19:50', '22:05', '2h 15m', 'Bay thẳng', 'Bamboo Airways', '  Phổ thông', 20, 3078000),
('BB195020231122', 'Hà Nội (HAN)', ' TP HCM (SGN)', '2023-11-22', '19:50', '22:05', '2h 15m', 'Bay thẳng', 'Bamboo Airways', '  Phổ thông', 20, 2555000),
('BB195020231123', 'Hà Nội (HAN)', ' TP HCM (SGN)', '2023-11-23', '19:50', '22:05', '2h 15m', 'Bay thẳng', 'Bamboo Airways', '  Phổ thông', 20, 2166000),
('BB195020231124', 'Hà Nội (HAN)', ' TP HCM (SGN)', '2023-11-24', '19:50', '22:05', '2h 15m', 'Bay thẳng', 'Bamboo Airways', '  Phổ thông', 20, 2862000),
('BB19552023119', 'Hà Nội (HAN)', ' TP HCM (SGN)', '2023-11-09', '19:55', '22:10', '2h 15m', 'Bay thẳng', 'Bamboo Airways', '  Phổ thông', 20, 2171000),
('BB201020231123', 'TP HCM (SGN)', ' Đà Nẵng (DAD)', '2023-11-23', '20:10', '21:35', '1h 25m', 'Bay thẳng', 'Bamboo Airways', '  Phổ thông', 20, 1480000),
('BB201020231124', 'TP HCM (SGN)', ' Đà Nẵng (DAD)', '2023-11-24', '20:10', '21:35', '1h 25m', 'Bay thẳng', 'Bamboo Airways', '  Phổ thông', 20, 1718000),
('BB202020231121', 'TP HCM (SGN)', ' Đà Nẵng (DAD)', '2023-11-21', '20:20', '21:45', '1h 25m', 'Bay thẳng', 'Bamboo Airways', '  Phổ thông', 20, 1188000),
('BB202020231122', 'TP HCM (SGN)', ' Đà Nẵng (DAD)', '2023-11-22', '20:20', '21:45', '1h 25m', 'Bay thẳng', 'Bamboo Airways', '  Phổ thông', 20, 1163000),
('BB203520231110', 'Hà Nội (HAN)', ' TP HCM (SGN)', '2023-11-10', '20:35', '22:50', '2h 15m', 'Bay thẳng', 'Bamboo Airways', '  Phổ thông', 20, 2020000),
('BB20502023118', 'Hà Nội (HAN)', ' TP HCM (SGN)', '2023-11-08', '20:50', '23:05', '2h 15m', 'Bay thẳng', 'Bamboo Airways', '  Phổ thông', 20, 2560000),
('BB212020231111', 'Hà Nội (HAN)', ' TP HCM (SGN)', '2023-11-11', '21:20', '23:30', '2h 10m', 'Bay thẳng', 'Bamboo Airways', '  Phổ thông', 20, 1757000),
('BB212020231112', 'Hà Nội (HAN)', ' TP HCM (SGN)', '2023-11-12', '21:20', '23:30', '2h 10m', 'Bay thẳng', 'Bamboo Airways', '  Phổ thông', 20, 3078000),
('BB21202023119', 'Hà Nội (HAN)', ' TP HCM (SGN)', '2023-11-09', '21:20', '23:30', '2h 10m', 'Bay thẳng', 'Bamboo Airways', '  Phổ thông', 20, 2015000),
('BB213520231110', 'Hà Nội (HAN)', ' TP HCM (SGN)', '2023-11-10', '21:35', '23:45', '2h 10m', 'Bay thẳng', 'Bamboo Airways', '  Phổ thông', 20, 2015000),
('BB225020231123', 'Hà Nội (HAN)', ' TP HCM (SGN)', '2023-11-23', '22:50', 'SGN', '2h 10m', 'Bay thẳng', 'Bamboo Airways', '  Phổ thông', 20, 1995000),
('BB225020231124', 'Hà Nội (HAN)', ' TP HCM (SGN)', '2023-11-24', '22:50', 'SGN', '2h 10m', 'Bay thẳng', 'Bamboo Airways', '  Phổ thông', 20, 2166000),
('BB225520231122', 'TP HCM (SGN)', ' Hà Nội (HAN)', '2023-11-22', '22:55', 'HAN', '2h 10m', 'Bay thẳng', 'Bamboo Airways', '  Phổ thông', 20, 2166000),
('BB225520231123', 'TP HCM (SGN)', ' Hà Nội (HAN)', '2023-11-23', '22:55', 'HAN', '2h 10m', 'Bay thẳng', 'Bamboo Airways', '  Phổ thông', 20, 2274000),
('BB225520231124', 'TP HCM (SGN)', ' Hà Nội (HAN)', '2023-11-24', '22:55', 'HAN', '2h 10m', 'Bay thẳng', 'Bamboo Airways', '  Phổ thông', 20, 2274000),
('BB230020231121', 'Hà Nội (HAN)', ' TP HCM (SGN)', '2023-11-21', '23:00', 'SGN', '2h 10m', 'Bay thẳng', 'Bamboo Airways', '  Phổ thông', 20, 3053000),
('BB23002023119', 'TP HCM (SGN)', ' Hà Nội (HAN)', '2023-11-09', '23:00', 'HAN', '2h 10m', 'Bay thẳng', 'Bamboo Airways', '  Phổ thông', 20, 1995000),
('BB23152023118', 'Hà Nội (HAN)', ' TP HCM (SGN)', '2023-11-08', '23:15', 'SGN', '2h 10m', 'Bay thẳng', 'Bamboo Airways', '  Phổ thông', 20, 1552000),
('BB232020231111', 'TP HCM (SGN)', ' Hà Nội (HAN)', '2023-11-11', '23:20', 'HAN', '2h 15m', 'Bay thẳng', 'Bamboo Airways', '  Phổ thông', 20, 1757000),
('BB232020231112', 'TP HCM (SGN)', ' Hà Nội (HAN)', '2023-11-12', '23:20', 'HAN', '2h 15m', 'Bay thẳng', 'Bamboo Airways', '  Phổ thông', 20, 1757000),
('BB23202023119', 'TP HCM (SGN)', ' Hà Nội (HAN)', '2023-11-09', '23:20', 'HAN', '2h 15m', 'Bay thẳng', 'Bamboo Airways', '  Phổ thông', 20, 2274000),
('BB233520231110', 'TP HCM (SGN)', ' Hà Nội (HAN)', '2023-11-10', '23:35', 'HAN', '2h 15m', 'Bay thẳng', 'Bamboo Airways', '  Phổ thông', 20, 2146000),
('BB23502023118', 'TP HCM (SGN)', ' Hà Nội (HAN)', '2023-11-08', '23:50', 'HAN', '2h 15m', 'Bay thẳng', 'Bamboo Airways', '  Phổ thông', 20, 3616000),
('BB235520231121', 'TP HCM (SGN)', ' Hà Nội (HAN)', '2023-11-21', '23:55', 'HAN', '2h 10m', 'Bay thẳng', 'Bamboo Airways', '  Phổ thông', 20, 2146000),
('BB235520231122', 'TP HCM (SGN)', ' Hà Nội (HAN)', '2023-11-22', '23:55', 'HAN', '2h 20m', 'Bay thẳng', 'Bamboo Airways', '  Phổ thông', 20, 1995000),
('BB235520231123', 'TP HCM (SGN)', ' Hà Nội (HAN)', '2023-11-23', '23:55', 'HAN', '2h 10m', 'Bay thẳng', 'Bamboo Airways', '  Phổ thông', 20, 2146000),
('BB235520231124', 'TP HCM (SGN)', ' Hà Nội (HAN)', '2023-11-24', '23:55', 'HAN', '2h 10m', 'Bay thẳng', 'Bamboo Airways', '  Phổ thông', 20, 2146000),
('VJ050020231110', 'Hà Nội (HAN)', ' TP HCM (SGN)', '2023-11-10', '05:00', '07:10', '2h 10m', 'Bay thẳng', 'VietJet Air', '  Phổ thông', 20, 2124800),
('VJ050020231111', 'Hà Nội (HAN)', ' TP HCM (SGN)', '2023-11-11', '05:00', '07:10', '2h 10m', 'Bay thẳng', 'VietJet Air', '  Phổ thông', 20, 2254400),
('VJ050020231112', 'Hà Nội (HAN)', ' TP HCM (SGN)', '2023-11-12', '05:00', '07:10', '2h 10m', 'Bay thẳng', 'VietJet Air', '  Phổ thông', 20, 1948600),
('VJ050020231122', 'Hà Nội (HAN)', ' TP HCM (SGN)', '2023-11-22', '05:00', '07:10', '2h 10m', 'Bay thẳng', 'VietJet Air', '  Phổ thông', 20, 3420800),
('VJ050020231123', 'Hà Nội (HAN)', ' TP HCM (SGN)', '2023-11-23', '05:00', '07:10', '2h 10m', 'Bay thẳng', 'VietJet Air', '  Phổ thông', 20, 2124800),
('VJ050020231124', 'Hà Nội (HAN)', ' TP HCM (SGN)', '2023-11-24', '05:00', '07:10', '2h 10m', 'Bay thẳng', 'VietJet Air', '  Phổ thông', 20, 2124800),
('VJ05002023119', 'Hà Nội (HAN)', ' TP HCM (SGN)', '2023-11-09', '05:00', '07:10', '2h 10m', 'Bay thẳng', 'VietJet Air', '  Phổ thông', 20, 2124800),
('VJ051520231110', 'TP HCM (SGN)', ' Hà Nội (HAN)', '2023-11-10', '05:15', '07:25', '2h 10m', 'Bay thẳng', 'VietJet Air', '  Phổ thông', 20, 3420800),
('VJ051520231111', 'TP HCM (SGN)', ' Hà Nội (HAN)', '2023-11-11', '05:15', '07:25', '2h 10m', 'Bay thẳng', 'VietJet Air', '  Phổ thông', 20, 2254400),
('VJ051520231112', 'TP HCM (SGN)', ' Hà Nội (HAN)', '2023-11-12', '05:15', '07:25', '2h 10m', 'Bay thẳng', 'VietJet Air', '  Phổ thông', 20, 1887200),
('VJ051520231122', 'TP HCM (SGN)', ' Hà Nội (HAN)', '2023-11-22', '05:15', '07:25', '2h 10m', 'Bay thẳng', 'VietJet Air', '  Phổ thông', 20, 3053600),
('VJ051520231123', 'TP HCM (SGN)', ' Hà Nội (HAN)', '2023-11-23', '05:15', '07:25', '2h 10m', 'Bay thẳng', 'VietJet Air', '  Phổ thông', 20, 2708000),
('VJ051520231124', 'TP HCM (SGN)', ' Hà Nội (HAN)', '2023-11-24', '05:15', '07:25', '2h 10m', 'Bay thẳng', 'VietJet Air', '  Phổ thông', 20, 2880800),
('VJ052520231110', 'TP HCM (SGN)', ' Đà Nẵng (DAD)', '2023-11-10', '05:25', '06:45', '1h 20m', 'Bay thẳng', 'VietJet Air', '  Phổ thông', 20, 1336400),
('VJ052520231112', 'TP HCM (SGN)', ' Đà Nẵng (DAD)', '2023-11-12', '05:25', '06:45', '1h 20m', 'Bay thẳng', 'VietJet Air', '  Phổ thông', 20, 1062200),
('VJ052520231122', 'TP HCM (SGN)', ' Đà Nẵng (DAD)', '2023-11-22', '05:25', '06:45', '1h 20m', 'Bay thẳng', 'VietJet Air', '  Phổ thông', 20, 1077200),
('VJ052520231124', 'TP HCM (SGN)', ' Đà Nẵng (DAD)', '2023-11-24', '05:25', '06:45', '1h 20m', 'Bay thẳng', 'VietJet Air', '  Phổ thông', 20, 1037200),
('VJ053020231110', 'TP HCM (SGN)', ' Đà Lạt (DLI)', '2023-11-10', '05:30', '06:25', '55m Bay', 'thẳng 06:2', 'VietJet Air', '  Phổ thông', 20, 1314800),
('VJ053020231111', 'TP HCM (SGN)', ' Đà Lạt (DLI)', '2023-11-11', '05:30', '06:25', '55m Bay', 'thẳng 06:2', 'VietJet Air', '  Phổ thông', 20, 1530800),
('VJ053020231112', 'TP HCM (SGN)', ' Đà Lạt (DLI)', '2023-11-12', '05:30', '06:25', '55m Bay', 'thẳng 06:2', 'VietJet Air', '  Phổ thông', 20, 626800),
('VJ05302023119', 'TP HCM (SGN)', ' Đà Lạt (DLI)', '2023-11-09', '05:30', '06:25', '55m Bay', 'thẳng 06:2', 'VietJet Air', '  Phổ thông', 20, 842800),
('VJ060020231110', 'Hà Nội (HAN)', ' TP HCM (SGN)', '2023-11-10', '06:00', '08:10', '2h 10m', 'Bay thẳng', 'VietJet Air', '  Phổ thông', 20, 2384000),
('VJ060020231111', 'TP HCM (SGN)', ' Hà Nội (HAN)', '2023-11-11', '06:00', '08:10', '2h 10m', 'Bay thẳng', 'VietJet Air', '  Phổ thông', 20, 2124800),
('VJ060020231112', 'TP HCM (SGN)', ' Hà Nội (HAN)', '2023-11-12', '06:00', '08:10', '2h 10m', 'Bay thẳng', 'VietJet Air', '  Phổ thông', 20, 1887200),
('VJ060020231122', 'TP HCM (SGN)', ' Hà Nội (HAN)', '2023-11-22', '06:00', '08:10', '2h 10m', 'Bay thẳng', 'VietJet Air', '  Phổ thông', 20, 2708000),
('VJ060020231123', 'TP HCM (SGN)', ' Hà Nội (HAN)', '2023-11-23', '06:00', '08:10', '2h 10m', 'Bay thẳng', 'VietJet Air', '  Phổ thông', 20, 2708000),
('VJ060020231124', 'TP HCM (SGN)', ' Hà Nội (HAN)', '2023-11-24', '06:00', '08:10', '2h 10m', 'Bay thẳng', 'VietJet Air', '  Phổ thông', 20, 2708000),
('VJ06002023119', 'Hà Nội (HAN)', ' TP HCM (SGN)', '2023-11-09', '06:00', '08:10', '2h 10m', 'Bay thẳng', 'VietJet Air', '  Phổ thông', 20, 2119800),
('VJ063020231111', 'TP HCM (SGN)', ' Hà Nội (HAN)', '2023-11-11', '06:30', '08:40', '2h 10m', 'Bay thẳng', 'VietJet Air', '  Phổ thông', 20, 2124800),
('VJ063020231112', 'TP HCM (SGN)', ' Hà Nội (HAN)', '2023-11-12', '06:30', '08:40', '2h 10m', 'Bay thẳng', 'VietJet Air', '  Phổ thông', 20, 1872200),
('VJ063020231122', 'TP HCM (SGN)', ' Hà Nội (HAN)', '2023-11-22', '06:30', '08:40', '2h 10m', 'Bay thẳng', 'VietJet Air', '  Phổ thông', 20, 2535200),
('VJ063020231123', 'TP HCM (SGN)', ' Hà Nội (HAN)', '2023-11-23', '06:30', '08:40', '2h 10m', 'Bay thẳng', 'VietJet Air', '  Phổ thông', 20, 2708000),
('VJ063020231124', 'TP HCM (SGN)', ' Hà Nội (HAN)', '2023-11-24', '06:30', '08:40', '2h 10m', 'Bay thẳng', 'VietJet Air', '  Phổ thông', 20, 2384000),
('VJ065020231111', 'Hà Nội (HAN)', ' TP HCM (SGN)', '2023-11-11', '06:50', '08:55', '2h 5m', 'Bay thẳng', 'VietJet Air', '  Phổ thông', 20, 1973600),
('VJ065020231121', 'Hà Nội (HAN)', ' TP HCM (SGN)', '2023-11-21', '06:50', '08:55', '2h 5m', 'Bay thẳng', 'VietJet Air', '  Phổ thông', 20, 3226400),
('VJ06502023119', 'Hà Nội (HAN)', ' TP HCM (SGN)', '2023-11-09', '06:50', '08:55', '2h 5m', 'Bay thẳng', 'VietJet Air', '  Phổ thông', 20, 2119800),
('VJ070020231110', 'Hà Nội (HAN)', ' TP HCM (SGN)', '2023-11-10', '07:00', '09:10', '2h 10m', 'Bay thẳng', 'VietJet Air', '  Phổ thông', 20, 2384000),
('VJ070020231111', 'TP HCM (SGN)', ' Hà Nội (HAN)', '2023-11-11', '07:00', '09:10', '2h 10m', 'Bay thẳng', 'VietJet Air', '  Phổ thông', 20, 1887200),
('VJ070020231112', 'TP HCM (SGN)', ' Hà Nội (HAN)', '2023-11-12', '07:00', '09:10', '2h 10m', 'Bay thẳng', 'VietJet Air', '  Phổ thông', 20, 1559800),
('VJ070020231121', 'TP HCM (SGN)', ' Hà Nội (HAN)', '2023-11-21', '07:00', '09:10', '2h 10m', 'Bay thẳng', 'VietJet Air', '  Phổ thông', 20, 2880800),
('VJ070020231122', 'TP HCM (SGN)', ' Hà Nội (HAN)', '2023-11-22', '07:00', '09:10', '2h 10m', 'Bay thẳng', 'VietJet Air', '  Phổ thông', 20, 1948600),
('VJ070020231123', 'TP HCM (SGN)', ' Hà Nội (HAN)', '2023-11-23', '07:00', '09:10', '2h 10m', 'Bay thẳng', 'VietJet Air', '  Phổ thông', 20, 2708000),
('VJ070020231124', 'TP HCM (SGN)', ' Hà Nội (HAN)', '2023-11-24', '07:00', '09:10', '2h 10m', 'Bay thẳng', 'VietJet Air', '  Phổ thông', 20, 2369000),
('VJ07002023119', 'TP HCM (SGN)', ' Hà Nội (HAN)', '2023-11-09', '07:00', '09:10', '2h 10m', 'Bay thẳng', 'VietJet Air', '  Phổ thông', 20, 2880800),
('VJ070520231110', 'Đà Nẵng (DAD)', ' TP HCM (SGN)', '2023-11-10', '07:05', '08:30', '1h 25m', 'Bay thẳng', 'VietJet Air', '  Phổ thông', 20, 1617200),
('VJ070520231111', 'Đà Nẵng (DAD)', ' TP HCM (SGN)', '2023-11-11', '07:05', '08:30', '1h 25m', 'Bay thẳng', 'VietJet Air', '  Phổ thông', 20, 1703600),
('VJ070520231112', 'Đà Nẵng (DAD)', ' TP HCM (SGN)', '2023-11-12', '07:05', '08:30', '1h 25m', 'Bay thẳng', 'VietJet Air', '  Phổ thông', 20, 1321400),
('VJ07052023119', 'Đà Nẵng (DAD)', ' TP HCM (SGN)', '2023-11-09', '07:05', '08:30', '1h 25m', 'Bay thẳng', 'VietJet Air', '  Phổ thông', 20, 1919600),
('VJ072020231110', 'Đà Nẵng (DAD)', ' TP HCM (SGN)', '2023-11-10', '07:20', '08:45', '1h 25m', 'Bay thẳng', 'VietJet Air', '  Phổ thông', 20, 1602200),
('VJ072020231112', 'Đà Nẵng (DAD)', ' TP HCM (SGN)', '2023-11-12', '07:20', '08:45', '1h 25m', 'Bay thẳng', 'VietJet Air', '  Phổ thông', 20, 1296400),
('VJ072520231110', 'TP HCM (SGN)', ' Đà Nẵng (DAD)', '2023-11-10', '07:25', '08:45', '1h 20m', 'Bay thẳng', 'VietJet Air', '  Phổ thông', 20, 1235000),
('VJ072520231111', 'TP HCM (SGN)', ' Đà Nẵng (DAD)', '2023-11-11', '07:25', '08:45', '1h 20m', 'Bay thẳng', 'VietJet Air', '  Phổ thông', 20, 1509200),
('VJ072520231112', 'TP HCM (SGN)', ' Đà Nẵng (DAD)', '2023-11-12', '07:25', '08:45', '1h 20m', 'Bay thẳng', 'VietJet Air', '  Phổ thông', 20, 1062200),
('VJ072520231122', 'TP HCM (SGN)', ' Đà Nẵng (DAD)', '2023-11-22', '07:25', '08:45', '1h 20m', 'Bay thẳng', 'VietJet Air', '  Phổ thông', 20, 1163600),
('VJ072520231123', 'TP HCM (SGN)', ' Đà Nẵng (DAD)', '2023-11-23', '07:25', '08:45', '1h 20m', 'Bay thẳng', 'VietJet Air', '  Phổ thông', 20, 2049200),
('VJ072520231124', 'TP HCM (SGN)', ' Đà Nẵng (DAD)', '2023-11-24', '07:25', '08:45', '1h 20m', 'Bay thẳng', 'VietJet Air', '  Phổ thông', 20, 1321400),
('VJ080020231121', 'TP HCM (SGN)', ' Đà Nẵng (DAD)', '2023-11-21', '08:00', '09:20', '1h 20m', 'Bay thẳng', 'VietJet Air', '  Phổ thông', 20, 1422800),
('VJ080520231110', 'TP HCM (SGN)', ' Hà Nội (HAN)', '2023-11-10', '08:05', '10:15', '2h 10m', 'Bay thẳng', 'VietJet Air', '  Phổ thông', 20, 3420800),
('VJ080520231111', 'TP HCM (SGN)', ' Hà Nội (HAN)', '2023-11-11', '08:05', '10:15', '2h 10m', 'Bay thẳng', 'VietJet Air', '  Phổ thông', 20, 1973600),
('VJ080520231112', 'TP HCM (SGN)', ' Hà Nội (HAN)', '2023-11-12', '08:05', '10:15', '2h 10m', 'Bay thẳng', 'VietJet Air', '  Phổ thông', 20, 1559800),
('VJ080520231121', 'TP HCM (SGN)', ' Hà Nội (HAN)', '2023-11-21', '08:05', '10:15', '2h 10m', 'Bay thẳng', 'VietJet Air', '  Phổ thông', 20, 2880800),
('VJ080520231122', 'TP HCM (SGN)', ' Hà Nội (HAN)', '2023-11-22', '08:05', '10:15', '2h 10m', 'Bay thẳng', 'VietJet Air', '  Phổ thông', 20, 3226400),
('VJ080520231123', 'TP HCM (SGN)', ' Hà Nội (HAN)', '2023-11-23', '08:05', '10:15', '2h 10m', 'Bay thẳng', 'VietJet Air', '  Phổ thông', 20, 2520200),
('VJ080520231124', 'TP HCM (SGN)', ' Hà Nội (HAN)', '2023-11-24', '08:05', '10:15', '2h 10m', 'Bay thẳng', 'VietJet Air', '  Phổ thông', 20, 2369000),
('VJ08052023119', 'TP HCM (SGN)', ' Hà Nội (HAN)', '2023-11-09', '08:05', '10:15', '2h 10m', 'Bay thẳng', 'VietJet Air', '  Phổ thông', 20, 3053600),
('VJ082020231121', 'Hà Nội (HAN)', ' Đà Lạt (DLI)', '2023-11-21', '08:20', '10:05', '1h 45m', 'Bay thẳng', 'VietJet Air', '  Phổ thông', 20, 3518000),
('VJ082020231122', 'Hà Nội (HAN)', ' Đà Lạt (DLI)', '2023-11-22', '08:20', '10:05', '1h 45m', 'Bay thẳng', 'VietJet Air', '  Phổ thông', 20, 3226400),
('VJ082020231123', 'Hà Nội (HAN)', ' Đà Lạt (DLI)', '2023-11-23', '08:20', '10:05', '1h 45m', 'Bay thẳng', 'VietJet Air', '  Phổ thông', 20, 3053600),
('VJ082020231124', 'Hà Nội (HAN)', ' Đà Lạt (DLI)', '2023-11-24', '08:20', '10:05', '1h 45m', 'Bay thẳng', 'VietJet Air', '  Phổ thông', 20, 2880800),
('VJ084020231110', 'TP HCM (SGN)', ' Hà Nội (HAN)', '2023-11-10', '08:40', '10:50', '2h 10m', 'Bay thẳng', 'VietJet Air', '  Phổ thông', 20, 2880800),
('VJ084020231112', 'TP HCM (SGN)', ' Hà Nội (HAN)', '2023-11-12', '08:40', '10:50', '2h 10m', 'Bay thẳng', 'VietJet Air', '  Phổ thông', 20, 1559800),
('VJ090520231110', 'Hà Nội (HAN)', ' TP HCM (SGN)', '2023-11-10', '09:05', '11:10', '2h 5m', 'Bay thẳng', 'VietJet Air', '  Phổ thông', 20, 2109800),
('VJ090520231111', 'Hà Nội (HAN)', ' TP HCM (SGN)', '2023-11-11', '09:05', '11:10', '2h 5m', 'Bay thẳng', 'VietJet Air', '  Phổ thông', 20, 2708000),
('VJ090520231112', 'Hà Nội (HAN)', ' TP HCM (SGN)', '2023-11-12', '09:05', '11:10', '2h 5m', 'Bay thẳng', 'VietJet Air', '  Phổ thông', 20, 2359000),
('VJ090520231122', 'Hà Nội (HAN)', ' TP HCM (SGN)', '2023-11-22', '09:05', '11:10', '2h 5m', 'Bay thẳng', 'VietJet Air', '  Phổ thông', 20, 2708000),
('VJ090520231123', 'Hà Nội (HAN)', ' TP HCM (SGN)', '2023-11-23', '09:05', '11:10', '2h 5m', 'Bay thẳng', 'VietJet Air', '  Phổ thông', 20, 2124800),
('VJ090520231124', 'Hà Nội (HAN)', ' TP HCM (SGN)', '2023-11-24', '09:05', '11:10', '2h 5m', 'Bay thẳng', 'VietJet Air', '  Phổ thông', 20, 1973600),
('VJ09052023119', 'Hà Nội (HAN)', ' TP HCM (SGN)', '2023-11-09', '09:05', '11:10', '2h 5m', 'Bay thẳng', 'VietJet Air', '  Phổ thông', 20, 2119800),
('VJ092020231110', 'Đà Nẵng (DAD)', ' TP HCM (SGN)', '2023-11-10', '09:20', '10:45', '1h 25m', 'Bay thẳng', 'VietJet Air', '  Phổ thông', 20, 1703600),
('VJ092020231111', 'Đà Nẵng (DAD)', ' TP HCM (SGN)', '2023-11-11', '09:20', '10:45', '1h 25m', 'Bay thẳng', 'VietJet Air', '  Phổ thông', 20, 2049200),
('VJ092020231112', 'Đà Nẵng (DAD)', ' TP HCM (SGN)', '2023-11-12', '09:20', '10:45', '1h 25m', 'Bay thẳng', 'VietJet Air', '  Phổ thông', 20, 1688600),
('VJ092020231123', 'TP HCM (SGN)', ' P. Quốc (PQC)', '2023-11-23', '09:20', '10:20', '1h 0m', 'Bay thẳng', 'VietJet Air', '  Phổ thông', 20, 1898000),
('VJ09202023119', 'Đà Nẵng (DAD)', ' TP HCM (SGN)', '2023-11-09', '09:20', '10:45', '1h 25m', 'Bay thẳng', 'VietJet Air', '  Phổ thông', 20, 1811600),
('VJ092520231121', 'Hà Nội (HAN)', ' TP HCM (SGN)', '2023-11-21', '09:25', '11:25', '2h 0m', 'Bay thẳng', 'VietJet Air', '  Phổ thông', 20, 3518000),
('VJ093020231110', 'TP HCM (SGN)', ' Hà Nội (HAN)', '2023-11-10', '09:30', '11:40', '2h 10m', 'Bay thẳng', 'VietJet Air', '  Phổ thông', 20, 2865800),
('VJ093020231111', 'TP HCM (SGN)', ' Hà Nội (HAN)', '2023-11-11', '09:30', '11:40', '2h 10m', 'Bay thẳng', 'VietJet Air', '  Phổ thông', 20, 1887200),
('VJ093020231112', 'TP HCM (SGN)', ' Hà Nội (HAN)', '2023-11-12', '09:30', '11:40', '2h 10m', 'Bay thẳng', 'VietJet Air', '  Phổ thông', 20, 1559800),
('VJ093020231121', 'TP HCM (SGN)', ' Hà Nội (HAN)', '2023-11-21', '09:30', '11:40', '2h 10m', 'Bay thẳng', 'VietJet Air', '  Phổ thông', 20, 2880800),
('VJ093020231122', 'TP HCM (SGN)', ' Hà Nội (HAN)', '2023-11-22', '09:30', '11:40', '2h 10m', 'Bay thẳng', 'VietJet Air', '  Phổ thông', 20, 2535200),
('VJ093020231123', 'TP HCM (SGN)', ' Hà Nội (HAN)', '2023-11-23', '09:30', '11:40', '2h 10m', 'Bay thẳng', 'VietJet Air', '  Phổ thông', 20, 1933600),
('VJ093020231124', 'TP HCM (SGN)', ' Hà Nội (HAN)', '2023-11-24', '09:30', '11:40', '2h 10m', 'Bay thẳng', 'VietJet Air', '  Phổ thông', 20, 2369000),
('VJ09302023119', 'TP HCM (SGN)', ' Hà Nội (HAN)', '2023-11-09', '09:30', '11:40', '2h 10m', 'Bay thẳng', 'VietJet Air', '  Phổ thông', 20, 2880800),
('VJ094520231111', 'TP HCM (SGN)', ' Hà Nội (HAN)', '2023-11-11', '09:45', '11:55', '2h 10m', 'Bay thẳng', 'VietJet Air', '  Phổ thông', 20, 1677800),
('VJ094520231121', 'TP HCM (SGN)', ' Hà Nội (HAN)', '2023-11-21', '09:45', '11:55', '2h 10m', 'Bay thẳng', 'VietJet Air', '  Phổ thông', 20, 3053600),
('VJ09452023119', 'TP HCM (SGN)', ' Hà Nội (HAN)', '2023-11-09', '09:45', '11:55', '2h 10m', 'Bay thẳng', 'VietJet Air', '  Phổ thông', 20, 2708000),
('VJ095020231121', 'TP HCM (SGN)', ' P. Quốc (PQC)', '2023-11-21', '09:50', '10:50', '1h 0m', 'Bay thẳng', 'VietJet Air', '  Phổ thông', 20, 1163600),
('VJ101020231110', 'TP HCM (SGN)', ' Hà Nội (HAN)', '2023-11-10', '10:10', '12:20', '2h 10m', 'Bay thẳng', 'VietJet Air', '  Phổ thông', 20, 2693000),
('VJ101020231111', 'TP HCM (SGN)', ' Hà Nội (HAN)', '2023-11-11', '10:10', '12:20', '2h 10m', 'Bay thẳng', 'VietJet Air', '  Phổ thông', 20, 1887200),
('VJ101020231112', 'TP HCM (SGN)', ' Hà Nội (HAN)', '2023-11-12', '10:10', '12:20', '2h 10m', 'Bay thẳng', 'VietJet Air', '  Phổ thông', 20, 1544800),
('VJ101020231122', 'TP HCM (SGN)', ' Hà Nội (HAN)', '2023-11-22', '10:10', '12:20', '2h 10m', 'Bay thẳng', 'VietJet Air', '  Phổ thông', 20, 2530200),
('VJ101020231123', 'TP HCM (SGN)', ' Hà Nội (HAN)', '2023-11-23', '10:10', '12:20', '2h 10m', 'Bay thẳng', 'VietJet Air', '  Phổ thông', 20, 2520200),
('VJ101020231124', 'TP HCM (SGN)', ' Hà Nội (HAN)', '2023-11-24', '10:10', '12:20', '2h 10m', 'Bay thẳng', 'VietJet Air', '  Phổ thông', 20, 2369000),
('VJ10102023119', 'TP HCM (SGN)', ' Hà Nội (HAN)', '2023-11-09', '10:10', '12:20', '2h 10m', 'Bay thẳng', 'VietJet Air', '  Phổ thông', 20, 2880800),
('VJ101520231121', 'TP HCM (SGN)', ' P. Quốc (PQC)', '2023-11-21', '10:15', '11:15', '1h 0m', 'Bay thẳng', 'VietJet Air', '  Phổ thông', 20, 1158600),
('VJ101520231122', 'TP HCM (SGN)', ' P. Quốc (PQC)', '2023-11-22', '10:15', '11:15', '1h 0m', 'Bay thẳng', 'VietJet Air', '  Phổ thông', 20, 1223400),
('VJ105020231121', 'Hà Nội (HAN)', ' P. Quốc (PQC)', '2023-11-21', '10:50', '12:55', '2h 5m', 'Bay thẳng', 'VietJet Air', '  Phổ thông', 20, 4072000),
('VJ105020231122', 'Hà Nội (HAN)', ' P. Quốc (PQC)', '2023-11-22', '10:50', '12:55', '2h 5m', 'Bay thẳng', 'VietJet Air', '  Phổ thông', 20, 2859200),
('VJ105020231124', 'Hà Nội (HAN)', ' P. Quốc (PQC)', '2023-11-24', '10:50', '12:55', '2h 5m', 'Bay thẳng', 'VietJet Air', '  Phổ thông', 20, 2513600),
('VJ110520231110', 'TP HCM (SGN)', ' Đà Nẵng (DAD)', '2023-11-10', '11:05', '12:25', '1h 20m', 'Bay thẳng', 'VietJet Air', '  Phổ thông', 20, 1422800),
('VJ110520231111', 'TP HCM (SGN)', ' Đà Nẵng (DAD)', '2023-11-11', '11:05', '12:25', '1h 20m', 'Bay thẳng', 'VietJet Air', '  Phổ thông', 20, 1422800),
('VJ110520231112', 'TP HCM (SGN)', ' Đà Nẵng (DAD)', '2023-11-12', '11:05', '12:25', '1h 20m', 'Bay thẳng', 'VietJet Air', '  Phổ thông', 20, 1509200),
('VJ110520231121', 'TP HCM (SGN)', ' Đà Nẵng (DAD)', '2023-11-21', '11:05', '12:25', '1h 20m', 'Bay thẳng', 'VietJet Air', '  Phổ thông', 20, 1336400),
('VJ110520231122', 'Hà Nội (HAN)', ' TP HCM (SGN)', '2023-11-22', '11:05', '13:15', '2h 10m', 'Bay thẳng', 'VietJet Air', '  Phổ thông', 20, 2708000),
('VJ110520231123', 'Hà Nội (HAN)', ' TP HCM (SGN)', '2023-11-23', '11:05', '13:15', '2h 10m', 'Bay thẳng', 'VietJet Air', '  Phổ thông', 20, 2124800),
('VJ110520231124', 'Hà Nội (HAN)', ' TP HCM (SGN)', '2023-11-24', '11:05', '13:15', '2h 10m', 'Bay thẳng', 'VietJet Air', '  Phổ thông', 20, 1973600),
('VJ11052023119', 'TP HCM (SGN)', ' Đà Nẵng (DAD)', '2023-11-09', '11:05', '12:25', '1h 20m', 'Bay thẳng', 'VietJet Air', '  Phổ thông', 20, 1336400),
('VJ112520231110', 'TP HCM (SGN)', ' Hà Nội (HAN)', '2023-11-10', '11:25', '13:35', '2h 10m', 'Bay thẳng', 'VietJet Air', '  Phổ thông', 20, 2693000),
('VJ112520231111', 'TP HCM (SGN)', ' Hà Nội (HAN)', '2023-11-11', '11:25', '13:35', '2h 10m', 'Bay thẳng', 'VietJet Air', '  Phổ thông', 20, 1973600),
('VJ112520231112', 'TP HCM (SGN)', ' Hà Nội (HAN)', '2023-11-12', '11:25', '13:35', '2h 10m', 'Bay thẳng', 'VietJet Air', '  Phổ thông', 20, 1872200),
('VJ112520231122', 'TP HCM (SGN)', ' Hà Nội (HAN)', '2023-11-22', '11:25', '13:35', '2h 10m', 'Bay thẳng', 'VietJet Air', '  Phổ thông', 20, 2530200),
('VJ112520231123', 'TP HCM (SGN)', ' Hà Nội (HAN)', '2023-11-23', '11:25', '13:35', '2h 10m', 'Bay thẳng', 'VietJet Air', '  Phổ thông', 20, 2520200),
('VJ112520231124', 'TP HCM (SGN)', ' Hà Nội (HAN)', '2023-11-24', '11:25', '13:35', '2h 10m', 'Bay thẳng', 'VietJet Air', '  Phổ thông', 20, 2369000),
('VJ11252023119', 'TP HCM (SGN)', ' Hà Nội (HAN)', '2023-11-09', '11:25', '13:35', '2h 10m', 'Bay thẳng', 'VietJet Air', '  Phổ thông', 20, 2708000),
('VJ113020231110', 'Hà Nội (HAN)', ' TP HCM (SGN)', '2023-11-10', '11:30', '13:40', '2h 10m', 'Bay thẳng', 'VietJet Air', '  Phổ thông', 20, 2109800),
('VJ113020231112', 'Hà Nội (HAN)', ' TP HCM (SGN)', '2023-11-12', '11:30', '13:40', '2h 10m', 'Bay thẳng', 'VietJet Air', '  Phổ thông', 20, 2693000),
('VJ115520231121', 'TP HCM (SGN)', ' Hà Nội (HAN)', '2023-11-21', '11:55', '14:00', '2h 5m', 'Bay thẳng', 'VietJet Air', '  Phổ thông', 20, 2880800),
('VJ121520231110', 'Hà Nội (HAN)', ' TP HCM (SGN)', '2023-11-10', '12:15', '14:25', '2h 10m', 'Bay thẳng', 'VietJet Air', '  Phổ thông', 20, 2109800),
('VJ121520231111', 'Hà Nội (HAN)', ' TP HCM (SGN)', '2023-11-11', '12:15', '14:25', '2h 10m', 'Bay thẳng', 'VietJet Air', '  Phổ thông', 20, 1677800),
('VJ121520231112', 'Hà Nội (HAN)', ' TP HCM (SGN)', '2023-11-12', '12:15', '14:25', '2h 10m', 'Bay thẳng', 'VietJet Air', '  Phổ thông', 20, 2865800),
('VJ121520231122', 'Hà Nội (HAN)', ' TP HCM (SGN)', '2023-11-22', '12:15', '14:25', '2h 10m', 'Bay thẳng', 'VietJet Air', '  Phổ thông', 20, 2530200),
('VJ121520231123', 'Hà Nội (HAN)', ' TP HCM (SGN)', '2023-11-23', '12:15', '14:25', '2h 10m', 'Bay thẳng', 'VietJet Air', '  Phổ thông', 20, 2124800),
('VJ121520231124', 'Hà Nội (HAN)', ' TP HCM (SGN)', '2023-11-24', '12:15', '14:25', '2h 10m', 'Bay thẳng', 'VietJet Air', '  Phổ thông', 20, 1958600),
('VJ12152023119', 'Hà Nội (HAN)', ' TP HCM (SGN)', '2023-11-09', '12:15', '14:25', '2h 10m', 'Bay thẳng', 'VietJet Air', '  Phổ thông', 20, 2119800),
('VJ122020231110', 'Đà Nẵng (DAD)', ' TP HCM (SGN)', '2023-11-10', '12:20', '13:45', '1h 25m', 'Bay thẳng', 'VietJet Air', '  Phổ thông', 20, 1602200),
('VJ122020231111', 'Đà Nẵng (DAD)', ' TP HCM (SGN)', '2023-11-11', '12:20', '13:45', '1h 25m', 'Bay thẳng', 'VietJet Air', '  Phổ thông', 20, 1494200),
('VJ122020231112', 'Đà Nẵng (DAD)', ' TP HCM (SGN)', '2023-11-12', '12:20', '13:45', '1h 25m', 'Bay thẳng', 'VietJet Air', '  Phổ thông', 20, 1811600),
('VJ122020231121', 'TP HCM (SGN)', ' P. Quốc (PQC)', '2023-11-21', '12:20', '13:20', '1h 0m', 'Bay thẳng', 'VietJet Air', '  Phổ thông', 20, 1123600),
('VJ122020231122', 'TP HCM (SGN)', ' P. Quốc (PQC)', '2023-11-22', '12:20', '13:20', '1h 0m', 'Bay thẳng', 'VietJet Air', '  Phổ thông', 20, 1314800),
('VJ122020231123', 'TP HCM (SGN)', ' P. Quốc (PQC)', '2023-11-23', '12:20', '13:20', '1h 0m', 'Bay thẳng', 'VietJet Air', '  Phổ thông', 20, 1883000),
('VJ12202023119', 'Đà Nẵng (DAD)', ' TP HCM (SGN)', '2023-11-09', '12:20', '13:45', '1h 25m', 'Bay thẳng', 'VietJet Air', '  Phổ thông', 20, 1617200),
('VJ123020231110', 'Hà Nội (HAN)', ' TP HCM (SGN)', '2023-11-10', '12:30', '14:40', '2h 10m', 'Bay thẳng', 'VietJet Air', '  Phổ thông', 20, 2109800),
('VJ123020231111', 'Hà Nội (HAN)', ' TP HCM (SGN)', '2023-11-11', '12:30', '14:40', '2h 10m', 'Bay thẳng', 'VietJet Air', '  Phổ thông', 20, 1677800),
('VJ123020231112', 'Hà Nội (HAN)', ' TP HCM (SGN)', '2023-11-12', '12:30', '14:40', '2h 10m', 'Bay thẳng', 'VietJet Air', '  Phổ thông', 20, 2865800),
('VJ123020231121', 'Hà Nội (HAN)', ' TP HCM (SGN)', '2023-11-21', '12:30', '14:40', '2h 10m', 'Bay thẳng', 'VietJet Air', '  Phổ thông', 20, 3226400),
('VJ123020231122', 'Hà Nội (HAN)', ' TP HCM (SGN)', '2023-11-22', '12:30', '14:40', '2h 10m', 'Bay thẳng', 'VietJet Air', '  Phổ thông', 20, 2530200),
('VJ123020231123', 'Hà Nội (HAN)', ' TP HCM (SGN)', '2023-11-23', '12:30', '14:40', '2h 10m', 'Bay thẳng', 'VietJet Air', '  Phổ thông', 20, 2124800),
('VJ123020231124', 'Hà Nội (HAN)', ' TP HCM (SGN)', '2023-11-24', '12:30', '14:40', '2h 10m', 'Bay thẳng', 'VietJet Air', '  Phổ thông', 20, 1958600),
('VJ12302023119', 'Hà Nội (HAN)', ' TP HCM (SGN)', '2023-11-09', '12:30', '14:40', '2h 10m', 'Bay thẳng', 'VietJet Air', '  Phổ thông', 20, 2880800),
('VJ125020231111', 'Hà Nội (HAN)', ' TP HCM (SGN)', '2023-11-11', '12:50', '14:55', '2h 5m', 'Bay thẳng', 'VietJet Air', '  Phổ thông', 20, 1677800),
('VJ12502023119', 'Hà Nội (HAN)', ' TP HCM (SGN)', '2023-11-09', '12:50', '14:55', '2h 5m', 'Bay thẳng', 'VietJet Air', '  Phổ thông', 20, 2119800),
('VJ125520231110', 'TP HCM (SGN)', ' Hà Nội (HAN)', '2023-11-10', '12:55', '15:05', '2h 10m', 'Bay thẳng', 'VietJet Air', '  Phổ thông', 20, 2693000),
('VJ125520231111', 'TP HCM (SGN)', ' Hà Nội (HAN)', '2023-11-11', '12:55', '15:05', '2h 10m', 'Bay thẳng', 'VietJet Air', '  Phổ thông', 20, 1872200),
('VJ125520231112', 'TP HCM (SGN)', ' Hà Nội (HAN)', '2023-11-12', '12:55', '15:05', '2h 10m', 'Bay thẳng', 'VietJet Air', '  Phổ thông', 20, 1872200),
('VJ125520231121', 'TP HCM (SGN)', ' Hà Nội (HAN)', '2023-11-21', '12:55', '15:05', '2h 10m', 'Bay thẳng', 'VietJet Air', '  Phổ thông', 20, 2530200),
('VJ125520231122', 'TP HCM (SGN)', ' Hà Nội (HAN)', '2023-11-22', '12:55', '15:05', '2h 10m', 'Bay thẳng', 'VietJet Air', '  Phổ thông', 20, 2379000),
('VJ125520231123', 'TP HCM (SGN)', ' Hà Nội (HAN)', '2023-11-23', '12:55', '15:05', '2h 10m', 'Bay thẳng', 'VietJet Air', '  Phổ thông', 20, 2369000),
('VJ125520231124', 'TP HCM (SGN)', ' Hà Nội (HAN)', '2023-11-24', '12:55', '15:05', '2h 10m', 'Bay thẳng', 'VietJet Air', '  Phổ thông', 20, 2369000),
('VJ12552023119', 'TP HCM (SGN)', ' Hà Nội (HAN)', '2023-11-09', '12:55', '15:05', '2h 10m', 'Bay thẳng', 'VietJet Air', '  Phổ thông', 20, 2530200),
('VJ130020231121', 'Hà Nội (HAN)', ' TP HCM (SGN)', '2023-11-21', '13:00', '15:10', '2h 10m', 'Bay thẳng', 'VietJet Air', '  Phổ thông', 20, 3221400),
('VJ130020231122', 'TP HCM (SGN)', ' P. Quốc (PQC)', '2023-11-22', '13:00', '14:00', '1h 0m', 'Bay thẳng', 'VietJet Air', '  Phổ thông', 20, 1188400),
('VJ130020231123', 'TP HCM (SGN)', ' P. Quốc (PQC)', '2023-11-23', '13:00', '14:00', '1h 0m', 'Bay thẳng', 'VietJet Air', '  Phổ thông', 20, 1858000),
('VJ130520231110', 'Đà Nẵng (DAD)', ' TP HCM (SGN)', '2023-11-10', '13:05', '14:30', '1h 25m', 'Bay thẳng', 'VietJet Air', '  Phổ thông', 20, 1602200),
('VJ130520231111', 'Đà Nẵng (DAD)', ' TP HCM (SGN)', '2023-11-11', '13:05', '14:30', '1h 25m', 'Bay thẳng', 'VietJet Air', '  Phổ thông', 20, 1494200),
('VJ130520231112', 'Đà Nẵng (DAD)', ' TP HCM (SGN)', '2023-11-12', '13:05', '14:30', '1h 25m', 'Bay thẳng', 'VietJet Air', '  Phổ thông', 20, 1811600),
('VJ13052023119', 'Đà Nẵng (DAD)', ' TP HCM (SGN)', '2023-11-09', '13:05', '14:30', '1h 25m', 'Bay thẳng', 'VietJet Air', '  Phổ thông', 20, 1504200),
('VJ132020231110', 'TP HCM (SGN)', ' Hà Nội (HAN)', '2023-11-10', '13:20', '15:30', '2h 10m', 'Bay thẳng', 'VietJet Air', '  Phổ thông', 20, 2693000),
('VJ132020231111', 'TP HCM (SGN)', ' Hà Nội (HAN)', '2023-11-11', '13:20', '15:30', '2h 10m', 'Bay thẳng', 'VietJet Air', '  Phổ thông', 20, 1677800),
('VJ132020231112', 'TP HCM (SGN)', ' Hà Nội (HAN)', '2023-11-12', '13:20', '15:30', '2h 10m', 'Bay thẳng', 'VietJet Air', '  Phổ thông', 20, 1872200),
('VJ132020231122', 'TP HCM (SGN)', ' Hà Nội (HAN)', '2023-11-22', '13:20', '15:30', '2h 10m', 'Bay thẳng', 'VietJet Air', '  Phổ thông', 20, 2379000),
('VJ132020231123', 'TP HCM (SGN)', ' Hà Nội (HAN)', '2023-11-23', '13:20', '15:30', '2h 10m', 'Bay thẳng', 'VietJet Air', '  Phổ thông', 20, 2239400),
('VJ132020231124', 'TP HCM (SGN)', ' Hà Nội (HAN)', '2023-11-24', '13:20', '15:30', '2h 10m', 'Bay thẳng', 'VietJet Air', '  Phổ thông', 20, 2369000),
('VJ13202023119', 'TP HCM (SGN)', ' Hà Nội (HAN)', '2023-11-09', '13:20', '15:30', '2h 10m', 'Bay thẳng', 'VietJet Air', '  Phổ thông', 20, 2530200),
('VJ134520231121', 'TP HCM (SGN)', ' Hà Nội (HAN)', '2023-11-21', '13:45', '15:55', '2h 10m', 'Bay thẳng', 'VietJet Air', '  Phổ thông', 20, 2530200),
('VJ135520231110', 'TP HCM (SGN)', ' Hà Nội (HAN)', '2023-11-10', '13:55', '16:10', '2h 15m', 'Bay thẳng', 'VietJet Air', '  Phổ thông', 20, 2693000),
('VJ135520231111', 'TP HCM (SGN)', ' Hà Nội (HAN)', '2023-11-11', '13:55', '16:10', '2h 15m', 'Bay thẳng', 'VietJet Air', '  Phổ thông', 20, 1569800),
('VJ135520231112', 'TP HCM (SGN)', ' Hà Nội (HAN)', '2023-11-12', '13:55', '16:10', '2h 15m', 'Bay thẳng', 'VietJet Air', '  Phổ thông', 20, 1872200),
('VJ135520231121', 'TP HCM (SGN)', ' Hà Nội (HAN)', '2023-11-21', '13:55', '16:10', '2h 15m', 'Bay thẳng', 'VietJet Air', '  Phổ thông', 20, 3518000),
('VJ135520231122', 'TP HCM (SGN)', ' Hà Nội (HAN)', '2023-11-22', '13:55', '16:10', '2h 15m', 'Bay thẳng', 'VietJet Air', '  Phổ thông', 20, 2379000),
('VJ135520231123', 'TP HCM (SGN)', ' Hà Nội (HAN)', '2023-11-23', '13:55', '16:10', '2h 15m', 'Bay thẳng', 'VietJet Air', '  Phổ thông', 20, 2239400),
('VJ135520231124', 'TP HCM (SGN)', ' Hà Nội (HAN)', '2023-11-24', '13:55', '16:10', '2h 15m', 'Bay thẳng', 'VietJet Air', '  Phổ thông', 20, 2369000),
('VJ13552023119', 'TP HCM (SGN)', ' Hà Nội (HAN)', '2023-11-09', '13:55', '16:10', '2h 15m', 'Bay thẳng', 'VietJet Air', '  Phổ thông', 20, 2379000),
('VJ141020231110', 'Hà Nội (HAN)', ' TP HCM (SGN)', '2023-11-10', '14:10', '16:20', '2h 10m', 'Bay thẳng', 'VietJet Air', '  Phổ thông', 20, 2254400),
('VJ141020231111', 'Hà Nội (HAN)', ' TP HCM (SGN)', '2023-11-11', '14:10', '16:20', '2h 10m', 'Bay thẳng', 'VietJet Air', '  Phổ thông', 20, 1872200),
('VJ141020231112', 'Hà Nội (HAN)', ' TP HCM (SGN)', '2023-11-12', '14:10', '16:20', '2h 10m', 'Bay thẳng', 'VietJet Air', '  Phổ thông', 20, 3211400),
('VJ141020231122', 'Hà Nội (HAN)', ' TP HCM (SGN)', '2023-11-22', '14:10', '16:20', '2h 10m', 'Bay thẳng', 'VietJet Air', '  Phổ thông', 20, 2379000),
('VJ141020231123', 'Hà Nội (HAN)', ' TP HCM (SGN)', '2023-11-23', '14:10', '16:20', '2h 10m', 'Bay thẳng', 'VietJet Air', '  Phổ thông', 20, 2109800),
('VJ141020231124', 'Hà Nội (HAN)', ' TP HCM (SGN)', '2023-11-24', '14:10', '16:20', '2h 10m', 'Bay thẳng', 'VietJet Air', '  Phổ thông', 20, 2124800),
('VJ14102023119', 'Hà Nội (HAN)', ' TP HCM (SGN)', '2023-11-09', '14:10', '16:20', '2h 10m', 'Bay thẳng', 'VietJet Air', '  Phổ thông', 20, 2119800),
('VJ142020231110', 'TP HCM (SGN)', ' Đà Nẵng (DAD)', '2023-11-10', '14:20', '15:40', '1h 20m', 'Bay thẳng', 'VietJet Air', '  Phổ thông', 20, 1235000),
('VJ142020231111', 'TP HCM (SGN)', ' Đà Nẵng (DAD)', '2023-11-11', '14:20', '15:40', '1h 20m', 'Bay thẳng', 'VietJet Air', '  Phổ thông', 20, 1077200),
('VJ142020231112', 'TP HCM (SGN)', ' Đà Nẵng (DAD)', '2023-11-12', '14:20', '15:40', '1h 20m', 'Bay thẳng', 'VietJet Air', '  Phổ thông', 20, 1037200),
('VJ142020231122', 'TP HCM (SGN)', ' Đà Nẵng (DAD)', '2023-11-22', '14:20', '15:40', '1h 20m', 'Bay thẳng', 'VietJet Air', '  Phổ thông', 20, 1072200),
('VJ142520231110', 'TP HCM (SGN)', ' Hà Nội (HAN)', '2023-11-10', '14:25', '16:35', '2h 10m', 'Bay thẳng', 'VietJet Air', '  Phổ thông', 20, 2693000),
('VJ142520231111', 'TP HCM (SGN)', ' Hà Nội (HAN)', '2023-11-11', '14:25', '16:35', '2h 10m', 'Bay thẳng', 'VietJet Air', '  Phổ thông', 20, 1872200),
('VJ142520231112', 'TP HCM (SGN)', ' Hà Nội (HAN)', '2023-11-12', '14:25', '16:35', '2h 10m', 'Bay thẳng', 'VietJet Air', '  Phổ thông', 20, 1872200),
('VJ142520231121', 'TP HCM (SGN)', ' Hà Nội (HAN)', '2023-11-21', '14:25', '16:35', '2h 10m', 'Bay thẳng', 'VietJet Air', '  Phổ thông', 20, 2530200),
('VJ142520231122', 'TP HCM (SGN)', ' Hà Nội (HAN)', '2023-11-22', '14:25', '16:35', '2h 10m', 'Bay thẳng', 'VietJet Air', '  Phổ thông', 20, 1933600),
('VJ142520231123', 'TP HCM (SGN)', ' Hà Nội (HAN)', '2023-11-23', '14:25', '16:35', '2h 10m', 'Bay thẳng', 'VietJet Air', '  Phổ thông', 20, 2239400),
('VJ142520231124', 'TP HCM (SGN)', ' Hà Nội (HAN)', '2023-11-24', '14:25', '16:35', '2h 10m', 'Bay thẳng', 'VietJet Air', '  Phổ thông', 20, 2229400),
('VJ14252023119', 'TP HCM (SGN)', ' Đà Nẵng (DAD)', '2023-11-09', '14:25', '15:40', '1h 15m', 'Bay thẳng', 'VietJet Air', '  Phổ thông', 20, 1245000),
('VJ144020231110', 'TP HCM (SGN)', ' Đà Nẵng (DAD)', '2023-11-10', '14:40', '16:00', '1h 20m', 'Bay thẳng', 'VietJet Air', '  Phổ thông', 20, 1210000),
('VJ144020231111', 'TP HCM (SGN)', ' Đà Nẵng (DAD)', '2023-11-11', '14:40', '16:00', '1h 20m', 'Bay thẳng', 'VietJet Air', '  Phổ thông', 20, 1062200),
('VJ144020231112', 'TP HCM (SGN)', ' Đà Nẵng (DAD)', '2023-11-12', '14:40', '16:00', '1h 20m', 'Bay thẳng', 'VietJet Air', '  Phổ thông', 20, 1148600),
('VJ144020231121', 'TP HCM (SGN)', ' Đà Nẵng (DAD)', '2023-11-21', '14:40', '16:00', '1h 20m', 'Bay thẳng', 'VietJet Air', '  Phổ thông', 20, 950800),
('VJ144020231122', 'TP HCM (SGN)', ' Đà Nẵng (DAD)', '2023-11-22', '14:40', '16:00', '1h 20m', 'Bay thẳng', 'VietJet Air', '  Phổ thông', 20, 985800),
('VJ144020231123', 'TP HCM (SGN)', ' Đà Nẵng (DAD)', '2023-11-23', '14:40', '16:00', '1h 20m', 'Bay thẳng', 'VietJet Air', '  Phổ thông', 20, 1796600),
('VJ144020231124', 'TP HCM (SGN)', ' Đà Nẵng (DAD)', '2023-11-24', '14:40', '16:00', '1h 20m', 'Bay thẳng', 'VietJet Air', '  Phổ thông', 20, 1509200),
('VJ14402023119', 'TP HCM (SGN)', ' Đà Nẵng (DAD)', '2023-11-09', '14:40', '16:00', '1h 20m', 'Bay thẳng', 'VietJet Air', '  Phổ thông', 20, 1336400),
('VJ145020231121', 'TP HCM (SGN)', ' Hà Nội (HAN)', '2023-11-21', '14:50', '16:50', '2h 0m', 'Bay thẳng', 'VietJet Air', '  Phổ thông', 20, 2229400),
('VJ145020231123', 'TP HCM (SGN)', ' Hà Nội (HAN)', '2023-11-23', '14:50', '16:50', '2h 0m', 'Bay thẳng', 'VietJet Air', '  Phổ thông', 20, 2239400),
('VJ14502023119', 'TP HCM (SGN)', ' Hà Nội (HAN)', '2023-11-09', '14:50', '16:50', '2h 0m', 'Bay thẳng', 'VietJet Air', '  Phổ thông', 20, 2359000),
('VJ145520231110', 'Hà Nội (HAN)', ' TP HCM (SGN)', '2023-11-10', '14:55', '17:10', '2h 15m', 'Bay thẳng', 'VietJet Air', '  Phổ thông', 20, 2109800),
('VJ145520231111', 'Hà Nội (HAN)', ' TP HCM (SGN)', '2023-11-11', '14:55', '17:05', '2h 10m', 'Bay thẳng', 'VietJet Air', '  Phổ thông', 20, 1872200),
('VJ145520231123', 'Hà Nội (HAN)', ' TP HCM (SGN)', '2023-11-23', '14:55', '17:10', '2h 15m', 'Bay thẳng', 'VietJet Air', '  Phổ thông', 20, 2109800),
('VJ145520231124', 'Hà Nội (HAN)', ' TP HCM (SGN)', '2023-11-24', '14:55', '17:10', '2h 15m', 'Bay thẳng', 'VietJet Air', '  Phổ thông', 20, 1958600),
('VJ14552023119', 'Hà Nội (HAN)', ' TP HCM (SGN)', '2023-11-09', '14:55', '17:00', '2h 5m', 'Bay thẳng', 'VietJet Air', '  Phổ thông', 20, 2119800),
('VJ150020231112', 'Hà Nội (HAN)', ' TP HCM (SGN)', '2023-11-12', '15:00', '17:10', '2h 10m', 'Bay thẳng', 'VietJet Air', '  Phổ thông', 20, 3518000),
('VJ150020231122', 'Hà Nội (HAN)', ' TP HCM (SGN)', '2023-11-22', '15:00', '17:10', '2h 10m', 'Bay thẳng', 'VietJet Air', '  Phổ thông', 20, 2379000),
('VJ152020231110', 'TP HCM (SGN)', ' Hà Nội (HAN)', '2023-11-10', '15:20', '17:30', '2h 10m', 'Bay thẳng', 'VietJet Air', '  Phổ thông', 20, 2693000),
('VJ152020231111', 'TP HCM (SGN)', ' Hà Nội (HAN)', '2023-11-11', '15:20', '17:30', '2h 10m', 'Bay thẳng', 'VietJet Air', '  Phổ thông', 20, 1569800),
('VJ152020231112', 'TP HCM (SGN)', ' Hà Nội (HAN)', '2023-11-12', '15:20', '17:30', '2h 10m', 'Bay thẳng', 'VietJet Air', '  Phổ thông', 20, 1872200),
('VJ152020231121', 'TP HCM (SGN)', ' Hà Nội (HAN)', '2023-11-21', '15:20', '17:30', '2h 10m', 'Bay thẳng', 'VietJet Air', '  Phổ thông', 20, 2379000);
INSERT INTO `flight` (`ID`, `From`, `To`, `Date`, `DepartureTime`, `ArrivalTime`, `TravelTime`, `Stop/Direct`, `Name`, `SeatClass`, `NumSeat`, `Price`) VALUES
('VJ152020231122', 'TP HCM (SGN)', ' Hà Nội (HAN)', '2023-11-22', '15:20', '17:30', '2h 10m', 'Bay thẳng', 'VietJet Air', '  Phổ thông', 20, 2379000),
('VJ152020231123', 'TP HCM (SGN)', ' Hà Nội (HAN)', '2023-11-23', '15:20', '17:30', '2h 10m', 'Bay thẳng', 'VietJet Air', '  Phổ thông', 20, 2099800),
('VJ152020231124', 'TP HCM (SGN)', ' Hà Nội (HAN)', '2023-11-24', '15:20', '17:30', '2h 10m', 'Bay thẳng', 'VietJet Air', '  Phổ thông', 20, 2369000),
('VJ15202023119', 'TP HCM (SGN)', ' Hà Nội (HAN)', '2023-11-09', '15:20', '17:30', '2h 10m', 'Bay thẳng', 'VietJet Air', '  Phổ thông', 20, 2703000),
('VJ153020231110', 'TP HCM (SGN)', ' Hà Nội (HAN)', '2023-11-10', '15:30', '17:40', '2h 10m', 'Bay thẳng', 'VietJet Air', '  Phổ thông', 20, 2510200),
('VJ153020231111', 'TP HCM (SGN)', ' Hà Nội (HAN)', '2023-11-11', '15:30', '17:40', '2h 10m', 'Bay thẳng', 'VietJet Air', '  Phổ thông', 20, 1569800),
('VJ153020231112', 'TP HCM (SGN)', ' Hà Nội (HAN)', '2023-11-12', '15:30', '17:40', '2h 10m', 'Bay thẳng', 'VietJet Air', '  Phổ thông', 20, 1872200),
('VJ153020231121', 'TP HCM (SGN)', ' Hà Nội (HAN)', '2023-11-21', '15:30', '17:40', '2h 10m', 'Bay thẳng', 'VietJet Air', '  Phổ thông', 20, 2379000),
('VJ153020231122', 'TP HCM (SGN)', ' Hà Nội (HAN)', '2023-11-22', '15:30', '17:40', '2h 10m', 'Bay thẳng', 'VietJet Air', '  Phổ thông', 20, 2249400),
('VJ153020231123', 'TP HCM (SGN)', ' Hà Nội (HAN)', '2023-11-23', '15:30', '17:40', '2h 10m', 'Bay thẳng', 'VietJet Air', '  Phổ thông', 20, 2099800),
('VJ153020231124', 'TP HCM (SGN)', ' Hà Nội (HAN)', '2023-11-24', '15:30', '17:40', '2h 10m', 'Bay thẳng', 'VietJet Air', '  Phổ thông', 20, 2229400),
('VJ15302023119', 'TP HCM (SGN)', ' Hà Nội (HAN)', '2023-11-09', '15:30', '17:40', '2h 10m', 'Bay thẳng', 'VietJet Air', '  Phổ thông', 20, 2359000),
('VJ153520231111', 'TP HCM (SGN)', ' Hà Nội (HAN)', '2023-11-11', '15:35', '17:45', '2h 10m', 'Bay thẳng', 'VietJet Air', '  Phổ thông', 20, 1559800),
('VJ15352023119', 'TP HCM (SGN)', ' Hà Nội (HAN)', '2023-11-09', '15:35', '17:45', '2h 10m', 'Bay thẳng', 'VietJet Air', '  Phổ thông', 20, 2359000),
('VJ154020231110', 'Hà Nội (HAN)', ' TP HCM (SGN)', '2023-11-10', '15:40', '17:50', '2h 10m', 'Bay thẳng', 'VietJet Air', '  Phổ thông', 20, 1948600),
('VJ154020231111', 'Hà Nội (HAN)', ' TP HCM (SGN)', '2023-11-11', '15:40', '17:50', '2h 10m', 'Bay thẳng', 'VietJet Air', '  Phổ thông', 20, 1872200),
('VJ154020231112', 'Hà Nội (HAN)', ' TP HCM (SGN)', '2023-11-12', '15:40', '17:50', '2h 10m', 'Bay thẳng', 'VietJet Air', '  Phổ thông', 20, 3518000),
('VJ154020231122', 'Hà Nội (HAN)', ' TP HCM (SGN)', '2023-11-22', '15:40', '17:50', '2h 10m', 'Bay thẳng', 'VietJet Air', '  Phổ thông', 20, 2379000),
('VJ154020231123', 'Hà Nội (HAN)', ' TP HCM (SGN)', '2023-11-23', '15:40', '17:50', '2h 10m', 'Bay thẳng', 'VietJet Air', '  Phổ thông', 20, 2109800),
('VJ154020231124', 'Hà Nội (HAN)', ' TP HCM (SGN)', '2023-11-24', '15:40', '17:50', '2h 10m', 'Bay thẳng', 'VietJet Air', '  Phổ thông', 20, 1958600),
('VJ15402023119', 'Hà Nội (HAN)', ' TP HCM (SGN)', '2023-11-09', '15:40', '17:50', '2h 10m', 'Bay thẳng', 'VietJet Air', '  Phổ thông', 20, 2254400),
('VJ160020231110', 'TP HCM (SGN)', ' Hà Nội (HAN)', '2023-11-10', '16:00', '18:10', '2h 10m', 'Bay thẳng', 'VietJet Air', '  Phổ thông', 20, 2510200),
('VJ160020231111', 'TP HCM (SGN)', ' Hà Nội (HAN)', '2023-11-11', '16:00', '18:10', '2h 10m', 'Bay thẳng', 'VietJet Air', '  Phổ thông', 20, 1559800),
('VJ160020231112', 'TP HCM (SGN)', ' Hà Nội (HAN)', '2023-11-12', '16:00', '18:10', '2h 10m', 'Bay thẳng', 'VietJet Air', '  Phổ thông', 20, 1872200),
('VJ160020231121', 'TP HCM (SGN)', ' Hà Nội (HAN)', '2023-11-21', '16:00', '18:10', '2h 10m', 'Bay thẳng', 'VietJet Air', '  Phổ thông', 20, 2379000),
('VJ160020231122', 'TP HCM (SGN)', ' Hà Nội (HAN)', '2023-11-22', '16:00', '18:10', '2h 10m', 'Bay thẳng', 'VietJet Air', '  Phổ thông', 20, 2239400),
('VJ160020231123', 'TP HCM (SGN)', ' Hà Nội (HAN)', '2023-11-23', '16:00', '18:10', '2h 10m', 'Bay thẳng', 'VietJet Air', '  Phổ thông', 20, 2239400),
('VJ160020231124', 'TP HCM (SGN)', ' Hà Nội (HAN)', '2023-11-24', '16:00', '18:10', '2h 10m', 'Bay thẳng', 'VietJet Air', '  Phổ thông', 20, 2369000),
('VJ16002023119', 'TP HCM (SGN)', ' Hà Nội (HAN)', '2023-11-09', '16:00', '18:10', '2h 10m', 'Bay thẳng', 'VietJet Air', '  Phổ thông', 20, 2344000),
('VJ160520231121', 'TP HCM (SGN)', ' Hà Nội (HAN)', '2023-11-21', '16:05', '18:15', '2h 10m', 'Bay thẳng', 'VietJet Air', '  Phổ thông', 20, 2099800),
('VJ161020231121', 'Hà Nội (HAN)', ' TP HCM (SGN)', '2023-11-21', '16:10', '18:20', '2h 10m', 'Bay thẳng', 'VietJet Air', '  Phổ thông', 20, 3048600),
('VJ163020231110', 'TP HCM (SGN)', ' Hà Nội (HAN)', '2023-11-10', '16:30', '18:40', '2h 10m', 'Bay thẳng', 'VietJet Air', '  Phổ thông', 20, 2495200),
('VJ163020231111', 'TP HCM (SGN)', ' Hà Nội (HAN)', '2023-11-11', '16:30', '18:40', '2h 10m', 'Bay thẳng', 'VietJet Air', '  Phổ thông', 20, 1559800),
('VJ163020231112', 'TP HCM (SGN)', ' Hà Nội (HAN)', '2023-11-12', '16:30', '18:40', '2h 10m', 'Bay thẳng', 'VietJet Air', '  Phổ thông', 20, 1872200),
('VJ163020231121', 'TP HCM (SGN)', ' Hà Nội (HAN)', '2023-11-21', '16:30', '18:40', '2h 10m', 'Bay thẳng', 'VietJet Air', '  Phổ thông', 20, 3518000),
('VJ163020231122', 'TP HCM (SGN)', ' Hà Nội (HAN)', '2023-11-22', '16:30', '18:40', '2h 10m', 'Bay thẳng', 'VietJet Air', '  Phổ thông', 20, 2239400),
('VJ163020231123', 'TP HCM (SGN)', ' Hà Nội (HAN)', '2023-11-23', '16:30', '18:40', '2h 10m', 'Bay thẳng', 'VietJet Air', '  Phổ thông', 20, 2229400),
('VJ163020231124', 'TP HCM (SGN)', ' Hà Nội (HAN)', '2023-11-24', '16:30', '18:40', '2h 10m', 'Bay thẳng', 'VietJet Air', '  Phổ thông', 20, 2229400),
('VJ16302023119', 'TP HCM (SGN)', ' Hà Nội (HAN)', '2023-11-09', '16:30', '18:40', '2h 10m', 'Bay thẳng', 'VietJet Air', '  Phổ thông', 20, 2530200),
('VJ163520231110', 'TP HCM (SGN)', ' Đà Lạt (DLI)', '2023-11-10', '16:35', '17:30', '55m Bay', 'thẳng 17:3', 'VietJet Air', '  Phổ thông', 20, 1274800),
('VJ163520231111', 'TP HCM (SGN)', ' Đà Lạt (DLI)', '2023-11-11', '16:35', '17:30', '55m Bay', 'thẳng 17:3', 'VietJet Air', '  Phổ thông', 20, 1123600),
('VJ163520231112', 'TP HCM (SGN)', ' Đà Lạt (DLI)', '2023-11-12', '16:35', '17:30', '55m Bay', 'thẳng 17:3', 'VietJet Air', '  Phổ thông', 20, 882800),
('VJ16352023119', 'TP HCM (SGN)', ' Đà Lạt (DLI)', '2023-11-09', '16:35', '17:30', '55m Bay', 'thẳng 17:3', 'VietJet Air', '  Phổ thông', 20, 1228400),
('VJ164020231110', 'Đà Nẵng (DAD)', ' TP HCM (SGN)', '2023-11-10', '16:40', '18:05', '1h 25m', 'Bay thẳng', 'VietJet Air', '  Phổ thông', 20, 1494200),
('VJ164020231111', 'Đà Nẵng (DAD)', ' TP HCM (SGN)', '2023-11-11', '16:40', '18:05', '1h 25m', 'Bay thẳng', 'VietJet Air', '  Phổ thông', 20, 1407800),
('VJ164020231112', 'Đà Nẵng (DAD)', ' TP HCM (SGN)', '2023-11-12', '16:40', '18:05', '1h 25m', 'Bay thẳng', 'VietJet Air', '  Phổ thông', 20, 2286800),
('VJ16402023119', 'Đà Nẵng (DAD)', ' TP HCM (SGN)', '2023-11-09', '16:40', '18:05', '1h 25m', 'Bay thẳng', 'VietJet Air', '  Phổ thông', 20, 1504200),
('VJ165520231122', 'TP HCM (SGN)', ' Đà Nẵng (DAD)', '2023-11-22', '16:55', '18:15', '1h 20m', 'Bay thẳng', 'VietJet Air', '  Phổ thông', 20, 950800),
('VJ165520231124', 'TP HCM (SGN)', ' Đà Nẵng (DAD)', '2023-11-24', '16:55', '18:15', '1h 20m', 'Bay thẳng', 'VietJet Air', '  Phổ thông', 20, 1407800),
('VJ171020231110', 'TP HCM (SGN)', ' Đà Nẵng (DAD)', '2023-11-10', '17:10', '18:30', '1h 20m', 'Bay thẳng', 'VietJet Air', '  Phổ thông', 20, 1422800),
('VJ171020231112', 'TP HCM (SGN)', ' Đà Nẵng (DAD)', '2023-11-12', '17:10', '18:30', '1h 20m', 'Bay thẳng', 'VietJet Air', '  Phổ thông', 20, 1336400),
('VJ171020231121', 'TP HCM (SGN)', ' Đà Nẵng (DAD)', '2023-11-21', '17:10', '18:30', '1h 20m', 'Bay thẳng', 'VietJet Air', '  Phổ thông', 20, 2438000),
('VJ171520231110', 'Hà Nội (HAN)', ' TP HCM (SGN)', '2023-11-10', '17:15', '19:25', '2h 10m', 'Bay thẳng', 'VietJet Air', '  Phổ thông', 20, 2254400),
('VJ171520231111', 'Hà Nội (HAN)', ' TP HCM (SGN)', '2023-11-11', '17:15', '19:25', '2h 10m', 'Bay thẳng', 'VietJet Air', '  Phổ thông', 20, 1667800),
('VJ171520231112', 'Hà Nội (HAN)', ' TP HCM (SGN)', '2023-11-12', '17:15', '19:25', '2h 10m', 'Bay thẳng', 'VietJet Air', '  Phổ thông', 20, 3518000),
('VJ171520231121', 'Hà Nội (HAN)', ' TP HCM (SGN)', '2023-11-21', '17:15', '19:25', '2h 10m', 'Bay thẳng', 'VietJet Air', '  Phổ thông', 20, 3518000),
('VJ171520231122', 'Hà Nội (HAN)', ' TP HCM (SGN)', '2023-11-22', '17:15', '19:25', '2h 10m', 'Bay thẳng', 'VietJet Air', '  Phổ thông', 20, 2520200),
('VJ171520231123', 'Hà Nội (HAN)', ' TP HCM (SGN)', '2023-11-23', '17:15', '19:25', '2h 10m', 'Bay thẳng', 'VietJet Air', '  Phổ thông', 20, 1958600),
('VJ171520231124', 'Hà Nội (HAN)', ' TP HCM (SGN)', '2023-11-24', '17:15', '19:25', '2h 10m', 'Bay thẳng', 'VietJet Air', '  Phổ thông', 20, 1958600),
('VJ17152023119', 'Hà Nội (HAN)', ' TP HCM (SGN)', '2023-11-09', '17:15', '19:25', '2h 10m', 'Bay thẳng', 'VietJet Air', '  Phổ thông', 20, 1968600),
('VJ172020231111', 'TP HCM (SGN)', ' Đà Nẵng (DAD)', '2023-11-11', '17:20', '18:35', '1h 15m', 'Bay thẳng', 'VietJet Air', '  Phổ thông', 20, 975800),
('VJ172020231123', 'TP HCM (SGN)', ' Đà Nẵng (DAD)', '2023-11-23', '17:20', '18:35', '1h 15m', 'Bay thẳng', 'VietJet Air', '  Phổ thông', 20, 1602200),
('VJ17202023119', 'TP HCM (SGN)', ' Đà Nẵng (DAD)', '2023-11-09', '17:20', '18:35', '1h 15m', 'Bay thẳng', 'VietJet Air', '  Phổ thông', 20, 1245000),
('VJ172520231121', 'Hà Nội (HAN)', ' TP HCM (SGN)', '2023-11-21', '17:25', '19:35', '2h 10m', 'Bay thẳng', 'VietJet Air', '  Phổ thông', 20, 3221400),
('VJ172520231123', 'Hà Nội (HAN)', ' TP HCM (SGN)', '2023-11-23', '17:25', '19:35', '2h 10m', 'Bay thẳng', 'VietJet Air', '  Phổ thông', 20, 1958600),
('VJ17252023119', 'Hà Nội (HAN)', ' TP HCM (SGN)', '2023-11-09', '17:25', '19:35', '2h 10m', 'Bay thẳng', 'VietJet Air', '  Phổ thông', 20, 1948600),
('VJ175020231110', 'TP HCM (SGN)', ' Hà Nội (HAN)', '2023-11-10', '17:50', '20:10', '2h 20m', 'Bay thẳng', 'VietJet Air', '  Phổ thông', 20, 3226400),
('VJ175020231111', 'TP HCM (SGN)', ' Hà Nội (HAN)', '2023-11-11', '17:50', '20:10', '2h 20m', 'Bay thẳng', 'VietJet Air', '  Phổ thông', 20, 1559800),
('VJ175020231112', 'TP HCM (SGN)', ' Hà Nội (HAN)', '2023-11-12', '17:50', '20:10', '2h 20m', 'Bay thẳng', 'VietJet Air', '  Phổ thông', 20, 1872200),
('VJ175020231121', 'TP HCM (SGN)', ' Hà Nội (HAN)', '2023-11-21', '17:50', '20:10', '2h 20m', 'Bay thẳng', 'VietJet Air', '  Phổ thông', 20, 2379000),
('VJ175020231122', 'TP HCM (SGN)', ' Hà Nội (HAN)', '2023-11-22', '17:50', '20:10', '2h 20m', 'Bay thẳng', 'VietJet Air', '  Phổ thông', 20, 2369000),
('VJ175020231123', 'TP HCM (SGN)', ' Hà Nội (HAN)', '2023-11-23', '17:50', '20:10', '2h 20m', 'Bay thẳng', 'VietJet Air', '  Phổ thông', 20, 2369000),
('VJ175020231124', 'TP HCM (SGN)', ' Hà Nội (HAN)', '2023-11-24', '17:50', '20:10', '2h 20m', 'Bay thẳng', 'VietJet Air', '  Phổ thông', 20, 2535200),
('VJ17502023119', 'TP HCM (SGN)', ' Hà Nội (HAN)', '2023-11-09', '17:50', '20:10', '2h 20m', 'Bay thẳng', 'VietJet Air', '  Phổ thông', 20, 2703000),
('VJ180020231110', 'Hà Nội (HAN)', ' TP HCM (SGN)', '2023-11-10', '18:00', '20:10', '2h 10m', 'Bay thẳng', 'VietJet Air', '  Phổ thông', 20, 2109800),
('VJ180020231111', 'Hà Nội (HAN)', ' TP HCM (SGN)', '2023-11-11', '18:00', '20:10', '2h 10m', 'Bay thẳng', 'VietJet Air', '  Phổ thông', 20, 1872200),
('VJ180020231112', 'Hà Nội (HAN)', ' TP HCM (SGN)', '2023-11-12', '18:00', '20:10', '2h 10m', 'Bay thẳng', 'VietJet Air', '  Phổ thông', 20, 3518000),
('VJ180020231121', 'Hà Nội (HAN)', ' TP HCM (SGN)', '2023-11-21', '18:00', '20:10', '2h 10m', 'Bay thẳng', 'VietJet Air', '  Phổ thông', 20, 3221400),
('VJ180020231122', 'Hà Nội (HAN)', ' TP HCM (SGN)', '2023-11-22', '18:00', '20:10', '2h 10m', 'Bay thẳng', 'VietJet Air', '  Phổ thông', 20, 2369000),
('VJ180020231123', 'Hà Nội (HAN)', ' TP HCM (SGN)', '2023-11-23', '18:00', '20:10', '2h 10m', 'Bay thẳng', 'VietJet Air', '  Phổ thông', 20, 1958600),
('VJ180020231124', 'Hà Nội (HAN)', ' TP HCM (SGN)', '2023-11-24', '18:00', '20:10', '2h 10m', 'Bay thẳng', 'VietJet Air', '  Phổ thông', 20, 2124800),
('VJ18002023119', 'Hà Nội (HAN)', ' TP HCM (SGN)', '2023-11-09', '18:00', '20:10', '2h 10m', 'Bay thẳng', 'VietJet Air', '  Phổ thông', 20, 1948600),
('VJ181520231122', 'Hà Nội (HAN)', ' Đà Lạt (DLI)', '2023-11-22', '18:15', '20:05', '1h 50m', 'Bay thẳng', 'VietJet Air', '  Phổ thông', 20, 2865800),
('VJ181520231123', 'Hà Nội (HAN)', ' Đà Lạt (DLI)', '2023-11-23', '18:15', '20:05', '1h 50m', 'Bay thẳng', 'VietJet Air', '  Phổ thông', 20, 3038600),
('VJ181520231124', 'Hà Nội (HAN)', ' Đà Lạt (DLI)', '2023-11-24', '18:15', '20:05', '1h 50m', 'Bay thẳng', 'VietJet Air', '  Phổ thông', 20, 2520200),
('VJ182020231110', 'Đà Lạt (DLI)', ' TP HCM (SGN)', '2023-11-10', '18:20', '19:10', '50m Bay', 'thẳng 19:1', 'VietJet Air', '  Phổ thông', 20, 932600),
('VJ182020231111', 'Đà Lạt (DLI)', ' TP HCM (SGN)', '2023-11-11', '18:20', '19:10', '50m Bay', 'thẳng 19:1', 'VietJet Air', '  Phổ thông', 20, 1213400),
('VJ182020231112', 'Đà Lạt (DLI)', ' TP HCM (SGN)', '2023-11-12', '18:20', '19:10', '50m Bay', 'thẳng 19:1', 'VietJet Air', '  Phổ thông', 20, 1883000),
('VJ18202023119', 'Đà Lạt (DLI)', ' TP HCM (SGN)', '2023-11-09', '18:20', '19:10', '50m Bay', 'thẳng 19:1', 'VietJet Air', '  Phổ thông', 20, 932600),
('VJ184020231110', 'Hà Nội (HAN)', ' TP HCM (SGN)', '2023-11-10', '18:40', '20:50', '2h 10m', 'Bay thẳng', 'VietJet Air', '  Phổ thông', 20, 1652800),
('VJ184020231111', 'Hà Nội (HAN)', ' TP HCM (SGN)', '2023-11-11', '18:40', '20:50', '2h 10m', 'Bay thẳng', 'VietJet Air', '  Phổ thông', 20, 1667800),
('VJ184020231112', 'Hà Nội (HAN)', ' TP HCM (SGN)', '2023-11-12', '18:40', '20:50', '2h 10m', 'Bay thẳng', 'VietJet Air', '  Phổ thông', 20, 3518000),
('VJ184020231121', 'Hà Nội (HAN)', ' TP HCM (SGN)', '2023-11-21', '18:40', '20:50', '2h 10m', 'Bay thẳng', 'VietJet Air', '  Phổ thông', 20, 2703000),
('VJ184020231122', 'Hà Nội (HAN)', ' TP HCM (SGN)', '2023-11-22', '18:40', '20:50', '2h 10m', 'Bay thẳng', 'VietJet Air', '  Phổ thông', 20, 2239400),
('VJ184020231123', 'Hà Nội (HAN)', ' TP HCM (SGN)', '2023-11-23', '18:40', '20:50', '2h 10m', 'Bay thẳng', 'VietJet Air', '  Phổ thông', 20, 1958600),
('VJ184020231124', 'Hà Nội (HAN)', ' TP HCM (SGN)', '2023-11-24', '18:40', '20:50', '2h 10m', 'Bay thẳng', 'VietJet Air', '  Phổ thông', 20, 1958600),
('VJ18402023119', 'Hà Nội (HAN)', ' TP HCM (SGN)', '2023-11-09', '18:40', '20:50', '2h 10m', 'Bay thẳng', 'VietJet Air', '  Phổ thông', 20, 1652800),
('VJ185020231110', 'TP HCM (SGN)', ' Hà Nội (HAN)', '2023-11-10', '18:50', '21:00', '2h 10m', 'Bay thẳng', 'VietJet Air', '  Phổ thông', 20, 3053600),
('VJ185020231111', 'TP HCM (SGN)', ' Hà Nội (HAN)', '2023-11-11', '18:50', '21:00', '2h 10m', 'Bay thẳng', 'VietJet Air', '  Phổ thông', 20, 1677800),
('VJ185020231112', 'TP HCM (SGN)', ' Hà Nội (HAN)', '2023-11-12', '18:50', '21:00', '2h 10m', 'Bay thẳng', 'VietJet Air', '  Phổ thông', 20, 1973600),
('VJ185020231121', 'TP HCM (SGN)', ' Hà Nội (HAN)', '2023-11-21', '18:50', '21:00', '2h 10m', 'Bay thẳng', 'VietJet Air', '  Phổ thông', 20, 2379000),
('VJ185020231122', 'TP HCM (SGN)', ' Hà Nội (HAN)', '2023-11-22', '18:50', '21:00', '2h 10m', 'Bay thẳng', 'VietJet Air', '  Phổ thông', 20, 2708000),
('VJ185020231123', 'TP HCM (SGN)', ' Hà Nội (HAN)', '2023-11-23', '18:50', '21:00', '2h 10m', 'Bay thẳng', 'VietJet Air', '  Phổ thông', 20, 2708000),
('VJ185020231124', 'TP HCM (SGN)', ' Hà Nội (HAN)', '2023-11-24', '18:50', '21:00', '2h 10m', 'Bay thẳng', 'VietJet Air', '  Phổ thông', 20, 2535200),
('VJ18502023119', 'TP HCM (SGN)', ' Hà Nội (HAN)', '2023-11-09', '18:50', '21:00', '2h 10m', 'Bay thẳng', 'VietJet Air', '  Phổ thông', 20, 2530200),
('VJ191020231110', 'Hà Nội (HAN)', ' TP HCM (SGN)', '2023-11-10', '19:10', '21:20', '2h 10m', 'Bay thẳng', 'VietJet Air', '  Phổ thông', 20, 1862200),
('VJ191020231111', 'Hà Nội (HAN)', ' TP HCM (SGN)', '2023-11-11', '19:10', '21:20', '2h 10m', 'Bay thẳng', 'VietJet Air', '  Phổ thông', 20, 1667800),
('VJ191020231112', 'Hà Nội (HAN)', ' TP HCM (SGN)', '2023-11-12', '19:10', '21:20', '2h 10m', 'Bay thẳng', 'VietJet Air', '  Phổ thông', 20, 3518000),
('VJ191020231121', 'Hà Nội (HAN)', ' TP HCM (SGN)', '2023-11-21', '19:10', '21:20', '2h 10m', 'Bay thẳng', 'VietJet Air', '  Phổ thông', 20, 2875800),
('VJ191020231122', 'Hà Nội (HAN)', ' TP HCM (SGN)', '2023-11-22', '19:10', '21:20', '2h 10m', 'Bay thẳng', 'VietJet Air', '  Phổ thông', 20, 2239400),
('VJ191020231123', 'Hà Nội (HAN)', ' TP HCM (SGN)', '2023-11-23', '19:10', '21:20', '2h 10m', 'Bay thẳng', 'VietJet Air', '  Phổ thông', 20, 1958600),
('VJ191020231124', 'Hà Nội (HAN)', ' TP HCM (SGN)', '2023-11-24', '19:10', '21:20', '2h 10m', 'Bay thẳng', 'VietJet Air', '  Phổ thông', 20, 1862200),
('VJ19102023119', 'Hà Nội (HAN)', ' TP HCM (SGN)', '2023-11-09', '19:10', '21:20', '2h 10m', 'Bay thẳng', 'VietJet Air', '  Phổ thông', 20, 1862200),
('VJ191520231121', 'Hà Nội (HAN)', ' TP HCM (SGN)', '2023-11-21', '19:15', '21:25', '2h 10m', 'Bay thẳng', 'VietJet Air', '  Phổ thông', 20, 2703000),
('VJ192020231110', 'Đà Nẵng (DAD)', ' TP HCM (SGN)', '2023-11-10', '19:20', '20:35', '1h 15m', 'Bay thẳng', 'VietJet Air', '  Phổ thông', 20, 2049200),
('VJ192020231111', 'Đà Nẵng (DAD)', ' TP HCM (SGN)', '2023-11-11', '19:20', '20:35', '1h 15m', 'Bay thẳng', 'VietJet Air', '  Phổ thông', 20, 1703600),
('VJ19202023118', 'Đà Nẵng (DAD)', ' TP HCM (SGN)', '2023-11-08', '19:20', '20:35', '1h 15m', 'Bay thẳng', 'VietJet Air', '  Phổ thông', 20, 1703600),
('VJ19202023119', 'Đà Nẵng (DAD)', ' TP HCM (SGN)', '2023-11-09', '19:20', '20:35', '1h 15m', 'Bay thẳng', 'VietJet Air', '  Phổ thông', 20, 1417800),
('VJ192520231110', 'TP HCM (SGN)', ' Đà Nẵng (DAD)', '2023-11-10', '19:25', '20:45', '1h 20m', 'Bay thẳng', 'VietJet Air', '  Phổ thông', 20, 1321400),
('VJ192520231111', 'TP HCM (SGN)', ' Đà Nẵng (DAD)', '2023-11-11', '19:25', '20:45', '1h 20m', 'Bay thẳng', 'VietJet Air', '  Phổ thông', 20, 950800),
('VJ192520231112', 'TP HCM (SGN)', ' Đà Nẵng (DAD)', '2023-11-12', '19:25', '20:45', '1h 20m', 'Bay thẳng', 'VietJet Air', '  Phổ thông', 20, 1148600),
('VJ192520231121', 'TP HCM (SGN)', ' Đà Nẵng (DAD)', '2023-11-21', '19:25', '20:45', '1h 20m', 'Bay thẳng', 'VietJet Air', '  Phổ thông', 20, 1072200),
('VJ192520231122', 'TP HCM (SGN)', ' Đà Nẵng (DAD)', '2023-11-22', '19:25', '20:45', '1h 20m', 'Bay thẳng', 'VietJet Air', '  Phổ thông', 20, 1062200),
('VJ192520231123', 'TP HCM (SGN)', ' Đà Nẵng (DAD)', '2023-11-23', '19:25', '20:45', '1h 20m', 'Bay thẳng', 'VietJet Air', '  Phổ thông', 20, 1577200),
('VJ192520231124', 'TP HCM (SGN)', ' Đà Nẵng (DAD)', '2023-11-24', '19:25', '20:45', '1h 20m', 'Bay thẳng', 'VietJet Air', '  Phổ thông', 20, 1321400),
('VJ19252023119', 'TP HCM (SGN)', ' Đà Nẵng (DAD)', '2023-11-09', '19:25', '20:45', '1h 20m', 'Bay thẳng', 'VietJet Air', '  Phổ thông', 20, 1210000),
('VJ194020231110', 'TP HCM (SGN)', ' Hà Nội (HAN)', '2023-11-10', '19:40', '21:50', '2h 10m', 'Bay thẳng', 'VietJet Air', '  Phổ thông', 20, 2865800),
('VJ194020231111', 'TP HCM (SGN)', ' Hà Nội (HAN)', '2023-11-11', '19:40', '21:50', '2h 10m', 'Bay thẳng', 'VietJet Air', '  Phổ thông', 20, 1677800),
('VJ194020231112', 'TP HCM (SGN)', ' Hà Nội (HAN)', '2023-11-12', '19:40', '21:50', '2h 10m', 'Bay thẳng', 'VietJet Air', '  Phổ thông', 20, 1973600),
('VJ194020231121', 'TP HCM (SGN)', ' Hà Nội (HAN)', '2023-11-21', '19:40', '21:50', '2h 10m', 'Bay thẳng', 'VietJet Air', '  Phổ thông', 20, 2359000),
('VJ194020231122', 'TP HCM (SGN)', ' Hà Nội (HAN)', '2023-11-22', '19:40', '21:50', '2h 10m', 'Bay thẳng', 'VietJet Air', '  Phổ thông', 20, 2708000),
('VJ194020231123', 'TP HCM (SGN)', ' Hà Nội (HAN)', '2023-11-23', '19:40', '21:50', '2h 10m', 'Bay thẳng', 'VietJet Air', '  Phổ thông', 20, 2708000),
('VJ194020231124', 'TP HCM (SGN)', ' Hà Nội (HAN)', '2023-11-24', '19:40', '21:50', '2h 10m', 'Bay thẳng', 'VietJet Air', '  Phổ thông', 20, 2880800),
('VJ19402023118', 'TP HCM (SGN)', ' Hà Nội (HAN)', '2023-11-08', '19:40', '21:50', '2h 10m', 'Bay thẳng', 'VietJet Air', '  Phổ thông', 20, 3013600),
('VJ19402023119', 'TP HCM (SGN)', ' Hà Nội (HAN)', '2023-11-09', '19:40', '21:50', '2h 10m', 'Bay thẳng', 'VietJet Air', '  Phổ thông', 20, 2530200),
('VJ19502023118', 'TP HCM (SGN)', ' Đà Nẵng (DAD)', '2023-11-08', '19:50', '21:10', '1h 20m', 'Bay thẳng', 'VietJet Air', '  Phổ thông', 20, 1123600),
('VJ200020231121', 'Hà Nội (HAN)', ' TP HCM (SGN)', '2023-11-21', '20:00', '22:10', '2h 10m', 'Bay thẳng', 'VietJet Air', '  Phổ thông', 20, 2344000),
('VJ201520231110', 'TP HCM (SGN)', ' Đà Nẵng (DAD)', '2023-11-10', '20:15', '21:35', '1h 20m', 'Bay thẳng', 'VietJet Air', '  Phổ thông', 20, 1321400),
('VJ201520231111', 'TP HCM (SGN)', ' Đà Nẵng (DAD)', '2023-11-11', '20:15', '21:35', '1h 20m', 'Bay thẳng', 'VietJet Air', '  Phổ thông', 20, 1062200),
('VJ201520231112', 'TP HCM (SGN)', ' Đà Nẵng (DAD)', '2023-11-12', '20:15', '21:35', '1h 20m', 'Bay thẳng', 'VietJet Air', '  Phổ thông', 20, 1336400),
('VJ201520231121', 'TP HCM (SGN)', ' Đà Nẵng (DAD)', '2023-11-21', '20:15', '21:35', '1h 20m', 'Bay thẳng', 'VietJet Air', '  Phổ thông', 20, 1072200),
('VJ201520231122', 'TP HCM (SGN)', ' Đà Nẵng (DAD)', '2023-11-22', '20:15', '21:35', '1h 20m', 'Bay thẳng', 'VietJet Air', '  Phổ thông', 20, 1062200),
('VJ201520231123', 'TP HCM (SGN)', ' Đà Nẵng (DAD)', '2023-11-23', '20:15', '21:35', '1h 20m', 'Bay thẳng', 'VietJet Air', '  Phổ thông', 20, 1688600),
('VJ201520231124', 'TP HCM (SGN)', ' Đà Nẵng (DAD)', '2023-11-24', '20:15', '21:35', '1h 20m', 'Bay thẳng', 'VietJet Air', '  Phổ thông', 20, 1407800),
('VJ20152023118', 'TP HCM (SGN)', ' Đà Nẵng (DAD)', '2023-11-08', '20:15', '21:35', '1h 20m', 'Bay thẳng', 'VietJet Air', '  Phổ thông', 20, 1250000),
('VJ20152023119', 'TP HCM (SGN)', ' Đà Nẵng (DAD)', '2023-11-09', '20:15', '21:35', '1h 20m', 'Bay thẳng', 'VietJet Air', '  Phổ thông', 20, 1331400),
('VJ204520231110', 'Hà Nội (HAN)', ' TP HCM (SGN)', '2023-11-10', '20:45', '22:55', '2h 10m', 'Bay thẳng', 'VietJet Air', '  Phổ thông', 20, 2384000),
('VJ204520231111', 'Hà Nội (HAN)', ' TP HCM (SGN)', '2023-11-11', '20:45', '22:55', '2h 10m', 'Bay thẳng', 'VietJet Air', '  Phổ thông', 20, 1958600),
('VJ204520231112', 'Hà Nội (HAN)', ' TP HCM (SGN)', '2023-11-12', '20:45', '22:55', '2h 10m', 'Bay thẳng', 'VietJet Air', '  Phổ thông', 20, 3503000),
('VJ204520231121', 'Hà Nội (HAN)', ' TP HCM (SGN)', '2023-11-21', '20:45', '22:55', '2h 10m', 'Bay thẳng', 'VietJet Air', '  Phổ thông', 20, 2703000),
('VJ204520231122', 'Hà Nội (HAN)', ' TP HCM (SGN)', '2023-11-22', '20:45', '22:55', '2h 10m', 'Bay thẳng', 'VietJet Air', '  Phổ thông', 20, 2099800),
('VJ204520231123', 'Hà Nội (HAN)', ' TP HCM (SGN)', '2023-11-23', '20:45', '22:55', '2h 10m', 'Bay thẳng', 'VietJet Air', '  Phổ thông', 20, 1862200),
('VJ204520231124', 'Hà Nội (HAN)', ' TP HCM (SGN)', '2023-11-24', '20:45', '22:55', '2h 10m', 'Bay thẳng', 'VietJet Air', '  Phổ thông', 20, 1958600),
('VJ20452023118', 'Hà Nội (HAN)', ' TP HCM (SGN)', '2023-11-08', '20:45', '22:55', '2h 10m', 'Bay thẳng', 'VietJet Air', '  Phổ thông', 20, 2535200),
('VJ20452023119', 'Hà Nội (HAN)', ' TP HCM (SGN)', '2023-11-09', '20:45', '22:55', '2h 10m', 'Bay thẳng', 'VietJet Air', '  Phổ thông', 20, 2708000),
('VJ205020231122', 'Hà Nội (HAN)', ' TP HCM (SGN)', '2023-11-22', '20:50', '23:05', '2h 15m', 'Bay thẳng', 'VietJet Air', '  Phổ thông', 20, 2099800),
('VJ205020231123', 'Hà Nội (HAN)', ' TP HCM (SGN)', '2023-11-23', '20:50', '23:05', '2h 15m', 'Bay thẳng', 'VietJet Air', '  Phổ thông', 20, 1652800),
('VJ210020231110', 'TP HCM (SGN)', ' Hà Nội (HAN)', '2023-11-10', '21:00', '23:10', '2h 10m', 'Bay thẳng', 'VietJet Air', '  Phổ thông', 20, 2865800),
('VJ210020231111', 'TP HCM (SGN)', ' Hà Nội (HAN)', '2023-11-11', '21:00', '23:10', '2h 10m', 'Bay thẳng', 'VietJet Air', '  Phổ thông', 20, 1872200),
('VJ210020231112', 'TP HCM (SGN)', ' Hà Nội (HAN)', '2023-11-12', '21:00', '23:10', '2h 10m', 'Bay thẳng', 'VietJet Air', '  Phổ thông', 20, 2254400),
('VJ210020231121', 'TP HCM (SGN)', ' Hà Nội (HAN)', '2023-11-21', '21:00', '23:10', '2h 10m', 'Bay thẳng', 'VietJet Air', '  Phổ thông', 20, 2530200),
('VJ210020231122', 'TP HCM (SGN)', ' Hà Nội (HAN)', '2023-11-22', '21:00', '23:10', '2h 10m', 'Bay thẳng', 'VietJet Air', '  Phổ thông', 20, 2369000),
('VJ210020231123', 'TP HCM (SGN)', ' Hà Nội (HAN)', '2023-11-23', '21:00', '23:10', '2h 10m', 'Bay thẳng', 'VietJet Air', '  Phổ thông', 20, 2708000),
('VJ210020231124', 'TP HCM (SGN)', ' Hà Nội (HAN)', '2023-11-24', '21:00', '23:10', '2h 10m', 'Bay thẳng', 'VietJet Air', '  Phổ thông', 20, 2708000),
('VJ21002023118', 'TP HCM (SGN)', ' Hà Nội (HAN)', '2023-11-08', '21:00', '23:10', '2h 10m', 'Bay thẳng', 'VietJet Air', '  Phổ thông', 20, 3226400),
('VJ21002023119', 'TP HCM (SGN)', ' Hà Nội (HAN)', '2023-11-09', '21:00', '23:10', '2h 10m', 'Bay thẳng', 'VietJet Air', '  Phổ thông', 20, 2880800),
('VJ211520231110', 'Hà Nội (HAN)', ' TP HCM (SGN)', '2023-11-10', '21:15', '23:25', '2h 10m', 'Bay thẳng', 'VietJet Air', '  Phổ thông', 20, 2109800),
('VJ211520231111', 'Hà Nội (HAN)', ' TP HCM (SGN)', '2023-11-11', '21:15', '23:25', '2h 10m', 'Bay thẳng', 'VietJet Air', '  Phổ thông', 20, 1872200),
('VJ211520231112', 'Hà Nội (HAN)', ' TP HCM (SGN)', '2023-11-12', '21:15', '23:25', '2h 10m', 'Bay thẳng', 'VietJet Air', '  Phổ thông', 20, 3503000),
('VJ211520231121', 'Hà Nội (HAN)', ' TP HCM (SGN)', '2023-11-21', '21:15', '23:25', '2h 10m', 'Bay thẳng', 'VietJet Air', '  Phổ thông', 20, 2530200),
('VJ211520231122', 'Hà Nội (HAN)', ' TP HCM (SGN)', '2023-11-22', '21:15', '23:25', '2h 10m', 'Bay thẳng', 'VietJet Air', '  Phổ thông', 20, 2099800),
('VJ211520231123', 'Hà Nội (HAN)', ' TP HCM (SGN)', '2023-11-23', '21:15', '23:25', '2h 10m', 'Bay thẳng', 'VietJet Air', '  Phổ thông', 20, 1958600),
('VJ211520231124', 'Hà Nội (HAN)', ' TP HCM (SGN)', '2023-11-24', '21:15', '23:25', '2h 10m', 'Bay thẳng', 'VietJet Air', '  Phổ thông', 20, 1958600),
('VJ21152023118', 'Hà Nội (HAN)', ' TP HCM (SGN)', '2023-11-08', '21:15', '23:25', '2h 10m', 'Bay thẳng', 'VietJet Air', '  Phổ thông', 20, 2708000),
('VJ21152023119', 'Hà Nội (HAN)', ' TP HCM (SGN)', '2023-11-09', '21:15', '23:25', '2h 10m', 'Bay thẳng', 'VietJet Air', '  Phổ thông', 20, 2119800),
('VJ212520231110', 'Đà Nẵng (DAD)', ' TP HCM (SGN)', '2023-11-10', '21:25', '22:50', '1h 25m', 'Bay thẳng', 'VietJet Air', '  Phổ thông', 20, 1469200),
('VJ212520231111', 'Đà Nẵng (DAD)', ' TP HCM (SGN)', '2023-11-11', '21:25', '22:50', '1h 25m', 'Bay thẳng', 'VietJet Air', '  Phổ thông', 20, 1382800),
('VJ212520231112', 'Đà Nẵng (DAD)', ' TP HCM (SGN)', '2023-11-12', '21:25', '22:50', '1h 25m', 'Bay thẳng', 'VietJet Air', '  Phổ thông', 20, 1688600),
('VJ212520231122', 'Hà Nội (HAN)', ' Đà Lạt (DLI)', '2023-11-22', '21:25', '23:20', '1h 55m', 'Bay thẳng', 'VietJet Air', '  Phổ thông', 20, 2495200),
('VJ212520231123', 'Hà Nội (HAN)', ' Đà Lạt (DLI)', '2023-11-23', '21:25', '23:20', '1h 55m', 'Bay thẳng', 'VietJet Air', '  Phổ thông', 20, 2495200),
('VJ212520231124', 'Hà Nội (HAN)', ' Đà Lạt (DLI)', '2023-11-24', '21:25', '23:20', '1h 55m', 'Bay thẳng', 'VietJet Air', '  Phổ thông', 20, 2495200),
('VJ21252023119', 'Đà Nẵng (DAD)', ' TP HCM (SGN)', '2023-11-09', '21:25', '22:50', '1h 25m', 'Bay thẳng', 'VietJet Air', '  Phổ thông', 20, 1296400),
('VJ214020231110', 'TP HCM (SGN)', ' Hà Nội (HAN)', '2023-11-10', '21:40', '23:50', '2h 10m', 'Bay thẳng', 'VietJet Air', '  Phổ thông', 20, 2683000),
('VJ214020231111', 'TP HCM (SGN)', ' Hà Nội (HAN)', '2023-11-11', '21:40', '23:50', '2h 10m', 'Bay thẳng', 'VietJet Air', '  Phổ thông', 20, 1677800),
('VJ214020231112', 'TP HCM (SGN)', ' Hà Nội (HAN)', '2023-11-12', '21:40', '23:50', '2h 10m', 'Bay thẳng', 'VietJet Air', '  Phổ thông', 20, 2124800),
('VJ214020231122', 'TP HCM (SGN)', ' Hà Nội (HAN)', '2023-11-22', '21:40', '23:50', '2h 10m', 'Bay thẳng', 'VietJet Air', '  Phổ thông', 20, 2229400),
('VJ214020231123', 'TP HCM (SGN)', ' Hà Nội (HAN)', '2023-11-23', '21:40', '23:50', '2h 10m', 'Bay thẳng', 'VietJet Air', '  Phổ thông', 20, 2369000),
('VJ214020231124', 'TP HCM (SGN)', ' Hà Nội (HAN)', '2023-11-24', '21:40', '23:50', '2h 10m', 'Bay thẳng', 'VietJet Air', '  Phổ thông', 20, 2369000),
('VJ21402023118', 'TP HCM (SGN)', ' Hà Nội (HAN)', '2023-11-08', '21:40', '23:50', '2h 10m', 'Bay thẳng', 'VietJet Air', '  Phổ thông', 20, 3221400),
('VJ21402023119', 'TP HCM (SGN)', ' Hà Nội (HAN)', '2023-11-09', '21:40', '23:50', '2h 10m', 'Bay thẳng', 'VietJet Air', '  Phổ thông', 20, 2703000),
('VJ215020231121', 'Hà Nội (HAN)', ' TP HCM (SGN)', '2023-11-21', '21:50', 'SGN', '2h 10m', 'Bay thẳng', 'VietJet Air', '  Phổ thông', 20, 2510200),
('VJ21502023118', 'Đà Nẵng (DAD)', ' TP HCM (SGN)', '2023-11-08', '21:50', '23:05', '1h 15m', 'Bay thẳng', 'VietJet Air', '  Phổ thông', 20, 1469200),
('VJ220020231110', 'Hà Nội (HAN)', ' TP HCM (SGN)', '2023-11-10', '22:00', 'SGN', '2h 10m', 'Bay thẳng', 'VietJet Air', '  Phổ thông', 20, 1948600),
('VJ220020231112', 'Hà Nội (HAN)', ' TP HCM (SGN)', '2023-11-12', '22:00', 'SGN', '2h 10m', 'Bay thẳng', 'VietJet Air', '  Phổ thông', 20, 3503000),
('VJ220020231121', 'Hà Nội (HAN)', ' TP HCM (SGN)', '2023-11-21', '22:00', 'SGN', '2h 10m', 'Bay thẳng', 'VietJet Air', '  Phổ thông', 20, 2510200),
('VJ220020231122', 'Hà Nội (HAN)', ' TP HCM (SGN)', '2023-11-22', '22:00', 'SGN', '2h 10m', 'Bay thẳng', 'VietJet Air', '  Phổ thông', 20, 2084800),
('VJ220020231123', 'Hà Nội (HAN)', ' TP HCM (SGN)', '2023-11-23', '22:00', 'SGN', '2h 10m', 'Bay thẳng', 'VietJet Air', '  Phổ thông', 20, 1948600),
('VJ220020231124', 'Hà Nội (HAN)', ' TP HCM (SGN)', '2023-11-24', '22:00', 'SGN', '2h 10m', 'Bay thẳng', 'VietJet Air', '  Phổ thông', 20, 1948600),
('VJ22002023119', 'Hà Nội (HAN)', ' TP HCM (SGN)', '2023-11-09', '22:00', 'SGN', '2h 10m', 'Bay thẳng', 'VietJet Air', '  Phổ thông', 20, 1948600),
('VJ222520231121', 'TP HCM (SGN)', ' Hà Nội (HAN)', '2023-11-21', '22:25', 'HAN', '2h 10m', 'Bay thẳng', 'VietJet Air', '  Phổ thông', 20, 2229400),
('VJ222520231122', 'TP HCM (SGN)', ' Hà Nội (HAN)', '2023-11-22', '22:25', 'HAN', '2h 10m', 'Bay thẳng', 'VietJet Air', '  Phổ thông', 20, 2099800),
('VJ222520231124', 'TP HCM (SGN)', ' Hà Nội (HAN)', '2023-11-24', '22:25', 'HAN', '2h 10m', 'Bay thẳng', 'VietJet Air', '  Phổ thông', 20, 2359000),
('VJ225020231110', 'TP HCM (SGN)', ' Hà Nội (HAN)', '2023-11-10', '22:50', 'HAN', '2h 10m', 'Bay thẳng', 'VietJet Air', '  Phổ thông', 20, 3420800),
('VJ225020231111', 'TP HCM (SGN)', ' Hà Nội (HAN)', '2023-11-11', '22:50', 'HAN', '2h 10m', 'Bay thẳng', 'VietJet Air', '  Phổ thông', 20, 1544800),
('VJ225020231112', 'TP HCM (SGN)', ' Hà Nội (HAN)', '2023-11-12', '22:50', 'HAN', '2h 10m', 'Bay thẳng', 'VietJet Air', '  Phổ thông', 20, 2124800),
('VJ225020231121', 'TP HCM (SGN)', ' Hà Nội (HAN)', '2023-11-21', '22:50', 'HAN', '2h 10m', 'Bay thẳng', 'VietJet Air', '  Phổ thông', 20, 1933600),
('VJ225020231122', 'TP HCM (SGN)', ' Hà Nội (HAN)', '2023-11-22', '22:50', 'HAN', '2h 10m', 'Bay thẳng', 'VietJet Air', '  Phổ thông', 20, 2099800),
('VJ225020231123', 'TP HCM (SGN)', ' Hà Nội (HAN)', '2023-11-23', '22:50', 'HAN', '2h 10m', 'Bay thẳng', 'VietJet Air', '  Phổ thông', 20, 2229400),
('VJ225020231124', 'TP HCM (SGN)', ' Hà Nội (HAN)', '2023-11-24', '22:50', 'HAN', '2h 10m', 'Bay thẳng', 'VietJet Air', '  Phổ thông', 20, 2214400),
('VJ22502023118', 'TP HCM (SGN)', ' Hà Nội (HAN)', '2023-11-08', '22:50', 'HAN', '2h 10m', 'Bay thẳng', 'VietJet Air', '  Phổ thông', 20, 3518000),
('VJ22502023119', 'TP HCM (SGN)', ' Hà Nội (HAN)', '2023-11-09', '22:50', 'HAN', '2h 10m', 'Bay thẳng', 'VietJet Air', '  Phổ thông', 20, 2703000),
('VJVN050020231122', 'Hà Nội (HAN)', ' P. Quốc (PQC)', '2023-11-22', '05:00', '19:35', '14h 35m', '1 điểm', 'VietJet Air + Vietnam Airlines', '  Phổ thông', 20, 4563800),
('VJVN053020231112', 'Hà Nội (HAN)', ' TP HCM (SGN)', '2023-11-12', '05:30', '22:25', '16h 55m', '1 stop', 'VietJet Air + Vietnam Airlines', '  Phổ thông', 20, 2729520),
('VJVN060020231122', 'Hà Nội (HAN)', ' P. Quốc (PQC)', '2023-11-22', '06:00', '19:35', '13h 35m', '1 điểm', 'VietJet Air + Vietnam Airlines', '  Phổ thông', 20, 3678200),
('VJVN060020231123', 'Hà Nội (HAN)', ' P. Quốc (PQC)', '2023-11-23', '06:00', '16:45', '10h 45m', '1 điểm', 'VietJet Air + Vietnam Airlines', '  Phổ thông', 20, 4079800),
('VJVN060520231110', 'TP HCM (SGN)', ' Đà Lạt (DLI)', '2023-11-10', '06:05', '13:25', '7h 20m', '1 stop', 'VietJet Air + Vietnam Airlines', '  Phổ thông', 20, 2357800),
('VJVN060520231124', 'TP HCM (SGN)', ' Hà Nội (HAN)', '2023-11-24', '06:05', '22:45', '16h 40m', '1 điểm', 'VietJet Air + Vietnam Airlines', '  Phổ thông', 20, 2329800),
('VJVN06052023119', 'TP HCM (SGN)', ' Hà Nội (HAN)', '2023-11-09', '06:05', '22:55', '16h 50m', '1 stop', 'VietJet Air + Vietnam Airlines', '  Phổ thông', 20, 1846600),
('VJVN061520231122', 'Hà Nội (HAN)', ' TP HCM (SGN)', '2023-11-22', '06:15', '23:05', '16h 50m', '1 điểm', 'VietJet Air + Vietnam Airlines', '  Phổ thông', 20, 2418600),
('VJVN061520231124', 'Hà Nội (HAN)', ' TP HCM (SGN)', '2023-11-24', '06:15', '23:55', '17h 40m', '1 điểm', 'VietJet Air + Vietnam Airlines', '  Phổ thông', 20, 2246200),
('VJVN070020231122', 'Hà Nội (HAN)', ' P. Quốc (PQC)', '2023-11-22', '07:00', '19:35', '12h 35m', '1 điểm', 'VietJet Air + Vietnam Airlines', '  Phổ thông', 20, 3678200),
('VJVN070020231123', 'Hà Nội (HAN)', ' P. Quốc (PQC)', '2023-11-23', '07:00', '16:45', '9h 45m', '1 điểm', 'VietJet Air + Vietnam Airlines', '  Phổ thông', 20, 4079800),
('VJVN072520231110', 'TP HCM (SGN)', ' Hà Nội (HAN)', '2023-11-10', '07:25', '22:20', '14h 55m', '1 stop', 'VietJet Air + Vietnam Airlines', '  Phổ thông', 20, 2271400),
('VJVN073020231122', 'TP HCM (SGN)', ' Hà Nội (HAN)', '2023-11-22', '07:30', '14:35', '7h 5m', '1 điểm', 'VietJet Air + Vietnam Airlines', '  Phổ thông', 20, 2019600),
('VJVN080020231121', 'TP HCM (SGN)', ' Hà Nội (HAN)', '2023-11-21', '08:00', '22:00', '14h 0m', '1 điểm', 'VietJet Air + Vietnam Airlines', '  Phổ thông', 20, 2480800),
('VJVN080520231121', 'Hà Nội (HAN)', ' P. Quốc (PQC)', '2023-11-21', '08:05', '19:35', '11h 30m', '1 điểm', 'VietJet Air + Vietnam Airlines', '  Phổ thông', 20, 4251400),
('VJVN085020231110', 'TP HCM (SGN)', ' Đà Lạt (DLI)', '2023-11-10', '08:50', '13:25', '4h 35m', '1 stop', 'VietJet Air + Vietnam Airlines', '  Phổ thông', 20, 2332800),
('VJVN085020231123', 'TP HCM (SGN)', ' Hà Nội (HAN)', '2023-11-23', '08:50', '22:55', '14h 5m', '1 điểm', 'VietJet Air + Vietnam Airlines', '  Phổ thông', 20, 2037800),
('VJVN085020231124', 'TP HCM (SGN)', ' Hà Nội (HAN)', '2023-11-24', '08:50', '22:45', '13h 55m', '1 điểm', 'VietJet Air + Vietnam Airlines', '  Phổ thông', 20, 2329800),
('VJVN08502023119', 'TP HCM (SGN)', ' Hà Nội (HAN)', '2023-11-09', '08:50', '22:55', '14h 5m', '1 stop', 'VietJet Air + Vietnam Airlines', '  Phổ thông', 20, 2297000),
('VJVN090520231123', 'Hà Nội (HAN)', ' P. Quốc (PQC)', '2023-11-23', '09:05', '16:45', '7h 40m', '1 điểm', 'VietJet Air + Vietnam Airlines', '  Phổ thông', 20, 4079800),
('VJVN092520231121', 'Hà Nội (HAN)', ' Đà Lạt (DLI)', '2023-11-21', '09:25', '16:25', '7h 0m', '1 điểm', 'VietJet Air + Vietnam Airlines', '  Phổ thông', 20, 4749000),
('VJVN101020231123', 'Hà Nội (HAN)', ' TP HCM (SGN)', '2023-11-23', '10:10', '22:05', '11h 55m', '1 điểm', 'VietJet Air + Vietnam Airlines', '  Phổ thông', 20, 2335800),
('VJVN102020231110', 'Hà Nội (HAN)', ' TP HCM (SGN)', '2023-11-10', '10:20', '22:05', '11h 45m', '1 stop', 'VietJet Air + Vietnam Airlines', '  Phổ thông', 20, 4222800),
('VJVN102020231111', 'Hà Nội (HAN)', ' TP HCM (SGN)', '2023-11-11', '10:20', '22:05', '11h 45m', '1 stop', 'VietJet Air + Vietnam Airlines', '  Phổ thông', 20, 2586800),
('VJVN102020231123', 'Hà Nội (HAN)', ' TP HCM (SGN)', '2023-11-23', '10:20', '22:05', '11h 45m', '1 điểm', 'VietJet Air + Vietnam Airlines', '  Phổ thông', 20, 2310800),
('VJVN110520231123', 'Hà Nội (HAN)', ' P. Quốc (PQC)', '2023-11-23', '11:05', '16:45', '5h 40m', '1 điểm', 'VietJet Air + Vietnam Airlines', '  Phổ thông', 20, 4079800),
('VJVN115020231123', 'TP HCM (SGN)', ' Hà Nội (HAN)', '2023-11-23', '11:50', '22:55', '11h 5m', '1 điểm', 'VietJet Air + Vietnam Airlines', '  Phổ thông', 20, 2037800),
('VJVN115020231124', 'TP HCM (SGN)', ' Hà Nội (HAN)', '2023-11-24', '11:50', '22:45', '10h 55m', '1 điểm', 'VietJet Air + Vietnam Airlines', '  Phổ thông', 20, 2163600),
('VJVN11502023119', 'TP HCM (SGN)', ' Hà Nội (HAN)', '2023-11-09', '11:50', '22:55', '11h 5m', '1 stop', 'VietJet Air + Vietnam Airlines', '  Phổ thông', 20, 2037800),
('VJVN121520231122', 'Hà Nội (HAN)', ' P. Quốc (PQC)', '2023-11-22', '12:15', '19:35', '7h 20m', '1 điểm', 'VietJet Air + Vietnam Airlines', '  Phổ thông', 20, 3673200),
('VJVN123020231112', 'Hà Nội (HAN)', ' TP HCM (SGN)', '2023-11-12', '12:30', '22:25', '9h 55m', '1 stop', 'VietJet Air + Vietnam Airlines', '  Phổ thông', 20, 3068800),
('VJVN123020231121', 'Hà Nội (HAN)', ' P. Quốc (PQC)', '2023-11-21', '12:30', '19:35', '7h 5m', '1 điểm', 'VietJet Air + Vietnam Airlines', '  Phổ thông', 20, 4251400),
('VJVN123020231122', 'Hà Nội (HAN)', ' P. Quốc (PQC)', '2023-11-22', '12:30', '19:35', '7h 5m', '1 điểm', 'VietJet Air + Vietnam Airlines', '  Phổ thông', 20, 3673200),
('VJVN124020231122', 'TP HCM (SGN)', ' Hà Nội (HAN)', '2023-11-22', '12:40', '20:55', '8h 15m', '1 điểm', 'VietJet Air + Vietnam Airlines', '  Phổ thông', 20, 2210800),
('VJVN130020231121', 'Hà Nội (HAN)', ' P. Quốc (PQC)', '2023-11-21', '13:00', '19:35', '6h 35m', '1 điểm', 'VietJet Air + Vietnam Airlines', '  Phổ thông', 20, 4251400),
('VJVN131020231112', 'Hà Nội (HAN)', ' TP HCM (SGN)', '2023-11-12', '13:10', '22:25', '9h 15m', '1 stop', 'VietJet Air + Vietnam Airlines', '  Phổ thông', 20, 3068800),
('VJVN132020231122', 'Hà Nội (HAN)', ' P. Quốc (PQC)', '2023-11-22', '13:20', '19:35', '6h 15m', '1 điểm', 'VietJet Air + Vietnam Airlines', '  Phổ thông', 20, 3673200),
('VJVN135020231110', 'Hà Nội (HAN)', ' TP HCM (SGN)', '2023-11-10', '13:50', '22:05', '8h 15m', '1 stop', 'VietJet Air + Vietnam Airlines', '  Phổ thông', 20, 2926800),
('VJVN141020231122', 'Hà Nội (HAN)', ' P. Quốc (PQC)', '2023-11-22', '14:10', '19:35', '5h 25m', '1 điểm', 'VietJet Air + Vietnam Airlines', '  Phổ thông', 20, 3522000),
('VJVN142020231112', 'TP HCM (SGN)', ' Hà Nội (HAN)', '2023-11-12', '14:20', '22:40', '8h 20m', '1 stop', 'VietJet Air + Vietnam Airlines', '  Phổ thông', 20, 2536200),
('VJVN142520231110', 'TP HCM (SGN)', ' Hà Nội (HAN)', '2023-11-10', '14:25', '22:20', '7h 55m', '1 stop', 'VietJet Air + Vietnam Airlines', '  Phổ thông', 20, 2185000),
('VJVN144020231110', 'TP HCM (SGN)', ' Hà Nội (HAN)', '2023-11-10', '14:40', '22:20', '7h 40m', '1 stop', 'VietJet Air + Vietnam Airlines', '  Phổ thông', 20, 2160000),
('VJVN144020231121', 'TP HCM (SGN)', ' Hà Nội (HAN)', '2023-11-21', '14:40', '20:05', '5h 25m', '1 điểm', 'VietJet Air + Vietnam Airlines', '  Phổ thông', 20, 2008800),
('VJVN151020231110', 'Hà Nội (HAN)', ' TP HCM (SGN)', '2023-11-10', '15:10', '22:05', '6h 55m', '1 stop', 'VietJet Air + Vietnam Airlines', '  Phổ thông', 20, 2911800),
('VJVN151020231111', 'Hà Nội (HAN)', ' TP HCM (SGN)', '2023-11-11', '15:10', '22:05', '6h 55m', '1 stop', 'VietJet Air + Vietnam Airlines', '  Phổ thông', 20, 2042600),
('VJVN15352023119', 'Hà Nội (HAN)', ' TP HCM (SGN)', '2023-11-09', '15:35', '20:20', '4h 45m', '1 stop', 'VietJet Air + Vietnam Airlines', '  Phổ thông', 20, 2215000),
('VJVN155520231123', 'TP HCM (SGN)', ' Hà Nội (HAN)', '2023-11-23', '15:55', '22:55', '7h 0m', '1 điểm', 'VietJet Air + Vietnam Airlines', '  Phổ thông', 20, 1871600),
('VJVN155520231124', 'TP HCM (SGN)', ' Hà Nội (HAN)', '2023-11-24', '15:55', '22:45', '6h 50m', '1 điểm', 'VietJet Air + Vietnam Airlines', '  Phổ thông', 20, 2163600),
('VJVN15552023119', 'TP HCM (SGN)', ' Hà Nội (HAN)', '2023-11-09', '15:55', '22:55', '7h 0m', '1 stop', 'VietJet Air + Vietnam Airlines', '  Phổ thông', 20, 2032800),
('VJVN171020231121', 'TP HCM (SGN)', ' Hà Nội (HAN)', '2023-11-21', '17:10', '22:00', '4h 50m', '1 điểm', 'VietJet Air + Vietnam Airlines', '  Phổ thông', 20, 3496000),
('VJVT052520231110', 'TP HCM (SGN)', ' Hà Nội (HAN)', '2023-11-10', '05:25', '21:15', '15h 50m', '1 stop', 'VietJet Air + Vietravel Airlines', '  Phổ thông', 20, 2008440),
('VJVT052520231112', 'TP HCM (SGN)', ' Hà Nội (HAN)', '2023-11-12', '05:25', '11:00', '5h 35m', '1 stop', 'VietJet Air + Vietravel Airlines', '  Phổ thông', 20, 1788240),
('VJVT053020231112', 'Hà Nội (HAN)', ' TP HCM (SGN)', '2023-11-12', '05:30', '11:45', '6h 15m', '1 stop', 'VietJet Air + Vietravel Airlines', '  Phổ thông', 20, 2248160),
('VJVT070520231112', 'Hà Nội (HAN)', ' TP HCM (SGN)', '2023-11-12', '07:05', '11:45', '4h 40m', '1 stop', 'VietJet Air + Vietravel Airlines', '  Phổ thông', 20, 2436240),
('VJVT072520231110', 'TP HCM (SGN)', ' Hà Nội (HAN)', '2023-11-10', '07:25', '21:15', '13h 50m', '1 stop', 'VietJet Air + Vietravel Airlines', '  Phổ thông', 20, 1993440),
('VJVT072520231111', 'TP HCM (SGN)', ' Hà Nội (HAN)', '2023-11-11', '07:25', '21:15', '13h 50m', '1 stop', 'VietJet Air + Vietravel Airlines', '  Phổ thông', 20, 2235240),
('VJVT072520231112', 'TP HCM (SGN)', ' Hà Nội (HAN)', '2023-11-12', '07:25', '21:15', '13h 50m', '1 stop', 'VietJet Air + Vietravel Airlines', '  Phổ thông', 20, 2252640),
('VJVT080520231121', 'Hà Nội (HAN)', ' P. Quốc (PQC)', '2023-11-21', '08:05', '18:25', '10h 20m', '1 điểm', 'VietJet Air + Vietravel Airlines', '  Phổ thông', 20, 4308840),
('VJVT092520231121', 'Hà Nội (HAN)', ' P. Quốc (PQC)', '2023-11-21', '09:25', '18:25', '9h 0m', '1 điểm', 'VietJet Air + Vietravel Airlines', '  Phổ thông', 20, 4600440),
('VJVT103520231111', 'Đà Nẵng (DAD)', ' TP HCM (SGN)', '2023-11-11', '10:35', '23:10', '12h 35m', '1 stop', 'VietJet Air + Vietravel Airlines', '  Phổ thông', 20, 2241840),
('VJVT110520231110', 'TP HCM (SGN)', ' Hà Nội (HAN)', '2023-11-10', '11:05', '21:15', '10h 10m', '1 stop', 'VietJet Air + Vietravel Airlines', '  Phổ thông', 20, 2094840),
('VJVT110520231111', 'TP HCM (SGN)', ' Hà Nội (HAN)', '2023-11-11', '11:05', '21:15', '10h 10m', '1 stop', 'VietJet Air + Vietravel Airlines', '  Phổ thông', 20, 2148840),
('VJVT123020231121', 'Hà Nội (HAN)', ' P. Quốc (PQC)', '2023-11-21', '12:30', '18:25', '5h 55m', '1 điểm', 'VietJet Air + Vietravel Airlines', '  Phổ thông', 20, 4308840),
('VJVT130020231121', 'Hà Nội (HAN)', ' P. Quốc (PQC)', '2023-11-21', '13:00', '18:25', '5h 25m', '1 điểm', 'VietJet Air + Vietravel Airlines', '  Phổ thông', 20, 4308840),
('VJVT142020231111', 'TP HCM (SGN)', ' Hà Nội (HAN)', '2023-11-11', '14:20', '21:15', '6h 55m', '1 stop', 'VietJet Air + Vietravel Airlines', '  Phổ thông', 20, 1803240),
('VJVT142020231112', 'TP HCM (SGN)', ' Hà Nội (HAN)', '2023-11-12', '14:20', '21:15', '6h 55m', '1 stop', 'VietJet Air + Vietravel Airlines', '  Phổ thông', 20, 2227640),
('VJVT142520231110', 'TP HCM (SGN)', ' Hà Nội (HAN)', '2023-11-10', '14:25', '21:15', '6h 50m', '1 stop', 'VietJet Air + Vietravel Airlines', '  Phổ thông', 20, 1907040),
('VJVT144020231110', 'TP HCM (SGN)', ' Hà Nội (HAN)', '2023-11-10', '14:40', '21:15', '6h 35m', '1 stop', 'VietJet Air + Vietravel Airlines', '  Phổ thông', 20, 1882040),
('VJVT144020231111', 'TP HCM (SGN)', ' Hà Nội (HAN)', '2023-11-11', '14:40', '21:15', '6h 35m', '1 stop', 'VietJet Air + Vietravel Airlines', '  Phổ thông', 20, 1788240),
('VJVT144020231112', 'TP HCM (SGN)', ' Hà Nội (HAN)', '2023-11-12', '14:40', '21:15', '6h 35m', '1 stop', 'VietJet Air + Vietravel Airlines', '  Phổ thông', 20, 2339040),
('VJVT151520231111', 'Đà Nẵng (DAD)', ' TP HCM (SGN)', '2023-11-11', '15:15', '23:10', '7h 55m', '1 stop', 'VietJet Air + Vietravel Airlines', '  Phổ thông', 20, 2241840),
('VJVT171020231110', 'Đà Nẵng (DAD)', ' TP HCM (SGN)', '2023-11-10', '17:10', '23:10', '6h 0m', '1 stop', 'VietJet Air + Vietravel Airlines', '  Phổ thông', 20, 2229960),
('VN050020231110', 'TP HCM (SGN)', ' Hà Nội (HAN)', '2023-11-10', '05:00', '07:20', '2h 20m', 'Bay thẳng', 'Vietnam Airlines', '  Phổ thông', 20, 3575000),
('VN050020231111', 'TP HCM (SGN)', ' Hà Nội (HAN)', '2023-11-11', '05:00', '07:20', '2h 20m', 'Bay thẳng', 'Vietnam Airlines', '  Phổ thông', 20, 2951000),
('VN050020231112', 'TP HCM (SGN)', ' Hà Nội (HAN)', '2023-11-12', '05:00', '07:20', '2h 20m', 'Bay thẳng', 'Vietnam Airlines', '  Phổ thông', 20, 2525000),
('VN050020231122', 'TP HCM (SGN)', ' Hà Nội (HAN)', '2023-11-22', '05:00', '07:20', '2h 20m', 'Bay thẳng', 'Vietnam Airlines', '  Thương gia', 20, 8831000),
('VN050020231123', 'TP HCM (SGN)', ' Hà Nội (HAN)', '2023-11-23', '05:00', '07:20', '2h 20m', 'Bay thẳng', 'Vietnam Airlines', '  Phổ thông', 20, 3575000),
('VN050020231124', 'TP HCM (SGN)', ' Hà Nội (HAN)', '2023-11-24', '05:00', '07:20', '2h 20m', 'Bay thẳng', 'Vietnam Airlines', '  Phổ thông', 20, 2946000),
('VN05002023119', 'TP HCM (SGN)', ' Hà Nội (HAN)', '2023-11-09', '05:00', '07:20', '2h 20m', 'Bay thẳng', 'Vietnam Airlines', '  Phổ thông', 20, 3388000),
('VN054520231112', 'Hà Nội (HAN)', ' TP HCM (SGN)', '2023-11-12', '05:45', '10:50', '5h 5m', '1 stop', 'Vietnam Airlines', '  Phổ thông', 20, 4081000),
('VN054520231122', 'Hà Nội (HAN)', ' TP HCM (SGN)', '2023-11-22', '05:45', '10:30', '4h 45m', '1 điểm', 'Vietnam Airlines', '  Phổ thông', 20, 3967000),
('VN054520231123', 'Hà Nội (HAN)', ' TP HCM (SGN)', '2023-11-23', '05:45', '09:50', '4h 5m', '1 điểm', 'Vietnam Airlines', '  Phổ thông', 20, 4081000),
('VN054520231124', 'Hà Nội (HAN)', ' TP HCM (SGN)', '2023-11-24', '05:45', '09:50', '4h 5m', '1 điểm', 'Vietnam Airlines', '  Phổ thông', 20, 3104000),
('VN055020231110', 'TP HCM (SGN)', ' Hà Nội (HAN)', '2023-11-10', '05:50', '11:20', '5h 30m', '1 stop', 'Vietnam Airlines', '  Thương gia', 20, 6159000),
('VN055020231111', 'TP HCM (SGN)', ' Hà Nội (HAN)', '2023-11-11', '05:50', '11:20', '5h 30m', '1 stop', 'Vietnam Airlines', '  Thương gia', 20, 8622000),
('VN055020231112', 'TP HCM (SGN)', ' Hà Nội (HAN)', '2023-11-12', '05:50', '11:20', '5h 30m', '1 stop', 'Vietnam Airlines', '  Phổ thông', 20, 3962000),
('VN055020231121', 'TP HCM (SGN)', ' Hà Nội (HAN)', '2023-11-21', '05:50', '11:20', '5h 30m', '1 điểm', 'Vietnam Airlines', '  Phổ thông', 20, 4826000),
('VN055020231122', 'TP HCM (SGN)', ' Hà Nội (HAN)', '2023-11-22', '05:50', '11:20', '5h 30m', '1 điểm', 'Vietnam Airlines', '  Phổ thông', 20, 2704000),
('VN055020231124', 'TP HCM (SGN)', ' Hà Nội (HAN)', '2023-11-24', '05:50', '20:10', '14h 20m', '1 điểm', 'Vietnam Airlines', '  Phổ thông', 20, 3003000),
('VN05502023119', 'TP HCM (SGN)', ' Hà Nội (HAN)', '2023-11-09', '05:50', '22:55', '17h 5m', '1 stop', 'Vietnam Airlines', '  Phổ thông', 20, 2276000),
('VN060020231110', 'TP HCM (SGN)', ' Đà Nẵng (DAD)', '2023-11-10', '06:00', '07:30', '1h 30m', 'Bay thẳng', 'Vietnam Airlines', '  Phổ thông', 20, 1914000),
('VN060020231111', 'TP HCM (SGN)', ' Đà Nẵng (DAD)', '2023-11-11', '06:00', '07:30', '1h 30m', 'Bay thẳng', 'Vietnam Airlines', '  Phổ thông', 20, 1504000),
('VN060020231112', 'TP HCM (SGN)', ' Đà Nẵng (DAD)', '2023-11-12', '06:00', '07:30', '1h 30m', 'Bay thẳng', 'Vietnam Airlines', '  Phổ thông', 20, 1047000),
('VN060020231121', 'TP HCM (SGN)', ' Hà Nội (HAN)', '2023-11-21', '06:00', '08:10', '2h 10m', 'Bay thẳng', 'Vietnam Airlines', '  Phổ thông', 20, 3580000),
('VN060020231122', 'TP HCM (SGN)', ' Hà Nội (HAN)', '2023-11-22', '06:00', '08:10', '2h 10m', 'Bay thẳng', 'Vietnam Airlines', '  Phổ thông', 20, 3580000),
('VN060020231123', 'TP HCM (SGN)', ' Hà Nội (HAN)', '2023-11-23', '06:00', '08:10', '2h 10m', 'Bay thẳng', 'Vietnam Airlines', '  Phổ thông', 20, 3575000),
('VN060020231124', 'TP HCM (SGN)', ' Hà Nội (HAN)', '2023-11-24', '06:00', '08:10', '2h 10m', 'Bay thẳng', 'Vietnam Airlines', '  Phổ thông', 20, 3575000),
('VN06002023119', 'TP HCM (SGN)', ' Đà Nẵng (DAD)', '2023-11-09', '06:00', '07:30', '1h 30m', 'Bay thẳng', 'Vietnam Airlines', '  Phổ thông', 20, 1639000),
('VN060520231112', 'Đà Nẵng (DAD)', ' TP HCM (SGN)', '2023-11-12', '06:05', '07:45', '1h 40m', 'Bay thẳng', 'Vietnam Airlines', '  Phổ thông', 20, 1889000),
('VN061520231110', 'TP HCM (SGN)', ' Hà Nội (HAN)', '2023-11-10', '06:15', '08:25', '2h 10m', 'Bay thẳng', 'Vietnam Airlines', '  Phổ thông', 20, 2892000),
('VN061520231111', 'TP HCM (SGN)', ' Hà Nội (HAN)', '2023-11-11', '06:15', '08:25', '2h 10m', 'Bay thẳng', 'Vietnam Airlines', '  Phổ thông', 20, 2579000),
('VN061520231112', 'TP HCM (SGN)', ' Hà Nội (HAN)', '2023-11-12', '06:15', '08:25', '2h 10m', 'Bay thẳng', 'Vietnam Airlines', '  Phổ thông', 20, 1997000),
('VN061520231122', 'TP HCM (SGN)', ' Hà Nội (HAN)', '2023-11-22', '06:15', '08:25', '2h 10m', 'Bay thẳng', 'Vietnam Airlines', '  Phổ thông', 20, 2579000),
('VN06152023119', 'TP HCM (SGN)', ' Hà Nội (HAN)', '2023-11-09', '06:15', '08:25', '2h 10m', 'Bay thẳng', 'Vietnam Airlines', '  Phổ thông', 20, 3580000),
('VN063020231124', 'Hà Nội (HAN)', ' TP HCM (SGN)', '2023-11-24', '06:30', '10:40', '4h 10m', '1 điểm', 'Vietnam Airlines', '  Phổ thông', 20, 3082000),
('VN063520231110', 'TP HCM (SGN)', ' Hà Nội (HAN)', '2023-11-10', '06:35', '11:25', '4h 50m', '1 stop', 'Vietnam Airlines', '  Phổ thông', 20, 3821000),
('VN063520231112', 'TP HCM (SGN)', ' Hà Nội (HAN)', '2023-11-12', '06:35', '11:25', '4h 50m', '1 stop', 'Vietnam Airlines', '  Phổ thông', 20, 3746000),
('VN063520231122', 'TP HCM (SGN)', ' Hà Nội (HAN)', '2023-11-22', '06:35', '13:20', '6h 45m', '1 điểm', 'Vietnam Airlines', '  Phổ thông', 20, 4550000),
('VN063520231124', 'TP HCM (SGN)', ' Hà Nội (HAN)', '2023-11-24', '06:35', '11:25', '4h 50m', '1 điểm', 'Vietnam Airlines', '  Phổ thông', 20, 3973000),
('VN06352023119', 'TP HCM (SGN)', ' Hà Nội (HAN)', '2023-11-09', '06:35', '11:25', '4h 50m', '1 stop', 'Vietnam Airlines', '  Phổ thông', 20, 3546000),
('VN064020231110', 'TP HCM (SGN)', ' Hà Nội (HAN)', '2023-11-10', '06:40', '14:35', '7h 55m', '1 stop', 'Vietnam Airlines', '  Phổ thông', 20, 5361000),
('VN064020231111', 'TP HCM (SGN)', ' Hà Nội (HAN)', '2023-11-11', '06:40', '14:35', '7h 55m', '1 stop', 'Vietnam Airlines', '  Phổ thông', 20, 4361000),
('VN064020231112', 'TP HCM (SGN)', ' Hà Nội (HAN)', '2023-11-12', '06:40', '14:35', '7h 55m', '1 stop', 'Vietnam Airlines', '  Phổ thông', 20, 5361000);
INSERT INTO `flight` (`ID`, `From`, `To`, `Date`, `DepartureTime`, `ArrivalTime`, `TravelTime`, `Stop/Direct`, `Name`, `SeatClass`, `NumSeat`, `Price`) VALUES
('VN064020231121', 'TP HCM (SGN)', ' Hà Nội (HAN)', '2023-11-21', '06:40', '14:35', '7h 55m', '1 điểm', 'Vietnam Airlines', '  Phổ thông', 20, 2834000),
('VN064020231122', 'TP HCM (SGN)', ' Hà Nội (HAN)', '2023-11-22', '06:40', '14:35', '7h 55m', '1 điểm', 'Vietnam Airlines', '  Phổ thông', 20, 2186000),
('VN064020231123', 'TP HCM (SGN)', ' Hà Nội (HAN)', '2023-11-23', '06:40', '14:35', '7h 55m', '1 điểm', 'Vietnam Airlines', '  Phổ thông', 20, 2618000),
('VN064020231124', 'TP HCM (SGN)', ' Hà Nội (HAN)', '2023-11-24', '06:40', '14:35', '7h 55m', '1 điểm', 'Vietnam Airlines', '  Phổ thông', 20, 2726000),
('VN065520231110', 'TP HCM (SGN)', ' Đà Nẵng (DAD)', '2023-11-10', '06:55', '08:20', '1h 25m', 'Bay thẳng', 'Vietnam Airlines', '  Phổ thông', 20, 1914000),
('VN065520231111', 'TP HCM (SGN)', ' Đà Nẵng (DAD)', '2023-11-11', '06:55', '08:20', '1h 25m', 'Bay thẳng', 'Vietnam Airlines', '  Phổ thông', 20, 1364000),
('VN065520231112', 'TP HCM (SGN)', ' Đà Nẵng (DAD)', '2023-11-12', '06:55', '08:20', '1h 25m', 'Bay thẳng', 'Vietnam Airlines', '  Phổ thông', 20, 1229000),
('VN065520231121', 'TP HCM (SGN)', ' Hà Nội (HAN)', '2023-11-21', '06:55', '12:05', '5h 10m', '1 điểm', 'Vietnam Airlines', '  Phổ thông', 20, 2844000),
('VN065520231122', 'TP HCM (SGN)', ' Hà Nội (HAN)', '2023-11-22', '06:55', '11:45', '4h 50m', '1 điểm', 'Vietnam Airlines', '  Phổ thông', 20, 3578000),
('VN065520231123', 'TP HCM (SGN)', ' Hà Nội (HAN)', '2023-11-23', '06:55', '13:10', '6h 15m', '1 điểm', 'Vietnam Airlines', '  Phổ thông', 20, 2844000),
('VN065520231124', 'TP HCM (SGN)', ' Hà Nội (HAN)', '2023-11-24', '06:55', '12:05', '5h 10m', '1 điểm', 'Vietnam Airlines', '  Phổ thông', 20, 3929000),
('VN06552023119', 'TP HCM (SGN)', ' Đà Nẵng (DAD)', '2023-11-09', '06:55', '08:20', '1h 25m', 'Bay thẳng', 'Vietnam Airlines', '  Phổ thông', 20, 2222000),
('VN070020231110', 'TP HCM (SGN)', ' Hà Nội (HAN)', '2023-11-10', '07:00', '09:20', '2h 20m', 'Bay thẳng', 'Vietnam Airlines', '  Phổ thông', 20, 3575000),
('VN070020231111', 'TP HCM (SGN)', ' Hà Nội (HAN)', '2023-11-11', '07:00', '09:20', '2h 20m', 'Bay thẳng', 'Vietnam Airlines', '  Phổ thông', 20, 2730000),
('VN070020231112', 'TP HCM (SGN)', ' Hà Nội (HAN)', '2023-11-12', '07:00', '09:20', '2h 20m', 'Bay thẳng', 'Vietnam Airlines', '  Phổ thông', 20, 2341000),
('VN070020231121', 'TP HCM (SGN)', ' Hà Nội (HAN)', '2023-11-21', '07:00', '15:20', '8h 20m', '1 điểm', 'Vietnam Airlines', '  Phổ thông', 20, 4129000),
('VN070020231122', 'TP HCM (SGN)', ' Hà Nội (HAN)', '2023-11-22', '07:00', '09:20', '2h 20m', 'Bay thẳng', 'Vietnam Airlines', '  Phổ thông', 20, 3388000),
('VN070020231123', 'TP HCM (SGN)', ' Hà Nội (HAN)', '2023-11-23', '07:00', '09:20', '2h 20m', 'Bay thẳng', 'Vietnam Airlines', '  Phổ thông', 20, 3575000),
('VN070020231124', 'TP HCM (SGN)', ' Hà Nội (HAN)', '2023-11-24', '07:00', '09:20', '2h 20m', 'Bay thẳng', 'Vietnam Airlines', '  Phổ thông', 20, 3173000),
('VN07002023119', 'TP HCM (SGN)', ' Hà Nội (HAN)', '2023-11-09', '07:00', '09:20', '2h 20m', 'Bay thẳng', 'Vietnam Airlines', '  Thương gia', 20, 8831000),
('VN070520231121', 'TP HCM (SGN)', ' Hà Nội (HAN)', '2023-11-21', '07:05', '20:05', '13h 0m', '1 điểm', 'Vietnam Airlines', '  Phổ thông', 20, 2019000),
('VN070520231122', 'TP HCM (SGN)', ' Hà Nội (HAN)', '2023-11-22', '07:05', '12:05', '5h 0m', '1 điểm', 'Vietnam Airlines', '  Phổ thông', 20, 3589000),
('VN071020231112', 'TP HCM (SGN)', ' Hà Nội (HAN)', '2023-11-12', '07:10', '15:55', '8h 45m', '1 stop', 'Vietnam Airlines', '  Phổ thông', 20, 14041000),
('VN072020231110', 'TP HCM (SGN)', ' Hà Nội (HAN)', '2023-11-10', '07:20', '11:55', '4h 35m', '1 stop', 'Vietnam Airlines', '  Phổ thông', 20, 2844000),
('VN072020231111', 'TP HCM (SGN)', ' Hà Nội (HAN)', '2023-11-11', '07:20', '11:55', '4h 35m', '1 stop', 'Vietnam Airlines', '  Phổ thông', 20, 2272000),
('VN072020231112', 'TP HCM (SGN)', ' Hà Nội (HAN)', '2023-11-12', '07:20', '11:55', '4h 35m', '1 stop', 'Vietnam Airlines', '  Phổ thông', 20, 2466000),
('VN072020231123', 'TP HCM (SGN)', ' Hà Nội (HAN)', '2023-11-23', '07:20', '12:00', '4h 40m', '1 điểm', 'Vietnam Airlines', '  Phổ thông', 20, 2747000),
('VN072020231124', 'TP HCM (SGN)', ' Hà Nội (HAN)', '2023-11-24', '07:20', '11:55', '4h 35m', '1 điểm', 'Vietnam Airlines', '  Phổ thông', 20, 2533000),
('VN074020231111', 'TP HCM (SGN)', ' Hà Nội (HAN)', '2023-11-11', '07:40', '15:55', '8h 15m', '1 stop', 'Vietnam Airlines', '  Phổ thông', 20, 2402000),
('VN074020231112', 'TP HCM (SGN)', ' Hà Nội (HAN)', '2023-11-12', '07:40', '15:55', '8h 15m', '1 stop', 'Vietnam Airlines', '  Phổ thông', 20, 4718000),
('VN074020231121', 'TP HCM (SGN)', ' Hà Nội (HAN)', '2023-11-21', '07:40', '16:15', '8h 35m', '1 điểm', 'Vietnam Airlines', '  Phổ thông', 20, 2499000),
('VN074020231122', 'TP HCM (SGN)', ' Hà Nội (HAN)', '2023-11-22', '07:40', '15:55', '8h 15m', '1 điểm', 'Vietnam Airlines', '  Phổ thông', 20, 2812000),
('VN074020231124', 'TP HCM (SGN)', ' Hà Nội (HAN)', '2023-11-24', '07:40', '15:55', '8h 15m', '1 điểm', 'Vietnam Airlines', '  Phổ thông', 20, 3006000),
('VN074520231110', 'Đà Lạt (DLI)', ' TP HCM (SGN)', '2023-11-10', '07:45', '08:40', '55m Bay', 'thẳng 08:4', 'Vietnam Airlines', '  Phổ thông', 20, 755000),
('VN074520231111', 'Hà Nội (HAN)', ' TP HCM (SGN)', '2023-11-11', '07:45', 'SGN', '28h 25m', '1 stop', 'Vietnam Airlines', '  Phổ thông', 20, 11475000),
('VN074520231112', 'Hà Nội (HAN)', ' TP HCM (SGN)', '2023-11-12', '07:45', '22:15', '14h 30m', '1 stop', 'Vietnam Airlines', '  Phổ thông', 20, 13675000),
('VN074520231121', 'Hà Nội (HAN)', ' TP HCM (SGN)', '2023-11-21', '07:45', '20:00', '12h 15m', '1 điểm', 'Vietnam Airlines', '  Phổ thông', 20, 8394000),
('VN074520231122', 'Hà Nội (HAN)', ' TP HCM (SGN)', '2023-11-22', '07:45', '20:00', '12h 15m', '1 điểm', 'Vietnam Airlines', '  Phổ thông', 20, 12459000),
('VN074520231123', 'Hà Nội (HAN)', ' TP HCM (SGN)', '2023-11-23', '07:45', 'SGN', '28h 25m', '1 điểm', 'Vietnam Airlines', '  Phổ thông', 20, 8632000),
('VN074520231124', 'Hà Nội (HAN)', ' TP HCM (SGN)', '2023-11-24', '07:45', '20:00', '12h 15m', '1 điểm', 'Vietnam Airlines', '  Phổ thông', 20, 14353000),
('VN07452023119', 'Hà Nội (HAN)', ' TP HCM (SGN)', '2023-11-09', '07:45', '20:00', '12h 15m', '1 stop', 'Vietnam Airlines', '  Thương gia', 20, 26394000),
('VN080020231110', 'TP HCM (SGN)', ' Đà Nẵng (DAD)', '2023-11-10', '08:00', '09:30', '1h 30m', 'Bay thẳng', 'Vietnam Airlines', '  Phổ thông', 20, 1644000),
('VN080020231111', 'TP HCM (SGN)', ' Đà Nẵng (DAD)', '2023-11-11', '08:00', '09:30', '1h 30m', 'Bay thẳng', 'Vietnam Airlines', '  Phổ thông', 20, 1364000),
('VN080020231112', 'TP HCM (SGN)', ' Đà Nẵng (DAD)', '2023-11-12', '08:00', '09:30', '1h 30m', 'Bay thẳng', 'Vietnam Airlines', '  Phổ thông', 20, 1359000),
('VN080020231121', 'TP HCM (SGN)', ' Hà Nội (HAN)', '2023-11-21', '08:00', '16:40', '8h 40m', '1 điểm', 'Vietnam Airlines', '  Phổ thông', 20, 2564000),
('VN080020231122', 'TP HCM (SGN)', ' Hà Nội (HAN)', '2023-11-22', '08:00', '10:10', '2h 10m', 'Bay thẳng', 'Vietnam Airlines', '  Phổ thông', 20, 3388000),
('VN080020231123', 'TP HCM (SGN)', ' Hà Nội (HAN)', '2023-11-23', '08:00', '10:10', '2h 10m', 'Bay thẳng', 'Vietnam Airlines', '  Phổ thông', 20, 3575000),
('VN080020231124', 'TP HCM (SGN)', ' Hà Nội (HAN)', '2023-11-24', '08:00', '10:10', '2h 10m', 'Bay thẳng', 'Vietnam Airlines', '  Phổ thông', 20, 2946000),
('VN08002023119', 'TP HCM (SGN)', ' Đà Nẵng (DAD)', '2023-11-09', '08:00', '09:30', '1h 30m', 'Bay thẳng', 'Vietnam Airlines', '  Phổ thông', 20, 2071000),
('VN080520231110', 'Hà Nội (HAN)', ' TP HCM (SGN)', '2023-11-10', '08:05', '12:15', '4h 10m', '1 stop', 'Vietnam Airlines', '  Thương gia', 20, 9059000),
('VN080520231111', 'Hà Nội (HAN)', ' TP HCM (SGN)', '2023-11-11', '08:05', '12:20', '4h 15m', '1 stop', 'Vietnam Airlines', '  Phổ thông', 20, 3465000),
('VN080520231112', 'Hà Nội (HAN)', ' TP HCM (SGN)', '2023-11-12', '08:05', '12:20', '4h 15m', '1 stop', 'Vietnam Airlines', '  Phổ thông', 20, 3465000),
('VN080520231121', 'Hà Nội (HAN)', ' TP HCM (SGN)', '2023-11-21', '08:05', '15:55', '7h 50m', '1 điểm', 'Vietnam Airlines', '  Phổ thông', 20, 3773000),
('VN080520231122', 'Hà Nội (HAN)', ' TP HCM (SGN)', '2023-11-22', '08:05', '23:05', '15h 0m', '1 điểm', 'Vietnam Airlines', '  Phổ thông', 20, 3128000),
('VN080520231123', 'Hà Nội (HAN)', ' TP HCM (SGN)', '2023-11-23', '08:05', '15:20', '7h 15m', '1 điểm', 'Vietnam Airlines', '  Phổ thông', 20, 3659000),
('VN080520231124', 'Hà Nội (HAN)', ' TP HCM (SGN)', '2023-11-24', '08:05', '19:25', '11h 20m', '1 điểm', 'Vietnam Airlines', '  Phổ thông', 20, 3831000),
('VN081020231110', 'Đà Nẵng (DAD)', ' TP HCM (SGN)', '2023-11-10', '08:10', '09:50', '1h 40m', 'Bay thẳng', 'Vietnam Airlines', '  Thương gia', 20, 3966000),
('VN081020231111', 'Đà Nẵng (DAD)', ' TP HCM (SGN)', '2023-11-11', '08:10', '09:50', '1h 40m', 'Bay thẳng', 'Vietnam Airlines', '  Phổ thông', 20, 2066000),
('VN081020231112', 'Đà Nẵng (DAD)', ' TP HCM (SGN)', '2023-11-12', '08:10', '09:50', '1h 40m', 'Bay thẳng', 'Vietnam Airlines', '  Phổ thông', 20, 2363000),
('VN081020231121', 'TP HCM (SGN)', ' Hà Nội (HAN)', '2023-11-21', '08:10', '22:30', '14h 20m', '1 điểm', 'Vietnam Airlines', '  Phổ thông', 20, 10283000),
('VN081020231123', 'TP HCM (SGN)', ' Hà Nội (HAN)', '2023-11-23', '08:10', '22:30', '14h 20m', '1 điểm', 'Vietnam Airlines', '  Phổ thông', 20, 7040000),
('VN081020231124', 'TP HCM (SGN)', ' Hà Nội (HAN)', '2023-11-24', '08:10', '22:30', '14h 20m', '1 điểm', 'Vietnam Airlines', '  Phổ thông', 20, 11544000),
('VN08102023119', 'Đà Nẵng (DAD)', ' TP HCM (SGN)', '2023-11-09', '08:10', '09:50', '1h 40m', 'Bay thẳng', 'Vietnam Airlines', '  Phổ thông', 20, 2500000),
('VN081520231110', 'Hà Nội (HAN)', ' TP HCM (SGN)', '2023-11-10', '08:15', '12:55', '4h 40m', '1 stop', 'Vietnam Airlines', '  Phổ thông', 20, 3562000),
('VN081520231111', 'TP HCM (SGN)', ' Hà Nội (HAN)', '2023-11-11', '08:15', '13:20', '5h 5m', '1 stop', 'Vietnam Airlines', '  Phổ thông', 20, 3217000),
('VN081520231112', 'Hà Nội (HAN)', ' TP HCM (SGN)', '2023-11-12', '08:15', '12:55', '4h 40m', '1 stop', 'Vietnam Airlines', '  Phổ thông', 20, 4599000),
('VN081520231121', 'TP HCM (SGN)', ' Hà Nội (HAN)', '2023-11-21', '08:15', '13:20', '5h 5m', '1 điểm', 'Vietnam Airlines', '  Phổ thông', 20, 4917000),
('VN081520231122', 'Hà Nội (HAN)', ' TP HCM (SGN)', '2023-11-22', '08:15', '15:40', '7h 25m', '1 điểm', 'Vietnam Airlines', '  Phổ thông', 20, 4366000),
('VN081520231123', 'Hà Nội (HAN)', ' TP HCM (SGN)', '2023-11-23', '08:15', '13:50', '5h 35m', '1 điểm', 'Vietnam Airlines', '  Phổ thông', 20, 5955000),
('VN081520231124', 'Hà Nội (HAN)', ' TP HCM (SGN)', '2023-11-24', '08:15', '12:55', '4h 40m', '1 điểm', 'Vietnam Airlines', '  Phổ thông', 20, 4912000),
('VN08152023119', 'TP HCM (SGN)', ' Hà Nội (HAN)', '2023-11-09', '08:15', '13:20', '5h 5m', '1 stop', 'Vietnam Airlines', '  Phổ thông', 20, 4636000),
('VN082020231110', 'TP HCM (SGN)', ' Hà Nội (HAN)', '2023-11-10', '08:20', '13:20', '5h 0m', '1 stop', 'Vietnam Airlines', '  Thương gia', 20, 10571000),
('VN082020231111', 'TP HCM (SGN)', ' Hà Nội (HAN)', '2023-11-11', '08:20', '13:20', '5h 0m', '1 stop', 'Vietnam Airlines', '  Phổ thông', 20, 3519000),
('VN082020231112', 'TP HCM (SGN)', ' Hà Nội (HAN)', '2023-11-12', '08:20', '13:20', '5h 0m', '1 stop', 'Vietnam Airlines', '  Phổ thông', 20, 4815000),
('VN082020231121', 'TP HCM (SGN)', ' Hà Nội (HAN)', '2023-11-21', '08:20', '13:20', '5h 0m', '1 điểm', 'Vietnam Airlines', '  Phổ thông', 20, 5274000),
('VN082020231122', 'TP HCM (SGN)', ' Hà Nội (HAN)', '2023-11-22', '08:20', '13:20', '5h 0m', '1 điểm', 'Vietnam Airlines', '  Phổ thông', 20, 4550000),
('VN082020231123', 'TP HCM (SGN)', ' Hà Nội (HAN)', '2023-11-23', '08:20', '13:20', '5h 0m', '1 điểm', 'Vietnam Airlines', '  Phổ thông', 20, 4631000),
('VN082020231124', 'TP HCM (SGN)', ' Hà Nội (HAN)', '2023-11-24', '08:20', '13:20', '5h 0m', '1 điểm', 'Vietnam Airlines', '  Thương gia', 20, 10571000),
('VN08202023119', 'TP HCM (SGN)', ' Hà Nội (HAN)', '2023-11-09', '08:20', '13:20', '5h 0m', '1 stop', 'Vietnam Airlines', '  Phổ thông', 20, 4820000),
('VN083020231111', 'TP HCM (SGN)', ' Hà Nội (HAN)', '2023-11-11', '08:30', '18:25', '9h 55m', '1 stop', 'Vietnam Airlines', '  Phổ thông', 20, 12988000),
('VN083020231121', 'TP HCM (SGN)', ' Hà Nội (HAN)', '2023-11-21', '08:30', '18:25', '9h 55m', '1 điểm', 'Vietnam Airlines', '  Phổ thông', 20, 12985000),
('VN083520231110', 'TP HCM (SGN)', ' Hà Nội (HAN)', '2023-11-10', '08:35', '14:20', '5h 45m', '1 stop', 'Vietnam Airlines', '  Phổ thông', 20, 10535000),
('VN083520231111', 'TP HCM (SGN)', ' Hà Nội (HAN)', '2023-11-11', '08:35', '14:20', '5h 45m', '1 stop', 'Vietnam Airlines', '  Phổ thông', 20, 7601000),
('VN083520231112', 'TP HCM (SGN)', ' Hà Nội (HAN)', '2023-11-12', '08:35', '17:55', '9h 20m', '1 stop', 'Vietnam Airlines', '  Phổ thông', 20, 7601000),
('VN083520231121', 'TP HCM (SGN)', ' Hà Nội (HAN)', '2023-11-21', '08:35', '17:55', '9h 20m', '1 điểm', 'Vietnam Airlines', '  Phổ thông', 20, 6970000),
('VN083520231122', 'TP HCM (SGN)', ' Hà Nội (HAN)', '2023-11-22', '08:35', '14:20', '5h 45m', '1 điểm', 'Vietnam Airlines', '  Phổ thông', 20, 10500000),
('VN083520231123', 'TP HCM (SGN)', ' Hà Nội (HAN)', '2023-11-23', '08:35', '14:20', '5h 45m', '1 điểm', 'Vietnam Airlines', '  Phổ thông', 20, 11348000),
('VN083520231124', 'TP HCM (SGN)', ' Hà Nội (HAN)', '2023-11-24', '08:35', '14:20', '5h 45m', '1 điểm', 'Vietnam Airlines', '  Phổ thông', 20, 11348000),
('VN08352023119', 'TP HCM (SGN)', ' Hà Nội (HAN)', '2023-11-09', '08:35', '14:20', '5h 45m', '1 stop', 'Vietnam Airlines', '  Phổ thông', 20, 7606000),
('VN084020231110', 'Đà Lạt (DLI)', ' TP HCM (SGN)', '2023-11-10', '08:40', '09:45', '1h 5m', 'Bay thẳng', 'Vietnam Airlines', '  Phổ thông', 20, 1121000),
('VN08402023119', 'Đà Lạt (DLI)', ' TP HCM (SGN)', '2023-11-09', '08:40', '09:45', '1h 5m', 'Bay thẳng', 'Vietnam Airlines', '  Phổ thông', 20, 1239000),
('VN084520231112', 'Đà Lạt (DLI)', ' TP HCM (SGN)', '2023-11-12', '08:45', '09:45', '1h 0m', 'Bay thẳng', 'Vietnam Airlines', '  Phổ thông', 20, 1558000),
('VN084520231123', 'TP HCM (SGN)', ' Hà Nội (HAN)', '2023-11-23', '08:45', '22:55', '14h 10m', '1 điểm', 'Vietnam Airlines', '  Phổ thông', 20, 2151000),
('VN085020231110', 'Hà Nội (HAN)', ' TP HCM (SGN)', '2023-11-10', '08:50', '14:55', '6h 5m', '1 stop', 'Vietnam Airlines', '  Phổ thông', 20, 3206000),
('VN085020231111', 'Hà Nội (HAN)', ' TP HCM (SGN)', '2023-11-11', '08:50', '14:55', '6h 5m', '1 stop', 'Vietnam Airlines', '  Phổ thông', 20, 3098000),
('VN085020231112', 'Hà Nội (HAN)', ' TP HCM (SGN)', '2023-11-12', '08:50', '14:55', '6h 5m', '1 stop', 'Vietnam Airlines', '  Phổ thông', 20, 3929000),
('VN085020231121', 'Hà Nội (HAN)', ' TP HCM (SGN)', '2023-11-21', '08:50', '14:55', '6h 5m', '1 điểm', 'Vietnam Airlines', '  Phổ thông', 20, 4162000),
('VN085020231122', 'Hà Nội (HAN)', ' TP HCM (SGN)', '2023-11-22', '08:50', '14:55', '6h 5m', '1 điểm', 'Vietnam Airlines', '  Phổ thông', 20, 4518000),
('VN08502023119', 'TP HCM (SGN)', ' Hà Nội (HAN)', '2023-11-09', '08:50', '22:55', '14h 5m', '1 stop', 'Vietnam Airlines', '  Phổ thông', 20, 2008000),
('VN090020231110', 'TP HCM (SGN)', ' Đà Nẵng (DAD)', '2023-11-10', '09:00', '10:30', '1h 30m', 'Bay thẳng', 'Vietnam Airlines', '  Phổ thông', 20, 1914000),
('VN090020231111', 'TP HCM (SGN)', ' Đà Nẵng (DAD)', '2023-11-11', '09:00', '10:30', '1h 30m', 'Bay thẳng', 'Vietnam Airlines', '  Phổ thông', 20, 1914000),
('VN090020231112', 'TP HCM (SGN)', ' Đà Nẵng (DAD)', '2023-11-12', '09:00', '10:30', '1h 30m', 'Bay thẳng', 'Vietnam Airlines', '  Phổ thông', 20, 1644000),
('VN090020231121', 'TP HCM (SGN)', ' Hà Nội (HAN)', '2023-11-21', '09:00', '12:45', '3h 45m', '1 điểm', 'Vietnam Airlines', '  Phổ thông', 20, 4086000),
('VN090020231122', 'TP HCM (SGN)', ' Hà Nội (HAN)', '2023-11-22', '09:00', '11:20', '2h 20m', 'Bay thẳng', 'Vietnam Airlines', '  Phổ thông', 20, 3580000),
('VN090020231123', 'TP HCM (SGN)', ' Hà Nội (HAN)', '2023-11-23', '09:00', '11:20', '2h 20m', 'Bay thẳng', 'Vietnam Airlines', '  Phổ thông', 20, 3575000),
('VN090020231124', 'TP HCM (SGN)', ' Hà Nội (HAN)', '2023-11-24', '09:00', '11:20', '2h 20m', 'Bay thẳng', 'Vietnam Airlines', '  Phổ thông', 20, 3575000),
('VN09002023119', 'TP HCM (SGN)', ' Đà Nẵng (DAD)', '2023-11-09', '09:00', '10:30', '1h 30m', 'Bay thẳng', 'Vietnam Airlines', '  Phổ thông', 20, 2222000),
('VN09052023119', 'TP HCM (SGN)', ' Hà Nội (HAN)', '2023-11-09', '09:05', '16:45', '7h 40m', '1 stop', 'Vietnam Airlines', '  Phổ thông', 20, 3071000),
('VN091520231110', 'Đà Nẵng (DAD)', ' TP HCM (SGN)', '2023-11-10', '09:15', '10:50', '1h 35m', 'Bay thẳng', 'Vietnam Airlines', '  Phổ thông', 20, 2495000),
('VN091520231111', 'Đà Nẵng (DAD)', ' TP HCM (SGN)', '2023-11-11', '09:15', '10:50', '1h 35m', 'Bay thẳng', 'Vietnam Airlines', '  Phổ thông', 20, 2368000),
('VN091520231112', 'Đà Nẵng (DAD)', ' TP HCM (SGN)', '2023-11-12', '09:15', '10:50', '1h 35m', 'Bay thẳng', 'Vietnam Airlines', '  Phổ thông', 20, 2212000),
('VN091520231121', 'Hà Nội (HAN)', ' TP HCM (SGN)', '2023-11-21', '09:15', '15:55', '6h 40m', '1 điểm', 'Vietnam Airlines', '  Phổ thông', 20, 3892000),
('VN091520231122', 'Hà Nội (HAN)', ' TP HCM (SGN)', '2023-11-22', '09:15', '13:05', '3h 50m', '1 điểm', 'Vietnam Airlines', '  Phổ thông', 20, 4826000),
('VN091520231123', 'Hà Nội (HAN)', ' TP HCM (SGN)', '2023-11-23', '09:15', '14:25', '5h 10m', '1 điểm', 'Vietnam Airlines', '  Phổ thông', 20, 4426000),
('VN091520231124', 'Hà Nội (HAN)', ' TP HCM (SGN)', '2023-11-24', '09:15', '17:10', '7h 55m', '1 điểm', 'Vietnam Airlines', '  Phổ thông', 20, 7087000),
('VN09152023119', 'Đà Nẵng (DAD)', ' TP HCM (SGN)', '2023-11-09', '09:15', '10:50', '1h 35m', 'Bay thẳng', 'Vietnam Airlines', '  Phổ thông', 20, 2500000),
('VN092520231110', 'Hà Nội (HAN)', ' TP HCM (SGN)', '2023-11-10', '09:25', '11:55', '2h 30m', 'Bay thẳng', 'Vietnam Airlines', '  Phổ thông', 20, 2579000),
('VN092520231111', 'Hà Nội (HAN)', ' TP HCM (SGN)', '2023-11-11', '09:25', '11:55', '2h 30m', 'Bay thẳng', 'Vietnam Airlines', '  Phổ thông', 20, 2579000),
('VN092520231112', 'Hà Nội (HAN)', ' TP HCM (SGN)', '2023-11-12', '09:25', '11:55', '2h 30m', 'Bay thẳng', 'Vietnam Airlines', '  Phổ thông', 20, 2287000),
('VN092520231121', 'Hà Nội (HAN)', ' TP HCM (SGN)', '2023-11-21', '09:25', '17:45', '8h 20m', '2 điểm', 'Vietnam Airlines', '  Phổ thông', 20, 10297000),
('VN092520231122', 'Hà Nội (HAN)', ' TP HCM (SGN)', '2023-11-22', '09:25', '17:45', '8h 20m', '2 điểm', 'Vietnam Airlines', '  Phổ thông', 20, 14679000),
('VN09252023119', 'Hà Nội (HAN)', ' TP HCM (SGN)', '2023-11-09', '09:25', '11:40', '2h 15m', 'Bay thẳng', 'Vietnam Airlines', '  Phổ thông', 20, 2892000),
('VN094020231111', 'Hà Nội (HAN)', ' TP HCM (SGN)', '2023-11-11', '09:40', '16:25', '6h 45m', '1 stop', 'Vietnam Airlines', '  Phổ thông', 20, 3789000),
('VN095020231110', 'Hà Nội (HAN)', ' TP HCM (SGN)', '2023-11-10', '09:50', '22:05', '12h 15m', '1 stop', 'Vietnam Airlines', '  Phổ thông', 20, 4596000),
('VN095020231111', 'Hà Nội (HAN)', ' TP HCM (SGN)', '2023-11-11', '09:50', '15:25', '5h 35m', '1 stop', 'Vietnam Airlines', '  Phổ thông', 20, 3173000),
('VN095020231112', 'Hà Nội (HAN)', ' TP HCM (SGN)', '2023-11-12', '09:50', '15:25', '5h 35m', '1 stop', 'Vietnam Airlines', '  Thương gia', 20, 10463000),
('VN095020231121', 'Hà Nội (HAN)', ' TP HCM (SGN)', '2023-11-21', '09:50', '17:25', '7h 35m', '1 điểm', 'Vietnam Airlines', '  Phổ thông', 20, 2942000),
('VN095020231122', 'Hà Nội (HAN)', ' TP HCM (SGN)', '2023-11-22', '09:50', '15:25', '5h 35m', '1 điểm', 'Vietnam Airlines', '  Phổ thông', 20, 4906000),
('VN095020231123', 'Hà Nội (HAN)', ' TP HCM (SGN)', '2023-11-23', '09:50', '22:05', '12h 15m', '1 điểm', 'Vietnam Airlines', '  Phổ thông', 20, 3091000),
('VN095020231124', 'Hà Nội (HAN)', ' TP HCM (SGN)', '2023-11-24', '09:50', '15:25', '5h 35m', '1 điểm', 'Vietnam Airlines', '  Phổ thông', 20, 4361000),
('VN09502023119', 'Hà Nội (HAN)', ' TP HCM (SGN)', '2023-11-09', '09:50', '15:25', '5h 35m', '1 stop', 'Vietnam Airlines', '  Phổ thông', 20, 4744000),
('VN095520231110', 'TP HCM (SGN)', ' Hà Nội (HAN)', '2023-11-10', '09:55', '17:45', '7h 50m', '1 stop', 'Vietnam Airlines', '  Phổ thông', 20, 10820000),
('VN095520231111', 'TP HCM (SGN)', ' Hà Nội (HAN)', '2023-11-11', '09:55', '17:45', '7h 50m', '1 stop', 'Vietnam Airlines', '  Phổ thông', 20, 10331000),
('VN095520231112', 'TP HCM (SGN)', ' Hà Nội (HAN)', '2023-11-12', '09:55', '17:45', '7h 50m', '1 stop', 'Vietnam Airlines', '  Phổ thông', 20, 10331000),
('VN095520231121', 'TP HCM (SGN)', ' Hà Nội (HAN)', '2023-11-21', '09:55', '17:45', '7h 50m', '1 điểm', 'Vietnam Airlines', '  Phổ thông', 20, 11268000),
('VN095520231122', 'TP HCM (SGN)', ' Hà Nội (HAN)', '2023-11-22', '09:55', '17:45', '7h 50m', '1 điểm', 'Vietnam Airlines', '  Phổ thông', 20, 10294000),
('VN095520231123', 'TP HCM (SGN)', ' Hà Nội (HAN)', '2023-11-23', '09:55', '17:45', '7h 50m', '1 điểm', 'Vietnam Airlines', '  Phổ thông', 20, 11506000),
('VN095520231124', 'TP HCM (SGN)', ' Hà Nội (HAN)', '2023-11-24', '09:55', '17:45', '7h 50m', '1 điểm', 'Vietnam Airlines', '  Phổ thông', 20, 10776000),
('VN09552023119', 'TP HCM (SGN)', ' Hà Nội (HAN)', '2023-11-09', '09:55', '17:45', '7h 50m', '1 stop', 'Vietnam Airlines', '  Phổ thông', 20, 10825000),
('VN100020231110', 'TP HCM (SGN)', ' Hà Nội (HAN)', '2023-11-10', '10:00', '12:10', '2h 10m', 'Bay thẳng', 'Vietnam Airlines', '  Phổ thông', 20, 3575000),
('VN100020231111', 'TP HCM (SGN)', ' Hà Nội (HAN)', '2023-11-11', '10:00', '12:10', '2h 10m', 'Bay thẳng', 'Vietnam Airlines', '  Phổ thông', 20, 3575000),
('VN100020231112', 'TP HCM (SGN)', ' Hà Nội (HAN)', '2023-11-12', '10:00', '12:10', '2h 10m', 'Bay thẳng', 'Vietnam Airlines', '  Phổ thông', 20, 2730000),
('VN100020231121', 'TP HCM (SGN)', ' Hà Nội (HAN)', '2023-11-21', '10:00', '12:10', '2h 10m', 'Bay thẳng', 'Vietnam Airlines', '  Thương gia', 20, 8831000),
('VN100020231122', 'TP HCM (SGN)', ' Hà Nội (HAN)', '2023-11-22', '10:00', '12:10', '2h 10m', 'Bay thẳng', 'Vietnam Airlines', '  Phổ thông', 20, 3388000),
('VN100020231123', 'TP HCM (SGN)', ' Hà Nội (HAN)', '2023-11-23', '10:00', '12:10', '2h 10m', 'Bay thẳng', 'Vietnam Airlines', '  Thương gia', 20, 8826000),
('VN100020231124', 'TP HCM (SGN)', ' Hà Nội (HAN)', '2023-11-24', '10:00', '12:10', '2h 10m', 'Bay thẳng', 'Vietnam Airlines', '  Phổ thông', 20, 3378000),
('VN10002023119', 'TP HCM (SGN)', ' Hà Nội (HAN)', '2023-11-09', '10:00', '12:10', '2h 10m', 'Bay thẳng', 'Vietnam Airlines', '  Thương gia', 20, 8831000),
('VN100520231110', 'Hà Nội (HAN)', ' TP HCM (SGN)', '2023-11-10', '10:05', '16:30', '6h 25m', '1 stop', 'Vietnam Airlines', '  Phổ thông', 20, 5096000),
('VN100520231111', 'Hà Nội (HAN)', ' TP HCM (SGN)', '2023-11-11', '10:05', '15:40', '5h 35m', '1 stop', 'Vietnam Airlines', '  Phổ thông', 20, 2693000),
('VN100520231112', 'Hà Nội (HAN)', ' TP HCM (SGN)', '2023-11-12', '10:05', '18:20', '8h 15m', '1 stop', 'Vietnam Airlines', '  Phổ thông', 20, 5955000),
('VN100520231122', 'Hà Nội (HAN)', ' TP HCM (SGN)', '2023-11-22', '10:05', '15:40', '5h 35m', '1 điểm', 'Vietnam Airlines', '  Phổ thông', 20, 4636000),
('VN100520231123', 'Hà Nội (HAN)', ' TP HCM (SGN)', '2023-11-23', '10:05', '18:40', '8h 35m', '1 điểm', 'Vietnam Airlines', '  Phổ thông', 20, 4783000),
('VN100520231124', 'Hà Nội (HAN)', ' TP HCM (SGN)', '2023-11-24', '10:05', '18:40', '8h 35m', '1 điểm', 'Vietnam Airlines', '  Phổ thông', 20, 5096000),
('VN101020231112', 'TP HCM (SGN)', ' Hà Nội (HAN)', '2023-11-12', '10:10', '15:15', '5h 5m', '1 stop', 'Vietnam Airlines', '  Phổ thông', 20, 5955000),
('VN101520231110', 'Đà Nẵng (DAD)', ' TP HCM (SGN)', '2023-11-10', '10:15', '12:15', '2h 0m', 'Bay thẳng', 'Vietnam Airlines', '  Phổ thông', 20, 2495000),
('VN101520231111', 'Đà Nẵng (DAD)', ' TP HCM (SGN)', '2023-11-11', '10:15', '12:15', '2h 0m', 'Bay thẳng', 'Vietnam Airlines', '  Phổ thông', 20, 2495000),
('VN101520231112', 'Đà Nẵng (DAD)', ' TP HCM (SGN)', '2023-11-12', '10:15', '12:15', '2h 0m', 'Bay thẳng', 'Vietnam Airlines', '  Phổ thông', 20, 2495000),
('VN10152023119', 'Đà Nẵng (DAD)', ' TP HCM (SGN)', '2023-11-09', '10:15', '12:15', '2h 0m', 'Bay thẳng', 'Vietnam Airlines', '  Phổ thông', 20, 2373000),
('VN103020231110', 'TP HCM (SGN)', ' Đà Nẵng (DAD)', '2023-11-10', '10:30', '12:10', '1h 40m', 'Bay thẳng', 'Vietnam Airlines', '  Phổ thông', 20, 1644000),
('VN103020231111', 'TP HCM (SGN)', ' Đà Nẵng (DAD)', '2023-11-11', '10:30', '12:10', '1h 40m', 'Bay thẳng', 'Vietnam Airlines', '  Phổ thông', 20, 2066000),
('VN103020231112', 'TP HCM (SGN)', ' Đà Nẵng (DAD)', '2023-11-12', '10:30', '12:10', '1h 40m', 'Bay thẳng', 'Vietnam Airlines', '  Phổ thông', 20, 1504000),
('VN103020231122', 'TP HCM (SGN)', ' Hà Nội (HAN)', '2023-11-22', '10:30', '16:05', '5h 35m', '1 điểm', 'Vietnam Airlines', '  Phổ thông', 20, 3934000),
('VN103020231123', 'TP HCM (SGN)', ' Hà Nội (HAN)', '2023-11-23', '10:30', '16:05', '5h 35m', '1 điểm', 'Vietnam Airlines', '  Phổ thông', 20, 4232000),
('VN103020231124', 'TP HCM (SGN)', ' Hà Nội (HAN)', '2023-11-24', '10:30', '17:15', '6h 45m', '1 điểm', 'Vietnam Airlines', '  Phổ thông', 20, 3929000),
('VN10302023119', 'TP HCM (SGN)', ' Đà Nẵng (DAD)', '2023-11-09', '10:30', '12:10', '1h 40m', 'Bay thẳng', 'Vietnam Airlines', '  Phổ thông', 20, 1919000),
('VN104020231110', 'Hà Nội (HAN)', ' TP HCM (SGN)', '2023-11-10', '10:40', '17:05', '6h 25m', '1 stop', 'Vietnam Airlines', '  Phổ thông', 20, 10005000),
('VN104020231111', 'Đà Nẵng (DAD)', ' TP HCM (SGN)', '2023-11-11', '10:40', '12:10', '1h 30m', 'Bay thẳng', 'Vietnam Airlines', '  Phổ thông', 20, 2495000),
('VN104020231112', 'Hà Nội (HAN)', ' TP HCM (SGN)', '2023-11-12', '10:40', '17:05', '6h 25m', '1 stop', 'Vietnam Airlines', '  Phổ thông', 20, 8538000),
('VN104020231122', 'Hà Nội (HAN)', ' TP HCM (SGN)', '2023-11-22', '10:40', '17:05', '6h 25m', '1 điểm', 'Vietnam Airlines', '  Phổ thông', 20, 8020000),
('VN104020231123', 'Hà Nội (HAN)', ' TP HCM (SGN)', '2023-11-23', '10:40', '17:05', '6h 25m', '1 điểm', 'Vietnam Airlines', '  Phổ thông', 20, 13615000),
('VN10402023119', 'Hà Nội (HAN)', ' TP HCM (SGN)', '2023-11-09', '10:40', '18:35', '7h 55m', '1 stop', 'Vietnam Airlines', '  Phổ thông', 20, 14656000),
('VN104520231124', 'Hà Nội (HAN)', ' TP HCM (SGN)', '2023-11-24', '10:45', '18:45', '8h 0m', '1 điểm', 'Vietnam Airlines', '  Phổ thông', 20, 4599000),
('VN105020231111', 'TP HCM (SGN)', ' Hà Nội (HAN)', '2023-11-11', '10:50', '15:15', '4h 25m', '1 stop', 'Vietnam Airlines', '  Phổ thông', 20, 3411000),
('VN105020231112', 'TP HCM (SGN)', ' Hà Nội (HAN)', '2023-11-12', '10:50', '15:15', '4h 25m', '1 stop', 'Vietnam Airlines', '  Phổ thông', 20, 5955000),
('VN105020231121', 'TP HCM (SGN)', ' Hà Nội (HAN)', '2023-11-21', '10:50', '17:15', '6h 25m', '1 điểm', 'Vietnam Airlines', '  Phổ thông', 20, 2844000),
('VN105020231122', 'TP HCM (SGN)', ' Hà Nội (HAN)', '2023-11-22', '10:50', '15:15', '4h 25m', '1 điểm', 'Vietnam Airlines', '  Phổ thông', 20, 4550000),
('VN105020231123', 'TP HCM (SGN)', ' Hà Nội (HAN)', '2023-11-23', '10:50', '15:15', '4h 25m', '1 điểm', 'Vietnam Airlines', '  Phổ thông', 20, 5955000),
('VN105020231124', 'TP HCM (SGN)', ' Hà Nội (HAN)', '2023-11-24', '10:50', '15:15', '4h 25m', '1 điểm', 'Vietnam Airlines', '  Thương gia', 20, 11543000),
('VN105520231110', 'TP HCM (SGN)', ' Hà Nội (HAN)', '2023-11-10', '10:55', '16:45', '5h 50m', '1 stop', 'Vietnam Airlines', '  Thương gia', 20, 9923000),
('VN105520231111', 'TP HCM (SGN)', ' Hà Nội (HAN)', '2023-11-11', '10:55', '16:45', '5h 50m', '1 stop', 'Vietnam Airlines', '  Phổ thông', 20, 3465000),
('VN105520231112', 'Hà Nội (HAN)', ' TP HCM (SGN)', '2023-11-12', '10:55', '18:45', '7h 50m', '1 stop', 'Vietnam Airlines', '  Phổ thông', 20, 4124000),
('VN105520231121', 'TP HCM (SGN)', ' Hà Nội (HAN)', '2023-11-21', '10:55', '16:45', '5h 50m', '1 điểm', 'Vietnam Airlines', '  Thương gia', 20, 9928000),
('VN105520231122', 'TP HCM (SGN)', ' Hà Nội (HAN)', '2023-11-22', '10:55', '16:45', '5h 50m', '1 điểm', 'Vietnam Airlines', '  Phổ thông', 20, 4215000),
('VN10552023119', 'TP HCM (SGN)', ' Hà Nội (HAN)', '2023-11-09', '10:55', '16:45', '5h 50m', '1 stop', 'Vietnam Airlines', '  Phổ thông', 20, 3352000),
('VN110020231110', 'TP HCM (SGN)', ' Hà Nội (HAN)', '2023-11-10', '11:00', '13:15', '2h 15m', 'Bay thẳng', 'Vietnam Airlines', '  Phổ thông', 20, 3575000),
('VN110020231111', 'TP HCM (SGN)', ' Hà Nội (HAN)', '2023-11-11', '11:00', '13:15', '2h 15m', 'Bay thẳng', 'Vietnam Airlines', '  Phổ thông', 20, 3575000),
('VN110020231112', 'TP HCM (SGN)', ' Hà Nội (HAN)', '2023-11-12', '11:00', '13:15', '2h 15m', 'Bay thẳng', 'Vietnam Airlines', '  Phổ thông', 20, 2730000),
('VN110020231121', 'TP HCM (SGN)', ' Hà Nội (HAN)', '2023-11-21', '11:00', '13:15', '2h 15m', 'Bay thẳng', 'Vietnam Airlines', '  Phổ thông', 20, 3580000),
('VN110020231122', 'TP HCM (SGN)', ' Hà Nội (HAN)', '2023-11-22', '11:00', '13:15', '2h 15m', 'Bay thẳng', 'Vietnam Airlines', '  Phổ thông', 20, 3580000),
('VN110020231123', 'TP HCM (SGN)', ' Hà Nội (HAN)', '2023-11-23', '11:00', '13:15', '2h 15m', 'Bay thẳng', 'Vietnam Airlines', '  Phổ thông', 20, 3575000),
('VN110020231124', 'TP HCM (SGN)', ' Hà Nội (HAN)', '2023-11-24', '11:00', '13:15', '2h 15m', 'Bay thẳng', 'Vietnam Airlines', '  Phổ thông', 20, 3575000),
('VN11002023119', 'Hà Nội (HAN)', ' TP HCM (SGN)', '2023-11-09', '11:00', '13:15', '2h 15m', 'Bay thẳng', 'Vietnam Airlines', '  Phổ thông', 20, 2730000),
('VN110520231121', 'TP HCM (SGN)', ' Hà Nội (HAN)', '2023-11-21', '11:05', '17:15', '6h 10m', '1 điểm', 'Vietnam Airlines', '  Phổ thông', 20, 2661000),
('VN111020231110', 'TP HCM (SGN)', ' Hà Nội (HAN)', '2023-11-10', '11:10', '16:45', '5h 35m', '1 stop', 'Vietnam Airlines', '  Phổ thông', 20, 5361000),
('VN111020231111', 'TP HCM (SGN)', ' Hà Nội (HAN)', '2023-11-11', '11:10', '16:45', '5h 35m', '1 stop', 'Vietnam Airlines', '  Phổ thông', 20, 4027000),
('VN111020231112', 'TP HCM (SGN)', ' Đà Lạt (DLI)', '2023-11-12', '11:10', '12:05', '55m Bay', 'thẳng 12:0', 'Vietnam Airlines', '  Phổ thông', 20, 1045000),
('VN111020231122', 'TP HCM (SGN)', ' Hà Nội (HAN)', '2023-11-22', '11:10', '16:45', '5h 35m', '1 điểm', 'Vietnam Airlines', '  Phổ thông', 20, 4032000),
('VN111020231124', 'TP HCM (SGN)', ' Hà Nội (HAN)', '2023-11-24', '11:10', '16:45', '5h 35m', '1 điểm', 'Vietnam Airlines', '  Phổ thông', 20, 4264000),
('VN11102023119', 'TP HCM (SGN)', ' Hà Nội (HAN)', '2023-11-09', '11:10', '16:45', '5h 35m', '1 stop', 'Vietnam Airlines', '  Phổ thông', 20, 3071000),
('VN112020231110', 'Đà Nẵng (DAD)', ' TP HCM (SGN)', '2023-11-10', '11:20', '13:05', '1h 45m', 'Bay thẳng', 'Vietnam Airlines', '  Phổ thông', 20, 2495000),
('VN112020231111', 'Đà Nẵng (DAD)', ' TP HCM (SGN)', '2023-11-11', '11:20', '13:05', '1h 45m', 'Bay thẳng', 'Vietnam Airlines', '  Phổ thông', 20, 2066000),
('VN112020231112', 'Đà Nẵng (DAD)', ' TP HCM (SGN)', '2023-11-12', '11:20', '13:05', '1h 45m', 'Bay thẳng', 'Vietnam Airlines', '  Phổ thông', 20, 2495000),
('VN112020231121', 'TP HCM (SGN)', ' Hà Nội (HAN)', '2023-11-21', '11:20', '20:00', '8h 40m', '1 điểm', 'Vietnam Airlines', '  Phổ thông', 20, 3448000),
('VN112020231122', 'TP HCM (SGN)', ' Hà Nội (HAN)', '2023-11-22', '11:20', '20:00', '8h 40m', '1 điểm', 'Vietnam Airlines', '  Phổ thông', 20, 3999000),
('VN112020231123', 'TP HCM (SGN)', ' Hà Nội (HAN)', '2023-11-23', '11:20', '20:00', '8h 40m', '1 điểm', 'Vietnam Airlines', '  Phổ thông', 20, 2812000),
('VN112020231124', 'TP HCM (SGN)', ' Hà Nội (HAN)', '2023-11-24', '11:20', '20:00', '8h 40m', '1 điểm', 'Vietnam Airlines', '  Phổ thông', 20, 3341000),
('VN11202023119', 'Đà Nẵng (DAD)', ' TP HCM (SGN)', '2023-11-09', '11:20', '13:05', '1h 45m', 'Bay thẳng', 'Vietnam Airlines', '  Phổ thông', 20, 2373000),
('VN112520231111', 'TP HCM (SGN)', ' Hà Nội (HAN)', '2023-11-11', '11:25', '19:45', '8h 20m', '1 stop', 'Vietnam Airlines', '  Phổ thông', 20, 4113000),
('VN112520231112', 'TP HCM (SGN)', ' Hà Nội (HAN)', '2023-11-12', '11:25', '19:45', '8h 20m', '1 stop', 'Vietnam Airlines', '  Phổ thông', 20, 4821000),
('VN112520231121', 'TP HCM (SGN)', ' Hà Nội (HAN)', '2023-11-21', '11:25', '19:50', '8h 25m', '1 điểm', 'Vietnam Airlines', '  Phổ thông', 20, 3114000),
('VN112520231122', 'TP HCM (SGN)', ' Hà Nội (HAN)', '2023-11-22', '11:25', '19:50', '8h 25m', '1 điểm', 'Vietnam Airlines', '  Phổ thông', 20, 3104000),
('VN112520231123', 'TP HCM (SGN)', ' Hà Nội (HAN)', '2023-11-23', '11:25', '22:55', '11h 30m', '1 điểm', 'Vietnam Airlines', '  Phổ thông', 20, 2281000),
('VN112520231124', 'TP HCM (SGN)', ' Hà Nội (HAN)', '2023-11-24', '11:25', '20:10', '8h 45m', '1 điểm', 'Vietnam Airlines', '  Thương gia', 20, 7110000),
('VN11252023119', 'TP HCM (SGN)', ' Hà Nội (HAN)', '2023-11-09', '11:25', '22:55', '11h 30m', '1 stop', 'Vietnam Airlines', '  Phổ thông', 20, 3118000),
('VN113020231110', 'TP HCM (SGN)', ' Đà Nẵng (DAD)', '2023-11-10', '11:30', '12:45', '1h 15m', 'Bay thẳng', 'Vietnam Airlines', '  Phổ thông', 20, 1547000),
('VN113020231111', 'TP HCM (SGN)', ' Đà Nẵng (DAD)', '2023-11-11', '11:30', '12:45', '1h 15m', 'Bay thẳng', 'Vietnam Airlines', '  Phổ thông', 20, 1385000),
('VN113020231112', 'TP HCM (SGN)', ' Đà Nẵng (DAD)', '2023-11-12', '11:30', '12:45', '1h 15m', 'Bay thẳng', 'Vietnam Airlines', '  Phổ thông', 20, 1385000),
('VN113020231121', 'TP HCM (SGN)', ' Hà Nội (HAN)', '2023-11-21', '11:30', '17:55', '6h 25m', '1 điểm', 'Vietnam Airlines', '  Phổ thông', 20, 10500000),
('VN113020231122', 'TP HCM (SGN)', ' Hà Nội (HAN)', '2023-11-22', '11:30', '17:55', '6h 25m', '1 điểm', 'Vietnam Airlines', '  Phổ thông', 20, 10500000),
('VN113020231123', 'TP HCM (SGN)', ' Hà Nội (HAN)', '2023-11-23', '11:30', '17:55', '6h 25m', '1 điểm', 'Vietnam Airlines', '  Phổ thông', 20, 8426000),
('VN113020231124', 'TP HCM (SGN)', ' Hà Nội (HAN)', '2023-11-24', '11:30', '17:55', '6h 25m', '1 điểm', 'Vietnam Airlines', '  Phổ thông', 20, 12078000),
('VN11302023119', 'TP HCM (SGN)', ' Hà Nội (HAN)', '2023-11-09', '11:30', '20:55', '9h 25m', '1 stop', 'Vietnam Airlines', '  Phổ thông', 20, 7973000),
('VN113520231111', 'TP HCM (SGN)', ' Hà Nội (HAN)', '2023-11-11', '11:35', '18:20', '6h 45m', '1 stop', 'Vietnam Airlines', '  Phổ thông', 20, 15017000),
('VN113520231121', 'TP HCM (SGN)', ' Hà Nội (HAN)', '2023-11-21', '11:35', '18:20', '6h 45m', '1 điểm', 'Vietnam Airlines', '  Phổ thông', 20, 14958000),
('VN11402023119', 'TP HCM (SGN)', ' Đà Nẵng (DAD)', '2023-11-09', '11:40', '13:00', '1h 20m', 'Bay thẳng', 'Vietnam Airlines', '  Phổ thông', 20, 1542000),
('VN114520231110', 'TP HCM (SGN)', ' Đà Nẵng (DAD)', '2023-11-10', '11:45', '13:15', '1h 30m', 'Bay thẳng', 'Vietnam Airlines', '  Phổ thông', 20, 1499000),
('VN114520231112', 'TP HCM (SGN)', ' Đà Nẵng (DAD)', '2023-11-12', '11:45', '13:15', '1h 30m', 'Bay thẳng', 'Vietnam Airlines', '  Phổ thông', 20, 1504000),
('VN114520231121', 'Hà Nội (HAN)', ' TP HCM (SGN)', '2023-11-21', '11:45', '22:10', '10h 25m', '1 điểm', 'Vietnam Airlines', '  Phổ thông', 20, 26971000),
('VN114520231122', 'TP HCM (SGN)', ' Hà Nội (HAN)', '2023-11-22', '11:45', '16:05', '4h 20m', '1 điểm', 'Vietnam Airlines', '  Thương gia', 20, 9064000),
('VN114520231123', 'Hà Nội (HAN)', ' TP HCM (SGN)', '2023-11-23', '11:45', '22:10', '10h 25m', '1 điểm', 'Vietnam Airlines', '  Phổ thông', 20, 26966000),
('VN114520231124', 'TP HCM (SGN)', ' Hà Nội (HAN)', '2023-11-24', '11:45', '17:15', '5h 30m', '1 điểm', 'Vietnam Airlines', '  Phổ thông', 20, 3778000),
('VN120020231110', 'TP HCM (SGN)', ' Hà Nội (HAN)', '2023-11-10', '12:00', '14:10', '2h 10m', 'Bay thẳng', 'Vietnam Airlines', '  Phổ thông', 20, 3575000),
('VN120020231111', 'TP HCM (SGN)', ' Đà Nẵng (DAD)', '2023-11-11', '12:00', '13:45', '1h 45m', 'Bay thẳng', 'Vietnam Airlines', '  Phổ thông', 20, 1644000),
('VN120020231112', 'TP HCM (SGN)', ' Hà Nội (HAN)', '2023-11-12', '12:00', '14:10', '2h 10m', 'Bay thẳng', 'Vietnam Airlines', '  Phổ thông', 20, 2525000),
('VN120020231121', 'TP HCM (SGN)', ' Hà Nội (HAN)', '2023-11-21', '12:00', '14:10', '2h 10m', 'Bay thẳng', 'Vietnam Airlines', '  Phổ thông', 20, 3580000),
('VN120020231122', 'TP HCM (SGN)', ' Hà Nội (HAN)', '2023-11-22', '12:00', '14:10', '2h 10m', 'Bay thẳng', 'Vietnam Airlines', '  Phổ thông', 20, 3580000),
('VN120020231123', 'TP HCM (SGN)', ' Hà Nội (HAN)', '2023-11-23', '12:00', '14:10', '2h 10m', 'Bay thẳng', 'Vietnam Airlines', '  Phổ thông', 20, 3575000),
('VN120020231124', 'TP HCM (SGN)', ' Hà Nội (HAN)', '2023-11-24', '12:00', '14:10', '2h 10m', 'Bay thẳng', 'Vietnam Airlines', '  Phổ thông', 20, 3575000),
('VN12002023119', 'TP HCM (SGN)', ' Đà Nẵng (DAD)', '2023-11-09', '12:00', '13:45', '1h 45m', 'Bay thẳng', 'Vietnam Airlines', '  Phổ thông', 20, 1639000),
('VN120520231110', 'Hà Nội (HAN)', ' TP HCM (SGN)', '2023-11-10', '12:05', '18:00', '5h 55m', '1 stop', 'Vietnam Airlines', '  Phổ thông', 20, 5361000),
('VN120520231111', 'Hà Nội (HAN)', ' TP HCM (SGN)', '2023-11-11', '12:05', '19:15', '7h 10m', '1 stop', 'Vietnam Airlines', '  Phổ thông', 20, 3357000),
('VN120520231122', 'Hà Nội (HAN)', ' TP HCM (SGN)', '2023-11-22', '12:05', '17:55', '5h 50m', '1 điểm', 'Vietnam Airlines', '  Phổ thông', 20, 4269000),
('VN120520231123', 'Hà Nội (HAN)', ' TP HCM (SGN)', '2023-11-23', '12:05', '22:05', '10h 0m', '1 điểm', 'Vietnam Airlines', '  Phổ thông', 20, 2310000),
('VN120520231124', 'Hà Nội (HAN)', ' TP HCM (SGN)', '2023-11-24', '12:05', '17:25', '5h 20m', '1 điểm', 'Vietnam Airlines', '  Phổ thông', 20, 3168000),
('VN12052023119', 'Hà Nội (HAN)', ' TP HCM (SGN)', '2023-11-09', '12:05', '18:05', '6h 0m', '1 stop', 'Vietnam Airlines', '  Phổ thông', 20, 2855000),
('VN121020231110', 'Hà Nội (HAN)', ' TP HCM (SGN)', '2023-11-10', '12:10', '20:00', '7h 50m', '1 stop', 'Vietnam Airlines', '  Thương gia', 20, 8622000),
('VN121020231111', 'Hà Nội (HAN)', ' TP HCM (SGN)', '2023-11-11', '12:10', '20:00', '7h 50m', '1 stop', 'Vietnam Airlines', '  Phổ thông', 20, 3173000),
('VN121020231112', 'Hà Nội (HAN)', ' TP HCM (SGN)', '2023-11-12', '12:10', '17:05', '4h 55m', '1 stop', 'Vietnam Airlines', '  Phổ thông', 20, 4821000),
('VN121020231122', 'Hà Nội (HAN)', ' TP HCM (SGN)', '2023-11-22', '12:10', '16:45', '4h 35m', '1 điểm', 'Vietnam Airlines', '  Phổ thông', 20, 4010000),
('VN121020231123', 'Hà Nội (HAN)', ' TP HCM (SGN)', '2023-11-23', '12:10', '19:15', '7h 5m', '1 điểm', 'Vietnam Airlines', '  Phổ thông', 20, 4005000),
('VN121020231124', 'Hà Nội (HAN)', ' TP HCM (SGN)', '2023-11-24', '12:10', '19:15', '7h 5m', '1 điểm', 'Vietnam Airlines', '  Phổ thông', 20, 4199000),
('VN12102023119', 'Hà Nội (HAN)', ' TP HCM (SGN)', '2023-11-09', '12:10', '17:05', '4h 55m', '1 stop', 'Vietnam Airlines', '  Phổ thông', 20, 4826000),
('VN122020231110', 'TP HCM (SGN)', ' Hà Nội (HAN)', '2023-11-10', '12:20', '20:55', '8h 35m', '1 stop', 'Vietnam Airlines', '  Phổ thông', 20, 5361000),
('VN122020231111', 'TP HCM (SGN)', ' Hà Nội (HAN)', '2023-11-11', '12:20', '17:40', '5h 20m', '1 stop', 'Vietnam Airlines', '  Phổ thông', 20, 3389000),
('VN122020231112', 'TP HCM (SGN)', ' Hà Nội (HAN)', '2023-11-12', '12:20', '20:55', '8h 35m', '1 stop', 'Vietnam Airlines', '  Phổ thông', 20, 3173000),
('VN122020231121', 'TP HCM (SGN)', ' Hà Nội (HAN)', '2023-11-21', '12:20', '17:15', '4h 55m', '1 điểm', 'Vietnam Airlines', '  Phổ thông', 20, 4366000),
('VN122020231122', 'TP HCM (SGN)', ' Hà Nội (HAN)', '2023-11-22', '12:20', '16:40', '4h 20m', '1 điểm', 'Vietnam Airlines', '  Phổ thông', 20, 2942000),
('VN122020231123', 'TP HCM (SGN)', ' Hà Nội (HAN)', '2023-11-23', '12:20', '16:40', '4h 20m', '1 điểm', 'Vietnam Airlines', '  Phổ thông', 20, 2726000),
('VN122020231124', 'TP HCM (SGN)', ' Hà Nội (HAN)', '2023-11-24', '12:20', '16:40', '4h 20m', '1 điểm', 'Vietnam Airlines', '  Phổ thông', 20, 4361000),
('VN12202023119', 'TP HCM (SGN)', ' Hà Nội (HAN)', '2023-11-09', '12:20', '20:55', '8h 35m', '1 stop', 'Vietnam Airlines', '  Phổ thông', 20, 4366000),
('VN122520231110', 'Hà Nội (HAN)', ' TP HCM (SGN)', '2023-11-10', '12:25', 'SGN', '29h 5m', '1 stop', 'Vietnam Airlines', '  Phổ thông', 20, 8865000),
('VN122520231111', 'Hà Nội (HAN)', ' TP HCM (SGN)', '2023-11-11', '12:25', 'SGN', '29h 5m', '1 stop', 'Vietnam Airlines', '  Phổ thông', 20, 8865000),
('VN122520231121', 'Hà Nội (HAN)', ' TP HCM (SGN)', '2023-11-21', '12:25', 'SGN', '29h 5m', '1 điểm', 'Vietnam Airlines', '  Phổ thông', 20, 9807000),
('VN122520231122', 'Hà Nội (HAN)', ' TP HCM (SGN)', '2023-11-22', '12:25', 'SGN', '29h 5m', '1 điểm', 'Vietnam Airlines', '  Phổ thông', 20, 9199000),
('VN122520231123', 'Hà Nội (HAN)', ' TP HCM (SGN)', '2023-11-23', '12:25', 'SGN', '29h 5m', '1 điểm', 'Vietnam Airlines', '  Phổ thông', 20, 9437000),
('VN122520231124', 'Hà Nội (HAN)', ' TP HCM (SGN)', '2023-11-24', '12:25', 'SGN', '29h 5m', '1 điểm', 'Vietnam Airlines', '  Phổ thông', 20, 8829000),
('VN12252023119', 'Hà Nội (HAN)', ' TP HCM (SGN)', '2023-11-09', '12:25', 'SGN', '29h 5m', '1 stop', 'Vietnam Airlines', '  Phổ thông', 20, 8870000),
('VN123020231121', 'TP HCM (SGN)', ' P. Quốc (PQC)', '2023-11-21', '12:30', '13:35', '1h 5m', 'Bay thẳng', 'Vietnam Airlines', '  Phổ thông', 20, 1477000),
('VN123520231110', 'Đà Lạt (DLI)', ' TP HCM (SGN)', '2023-11-10', '12:35', '13:20', '45m Bay', 'thẳng 13:2', 'Vietnam Airlines', '  Phổ thông', 20, 1148000),
('VN123520231111', 'Đà Lạt (DLI)', ' TP HCM (SGN)', '2023-11-11', '12:35', '13:20', '45m Bay', 'thẳng 13:2', 'Vietnam Airlines', '  Phổ thông', 20, 1364000),
('VN123520231112', 'Đà Lạt (DLI)', ' TP HCM (SGN)', '2023-11-12', '12:35', '13:20', '45m Bay', 'thẳng 13:2', 'Vietnam Airlines', '  Phổ thông', 20, 1955000),
('VN12352023119', 'Đà Lạt (DLI)', ' TP HCM (SGN)', '2023-11-09', '12:35', '13:30', '55m Bay', 'thẳng 13:3', 'Vietnam Airlines', '  Phổ thông', 20, 1045000),
('VN124020231110', 'Đà Nẵng (DAD)', ' TP HCM (SGN)', '2023-11-10', '12:40', '14:25', '1h 45m', 'Bay thẳng', 'Vietnam Airlines', '  Thương gia', 20, 3961000),
('VN124020231111', 'Đà Nẵng (DAD)', ' TP HCM (SGN)', '2023-11-11', '12:40', '14:25', '1h 45m', 'Bay thẳng', 'Vietnam Airlines', '  Phổ thông', 20, 1769000),
('VN124020231112', 'Đà Nẵng (DAD)', ' TP HCM (SGN)', '2023-11-12', '12:40', '14:25', '1h 45m', 'Bay thẳng', 'Vietnam Airlines', '  Phổ thông', 20, 2495000),
('VN124020231121', 'Hà Nội (HAN)', ' TP HCM (SGN)', '2023-11-21', '12:40', '17:25', '4h 45m', '1 điểm', 'Vietnam Airlines', '  Phổ thông', 20, 2942000),
('VN124020231122', 'Hà Nội (HAN)', ' TP HCM (SGN)', '2023-11-22', '12:40', 'SGN', '24h 35m', '1 điểm', 'Vietnam Airlines', '  Phổ thông', 20, 7579000),
('VN124020231123', 'Hà Nội (HAN)', ' TP HCM (SGN)', '2023-11-23', '12:40', '21:20', '8h 40m', '1 điểm', 'Vietnam Airlines', '  Phổ thông', 20, 9887000),
('VN124020231124', 'Hà Nội (HAN)', ' TP HCM (SGN)', '2023-11-24', '12:40', 'SGN', '24h 35m', '1 điểm', 'Vietnam Airlines', '  Phổ thông', 20, 9887000),
('VN12402023119', 'Đà Nẵng (DAD)', ' TP HCM (SGN)', '2023-11-09', '12:40', '14:25', '1h 45m', 'Bay thẳng', 'Vietnam Airlines', '  Phổ thông', 20, 2222000),
('VN124520231121', 'Hà Nội (HAN)', ' TP HCM (SGN)', '2023-11-21', '12:45', '16:45', '4h 0m', '1 điểm', 'Vietnam Airlines', '  Phổ thông', 20, 4826000),
('VN125020231110', 'TP HCM (SGN)', ' Hà Nội (HAN)', '2023-11-10', '12:50', '14:55', '2h 5m', 'Bay thẳng', 'Vietnam Airlines', '  Phổ thông', 20, 2892000),
('VN125020231111', 'TP HCM (SGN)', ' Hà Nội (HAN)', '2023-11-11', '12:50', '14:55', '2h 5m', 'Bay thẳng', 'Vietnam Airlines', '  Phổ thông', 20, 2579000),
('VN125020231112', 'TP HCM (SGN)', ' Hà Nội (HAN)', '2023-11-12', '12:50', '14:55', '2h 5m', 'Bay thẳng', 'Vietnam Airlines', '  Phổ thông', 20, 2579000),
('VN12502023119', 'Đà Lạt (DLI)', ' TP HCM (SGN)', '2023-11-09', '12:50', '14:05', '1h 15m', 'Bay thẳng', 'Vietnam Airlines', '  Phổ thông', 20, 1239000),
('VN125520231110', 'Hà Nội (HAN)', ' TP HCM (SGN)', '2023-11-10', '12:55', '23:00', '10h 5m', '1 stop', 'Vietnam Airlines', '  Phổ thông', 20, 9970000),
('VN125520231111', 'Hà Nội (HAN)', ' TP HCM (SGN)', '2023-11-11', '12:55', '19:50', '6h 55m', '1 stop', 'Vietnam Airlines', '  Phổ thông', 20, 11437000),
('VN125520231122', 'Hà Nội (HAN)', ' TP HCM (SGN)', '2023-11-22', '12:55', '22:00', '9h 5m', '1 điểm', 'Vietnam Airlines', '  Phổ thông', 20, 11100000),
('VN125520231123', 'Hà Nội (HAN)', ' TP HCM (SGN)', '2023-11-23', '12:55', '22:00', '9h 5m', '1 điểm', 'Vietnam Airlines', '  Phổ thông', 20, 9805000),
('VN125520231124', 'Hà Nội (HAN)', ' TP HCM (SGN)', '2023-11-24', '12:55', '19:50', '6h 55m', '1 điểm', 'Vietnam Airlines', '  Phổ thông', 20, 11388000),
('VN12552023119', 'Hà Nội (HAN)', ' TP HCM (SGN)', '2023-11-09', '12:55', '22:00', '9h 5m', '1 stop', 'Vietnam Airlines', '  Phổ thông', 20, 9853000),
('VN130020231110', 'TP HCM (SGN)', ' Hà Nội (HAN)', '2023-11-10', '13:00', '15:10', '2h 10m', 'Bay thẳng', 'Vietnam Airlines', '  Phổ thông', 20, 3575000),
('VN130020231111', 'TP HCM (SGN)', ' Hà Nội (HAN)', '2023-11-11', '13:00', '15:10', '2h 10m', 'Bay thẳng', 'Vietnam Airlines', '  Phổ thông', 20, 2951000),
('VN130020231112', 'TP HCM (SGN)', ' Hà Nội (HAN)', '2023-11-12', '13:00', '15:10', '2h 10m', 'Bay thẳng', 'Vietnam Airlines', '  Phổ thông', 20, 2730000),
('VN130020231121', 'TP HCM (SGN)', ' Hà Nội (HAN)', '2023-11-21', '13:00', '15:10', '2h 10m', 'Bay thẳng', 'Vietnam Airlines', '  Phổ thông', 20, 3580000),
('VN130020231122', 'TP HCM (SGN)', ' Hà Nội (HAN)', '2023-11-22', '13:00', '15:10', '2h 10m', 'Bay thẳng', 'Vietnam Airlines', '  Phổ thông', 20, 3580000),
('VN130020231123', 'TP HCM (SGN)', ' Hà Nội (HAN)', '2023-11-23', '13:00', '15:10', '2h 10m', 'Bay thẳng', 'Vietnam Airlines', '  Phổ thông', 20, 3575000),
('VN130020231124', 'TP HCM (SGN)', ' Hà Nội (HAN)', '2023-11-24', '13:00', '15:10', '2h 10m', 'Bay thẳng', 'Vietnam Airlines', '  Phổ thông', 20, 3575000),
('VN13002023119', 'TP HCM (SGN)', ' Hà Nội (HAN)', '2023-11-09', '13:00', '20:55', '7h 55m', '1 stop', 'Vietnam Airlines', '  Phổ thông', 20, 7606000),
('VN130520231110', 'Hà Nội (HAN)', ' TP HCM (SGN)', '2023-11-10', '13:05', '22:05', '9h 0m', '1 stop', 'Vietnam Airlines', '  Phổ thông', 20, 3281000),
('VN130520231111', 'Hà Nội (HAN)', ' TP HCM (SGN)', '2023-11-11', '13:05', '22:05', '9h 0m', '1 stop', 'Vietnam Airlines', '  Phổ thông', 20, 2834000),
('VN130520231112', 'Hà Nội (HAN)', ' TP HCM (SGN)', '2023-11-12', '13:05', '22:05', '9h 0m', '1 stop', 'Vietnam Airlines', '  Phổ thông', 20, 4599000),
('VN130520231122', 'Hà Nội (HAN)', ' TP HCM (SGN)', '2023-11-22', '13:05', '17:25', '4h 20m', '1 điểm', 'Vietnam Airlines', '  Phổ thông', 20, 2618000),
('VN130520231123', 'Hà Nội (HAN)', ' TP HCM (SGN)', '2023-11-23', '13:05', '22:05', '9h 0m', '1 điểm', 'Vietnam Airlines', '  Phổ thông', 20, 2618000),
('VN130520231124', 'Hà Nội (HAN)', ' TP HCM (SGN)', '2023-11-24', '13:05', '22:05', '9h 0m', '1 điểm', 'Vietnam Airlines', '  Phổ thông', 20, 3060000),
('VN131020231110', 'TP HCM (SGN)', ' Đà Nẵng (DAD)', '2023-11-10', '13:10', '14:40', '1h 30m', 'Bay thẳng', 'Vietnam Airlines', '  Phổ thông', 20, 1499000),
('VN131020231111', 'TP HCM (SGN)', ' Đà Nẵng (DAD)', '2023-11-11', '13:10', '14:40', '1h 30m', 'Bay thẳng', 'Vietnam Airlines', '  Phổ thông', 20, 1504000),
('VN131020231112', 'TP HCM (SGN)', ' Đà Nẵng (DAD)', '2023-11-12', '13:10', '14:40', '1h 30m', 'Bay thẳng', 'Vietnam Airlines', '  Phổ thông', 20, 1504000),
('VN131020231121', 'TP HCM (SGN)', ' Hà Nội (HAN)', '2023-11-21', '13:10', '17:15', '4h 5m', '1 điểm', 'Vietnam Airlines', '  Phổ thông', 20, 4237000),
('VN131020231122', 'TP HCM (SGN)', ' Hà Nội (HAN)', '2023-11-22', '13:10', '16:55', '3h 45m', '1 điểm', 'Vietnam Airlines', '  Phổ thông', 20, 4826000),
('VN131020231123', 'TP HCM (SGN)', ' Hà Nội (HAN)', '2023-11-23', '13:10', '17:15', '4h 5m', '1 điểm', 'Vietnam Airlines', '  Phổ thông', 20, 3929000),
('VN131020231124', 'TP HCM (SGN)', ' Hà Nội (HAN)', '2023-11-24', '13:10', '17:15', '4h 5m', '1 điểm', 'Vietnam Airlines', '  Phổ thông', 20, 3778000),
('VN13102023119', 'TP HCM (SGN)', ' Đà Nẵng (DAD)', '2023-11-09', '13:10', '14:40', '1h 30m', 'Bay thẳng', 'Vietnam Airlines', '  Phổ thông', 20, 1919000),
('VN132520231121', 'TP HCM (SGN)', ' P. Quốc (PQC)', '2023-11-21', '13:25', '14:35', '1h 10m', 'Bay thẳng', 'Vietnam Airlines', '  Phổ thông', 20, 1833000),
('VN133520231110', 'TP HCM (SGN)', ' Hà Nội (HAN)', '2023-11-10', '13:35', '20:15', '6h 40m', '1 stop', 'Vietnam Airlines', '  Phổ thông', 20, 3201000),
('VN133520231112', 'Hà Nội (HAN)', ' TP HCM (SGN)', '2023-11-12', '13:35', '22:25', '8h 50m', '1 stop', 'Vietnam Airlines', '  Phổ thông', 20, 4081000),
('VN133520231121', 'Hà Nội (HAN)', ' TP HCM (SGN)', '2023-11-21', '13:35', '20:00', '6h 25m', '1 điểm', 'Vietnam Airlines', '  Phổ thông', 20, 4237000),
('VN133520231122', 'Hà Nội (HAN)', ' TP HCM (SGN)', '2023-11-22', '13:35', '19:15', '5h 40m', '1 điểm', 'Vietnam Airlines', '  Phổ thông', 20, 3934000),
('VN133520231124', 'Hà Nội (HAN)', ' TP HCM (SGN)', '2023-11-24', '13:35', '19:15', '5h 40m', '1 điểm', 'Vietnam Airlines', '  Phổ thông', 20, 4199000),
('VN13352023119', 'Đà Nẵng (DAD)', ' TP HCM (SGN)', '2023-11-09', '13:35', '15:05', '1h 30m', 'Bay thẳng', 'Vietnam Airlines', '  Phổ thông', 20, 1542000),
('VN140020231110', 'TP HCM (SGN)', ' Hà Nội (HAN)', '2023-11-10', '14:00', '16:15', '2h 15m', 'Bay thẳng', 'Vietnam Airlines', '  Phổ thông', 20, 3575000),
('VN140020231111', 'TP HCM (SGN)', ' Hà Nội (HAN)', '2023-11-11', '14:00', '16:15', '2h 15m', 'Bay thẳng', 'Vietnam Airlines', '  Phổ thông', 20, 2730000),
('VN140020231112', 'TP HCM (SGN)', ' Hà Nội (HAN)', '2023-11-12', '14:00', '16:15', '2h 15m', 'Bay thẳng', 'Vietnam Airlines', '  Phổ thông', 20, 2951000),
('VN140020231121', 'TP HCM (SGN)', ' Hà Nội (HAN)', '2023-11-21', '14:00', '16:15', '2h 15m', 'Bay thẳng', 'Vietnam Airlines', '  Phổ thông', 20, 3580000),
('VN140020231122', 'TP HCM (SGN)', ' Hà Nội (HAN)', '2023-11-22', '14:00', '16:15', '2h 15m', 'Bay thẳng', 'Vietnam Airlines', '  Phổ thông', 20, 3580000),
('VN140020231123', 'TP HCM (SGN)', ' Hà Nội (HAN)', '2023-11-23', '14:00', '16:15', '2h 15m', 'Bay thẳng', 'Vietnam Airlines', '  Phổ thông', 20, 3575000),
('VN140020231124', 'TP HCM (SGN)', ' Hà Nội (HAN)', '2023-11-24', '14:00', '16:15', '2h 15m', 'Bay thẳng', 'Vietnam Airlines', '  Phổ thông', 20, 3575000);
INSERT INTO `flight` (`ID`, `From`, `To`, `Date`, `DepartureTime`, `ArrivalTime`, `TravelTime`, `Stop/Direct`, `Name`, `SeatClass`, `NumSeat`, `Price`) VALUES
('VN14002023119', 'TP HCM (SGN)', ' Hà Nội (HAN)', '2023-11-09', '14:00', '16:15', '2h 15m', 'Bay thẳng', 'Vietnam Airlines', '  Phổ thông', 20, 3580000),
('VN141020231110', 'Đà Nẵng (DAD)', ' TP HCM (SGN)', '2023-11-10', '14:10', '15:55', '1h 45m', 'Bay thẳng', 'Vietnam Airlines', '  Thương gia', 20, 4830000),
('VN141020231111', 'Đà Nẵng (DAD)', ' TP HCM (SGN)', '2023-11-11', '14:10', '15:55', '1h 45m', 'Bay thẳng', 'Vietnam Airlines', '  Phổ thông', 20, 2066000),
('VN141020231112', 'Đà Nẵng (DAD)', ' TP HCM (SGN)', '2023-11-12', '14:10', '15:55', '1h 45m', 'Bay thẳng', 'Vietnam Airlines', '  Thương gia', 20, 4830000),
('VN141020231121', 'TP HCM (SGN)', ' Hà Nội (HAN)', '2023-11-21', '14:10', '20:55', '6h 45m', '1 điểm', 'Vietnam Airlines', '  Phổ thông', 20, 2952000),
('VN141020231122', 'TP HCM (SGN)', ' Hà Nội (HAN)', '2023-11-22', '14:10', '20:55', '6h 45m', '1 điểm', 'Vietnam Airlines', '  Phổ thông', 20, 2726000),
('VN141020231123', 'TP HCM (SGN)', ' Hà Nội (HAN)', '2023-11-23', '14:10', '20:55', '6h 45m', '1 điểm', 'Vietnam Airlines', '  Phổ thông', 20, 2618000),
('VN141020231124', 'TP HCM (SGN)', ' Hà Nội (HAN)', '2023-11-24', '14:10', '20:55', '6h 45m', '1 điểm', 'Vietnam Airlines', '  Phổ thông', 20, 2726000),
('VN14102023119', 'Đà Nẵng (DAD)', ' TP HCM (SGN)', '2023-11-09', '14:10', '15:55', '1h 45m', 'Bay thẳng', 'Vietnam Airlines', '  Phổ thông', 20, 2222000),
('VN142520231111', 'Hà Nội (HAN)', ' TP HCM (SGN)', '2023-11-11', '14:25', '22:25', '8h 0m', '1 stop', 'Vietnam Airlines', '  Phổ thông', 20, 3929000),
('VN143520231121', 'Hà Nội (HAN)', ' TP HCM (SGN)', '2023-11-21', '14:35', '16:50', '2h 15m', 'Bay thẳng', 'Vietnam Airlines', '  Phổ thông', 20, 3570000),
('VN144520231123', 'TP HCM (SGN)', ' Hà Nội (HAN)', '2023-11-23', '14:45', '20:55', '6h 10m', '1 điểm', 'Vietnam Airlines', '  Phổ thông', 20, 2045000),
('VN145020231111', 'TP HCM (SGN)', ' Đà Lạt (DLI)', '2023-11-11', '14:50', '15:45', '55m Bay', 'thẳng 15:4', 'Vietnam Airlines', '  Phổ thông', 20, 1231000),
('VN150020231110', 'TP HCM (SGN)', ' Hà Nội (HAN)', '2023-11-10', '15:00', '17:10', '2h 10m', 'Bay thẳng', 'Vietnam Airlines', '  Phổ thông', 20, 3575000),
('VN150020231111', 'TP HCM (SGN)', ' Hà Nội (HAN)', '2023-11-11', '15:00', '17:10', '2h 10m', 'Bay thẳng', 'Vietnam Airlines', '  Phổ thông', 20, 2525000),
('VN150020231112', 'TP HCM (SGN)', ' Hà Nội (HAN)', '2023-11-12', '15:00', '17:10', '2h 10m', 'Bay thẳng', 'Vietnam Airlines', '  Phổ thông', 20, 2951000),
('VN150020231121', 'TP HCM (SGN)', ' Hà Nội (HAN)', '2023-11-21', '15:00', '17:10', '2h 10m', 'Bay thẳng', 'Vietnam Airlines', '  Phổ thông', 20, 3388000),
('VN150020231122', 'TP HCM (SGN)', ' Hà Nội (HAN)', '2023-11-22', '15:00', '17:10', '2h 10m', 'Bay thẳng', 'Vietnam Airlines', '  Phổ thông', 20, 3580000),
('VN150020231123', 'TP HCM (SGN)', ' Hà Nội (HAN)', '2023-11-23', '15:00', '17:10', '2h 10m', 'Bay thẳng', 'Vietnam Airlines', '  Phổ thông', 20, 3575000),
('VN150020231124', 'TP HCM (SGN)', ' Hà Nội (HAN)', '2023-11-24', '15:00', '17:10', '2h 10m', 'Bay thẳng', 'Vietnam Airlines', '  Phổ thông', 20, 3575000),
('VN15002023119', 'TP HCM (SGN)', ' Hà Nội (HAN)', '2023-11-09', '15:00', '17:10', '2h 10m', 'Bay thẳng', 'Vietnam Airlines', '  Phổ thông', 20, 3580000),
('VN150520231110', 'Hà Nội (HAN)', ' TP HCM (SGN)', '2023-11-10', '15:05', '22:00', '6h 55m', '1 stop', 'Vietnam Airlines', '  Phổ thông', 20, 11644000),
('VN150520231111', 'Hà Nội (HAN)', ' TP HCM (SGN)', '2023-11-11', '15:05', '23:00', '7h 55m', '1 stop', 'Vietnam Airlines', '  Phổ thông', 20, 8270000),
('VN150520231112', 'Hà Nội (HAN)', ' TP HCM (SGN)', '2023-11-12', '15:05', '19:50', '4h 45m', '1 stop', 'Vietnam Airlines', '  Phổ thông', 20, 9737000),
('VN150520231121', 'Hà Nội (HAN)', ' TP HCM (SGN)', '2023-11-21', '15:05', '22:00', '6h 55m', '1 điểm', 'Vietnam Airlines', '  Phổ thông', 20, 7825000),
('VN150520231122', 'Hà Nội (HAN)', ' TP HCM (SGN)', '2023-11-22', '15:05', '22:00', '6h 55m', '1 điểm', 'Vietnam Airlines', '  Phổ thông', 20, 12329000),
('VN150520231123', 'Hà Nội (HAN)', ' TP HCM (SGN)', '2023-11-23', '15:05', '22:00', '6h 55m', '1 điểm', 'Vietnam Airlines', '  Phổ thông', 20, 9573000),
('VN150520231124', 'Hà Nội (HAN)', ' TP HCM (SGN)', '2023-11-24', '15:05', '23:00', '7h 55m', '1 điểm', 'Vietnam Airlines', '  Phổ thông', 20, 9695000),
('VN15052023119', 'Hà Nội (HAN)', ' TP HCM (SGN)', '2023-11-09', '15:05', '22:00', '6h 55m', '1 stop', 'Vietnam Airlines', '  Phổ thông', 20, 9620000),
('VN151520231110', 'Hà Nội (HAN)', ' TP HCM (SGN)', '2023-11-10', '15:15', '22:05', '6h 50m', '1 stop', 'Vietnam Airlines', '  Phổ thông', 20, 4081000),
('VN151520231112', 'Hà Nội (HAN)', ' TP HCM (SGN)', '2023-11-12', '15:15', '19:10', '3h 55m', '1 stop', 'Vietnam Airlines', '  Phổ thông', 20, 4821000),
('VN151520231121', 'Hà Nội (HAN)', ' TP HCM (SGN)', '2023-11-21', '15:15', '20:00', '4h 45m', '1 điểm', 'Vietnam Airlines', '  Phổ thông', 20, 4237000),
('VN151520231122', 'Hà Nội (HAN)', ' TP HCM (SGN)', '2023-11-22', '15:15', '19:15', '4h 0m', '1 điểm', 'Vietnam Airlines', '  Phổ thông', 20, 3934000),
('VN151520231123', 'Hà Nội (HAN)', ' TP HCM (SGN)', '2023-11-23', '15:15', '19:15', '4h 0m', '1 điểm', 'Vietnam Airlines', '  Phổ thông', 20, 3778000),
('VN151520231124', 'Hà Nội (HAN)', ' TP HCM (SGN)', '2023-11-24', '15:15', '22:05', '6h 50m', '1 điểm', 'Vietnam Airlines', '  Phổ thông', 20, 4048000),
('VN15152023119', 'Hà Nội (HAN)', ' TP HCM (SGN)', '2023-11-09', '15:15', '22:30', '7h 15m', '1 stop', 'Vietnam Airlines', '  Phổ thông', 20, 3589000),
('VN152020231110', 'TP HCM (SGN)', ' Đà Nẵng (DAD)', '2023-11-10', '15:20', '16:45', '1h 25m', 'Bay thẳng', 'Vietnam Airlines', '  Phổ thông', 20, 1644000),
('VN152020231111', 'TP HCM (SGN)', ' Đà Nẵng (DAD)', '2023-11-11', '15:20', '16:45', '1h 25m', 'Bay thẳng', 'Vietnam Airlines', '  Phổ thông', 20, 1364000),
('VN152020231112', 'TP HCM (SGN)', ' Đà Nẵng (DAD)', '2023-11-12', '15:20', '16:45', '1h 25m', 'Bay thẳng', 'Vietnam Airlines', '  Phổ thông', 20, 1504000),
('VN152020231121', 'TP HCM (SGN)', ' Hà Nội (HAN)', '2023-11-21', '15:20', '19:05', '3h 45m', '1 điểm', 'Vietnam Airlines', '  Phổ thông', 20, 2574000),
('VN152020231122', 'TP HCM (SGN)', ' Hà Nội (HAN)', '2023-11-22', '15:20', '19:05', '3h 45m', '1 điểm', 'Vietnam Airlines', '  Phổ thông', 20, 2434000),
('VN152020231123', 'TP HCM (SGN)', ' Hà Nội (HAN)', '2023-11-23', '15:20', '19:05', '3h 45m', '1 điểm', 'Vietnam Airlines', '  Phổ thông', 20, 3929000),
('VN152020231124', 'TP HCM (SGN)', ' Hà Nội (HAN)', '2023-11-24', '15:20', '20:55', '5h 35m', '1 điểm', 'Vietnam Airlines', '  Phổ thông', 20, 4232000),
('VN15202023119', 'TP HCM (SGN)', ' Đà Nẵng (DAD)', '2023-11-09', '15:20', '16:45', '1h 25m', 'Bay thẳng', 'Vietnam Airlines', '  Phổ thông', 20, 2071000),
('VN15302023119', 'TP HCM (SGN)', ' Hà Nội (HAN)', '2023-11-09', '15:30', '20:55', '5h 25m', '1 stop', 'Vietnam Airlines', '  Phổ thông', 20, 3125000),
('VN153520231110', 'TP HCM (SGN)', ' Hà Nội (HAN)', '2023-11-10', '15:35', '17:45', '2h 10m', 'Bay thẳng', 'Vietnam Airlines', '  Phổ thông', 20, 3227000),
('VN153520231111', 'TP HCM (SGN)', ' Hà Nội (HAN)', '2023-11-11', '15:35', '17:45', '2h 10m', 'Bay thẳng', 'Vietnam Airlines', '  Phổ thông', 20, 2287000),
('VN153520231112', 'TP HCM (SGN)', ' Hà Nội (HAN)', '2023-11-12', '15:35', '17:45', '2h 10m', 'Bay thẳng', 'Vietnam Airlines', '  Phổ thông', 20, 2897000),
('VN153520231121', 'TP HCM (SGN)', ' Hà Nội (HAN)', '2023-11-21', '15:35', '22:55', '7h 20m', '1 điểm', 'Vietnam Airlines', '  Phổ thông', 20, 1820000),
('VN153520231122', 'TP HCM (SGN)', ' Hà Nội (HAN)', '2023-11-22', '15:35', '22:45', '7h 10m', '1 điểm', 'Vietnam Airlines', '  Phổ thông', 20, 1820000),
('VN153520231123', 'TP HCM (SGN)', ' Hà Nội (HAN)', '2023-11-23', '15:35', '22:55', '7h 20m', '1 điểm', 'Vietnam Airlines', '  Phổ thông', 20, 1950000),
('VN153520231124', 'TP HCM (SGN)', ' Hà Nội (HAN)', '2023-11-24', '15:35', '22:45', '7h 10m', '1 điểm', 'Vietnam Airlines', '  Phổ thông', 20, 2693000),
('VN15352023119', 'TP HCM (SGN)', ' Hà Nội (HAN)', '2023-11-09', '15:35', '22:55', '7h 20m', '1 stop', 'Vietnam Airlines', '  Phổ thông', 20, 2564000),
('VN154020231110', 'Hà Nội (HAN)', ' TP HCM (SGN)', '2023-11-10', '15:40', '17:55', '2h 15m', 'Bay thẳng', 'Vietnam Airlines', '  Phổ thông', 20, 2579000),
('VN154020231111', 'TP HCM (SGN)', ' Hà Nội (HAN)', '2023-11-11', '15:40', '23:15', '7h 35m', '1 stop', 'Vietnam Airlines', '  Phổ thông', 20, 26957000),
('VN154020231112', 'Hà Nội (HAN)', ' TP HCM (SGN)', '2023-11-12', '15:40', '17:55', '2h 15m', 'Bay thẳng', 'Vietnam Airlines', '  Phổ thông', 20, 3575000),
('VN154020231121', 'TP HCM (SGN)', ' Hà Nội (HAN)', '2023-11-21', '15:40', '23:15', '7h 35m', '1 điểm', 'Vietnam Airlines', '  Phổ thông', 20, 26849000),
('VN154020231122', 'TP HCM (SGN)', ' Hà Nội (HAN)', '2023-11-22', '15:40', '23:15', '7h 35m', '1 điểm', 'Vietnam Airlines', '  Phổ thông', 20, 26844000),
('VN15402023119', 'TP HCM (SGN)', ' Hà Nội (HAN)', '2023-11-09', '15:40', '23:15', '7h 35m', '1 stop', 'Vietnam Airlines', '  Phổ thông', 20, 26962000),
('VN154520231121', 'Hà Nội (HAN)', ' TP HCM (SGN)', '2023-11-21', '15:45', 'SGN', '19h 15m', '1 điểm', 'Vietnam Airlines', '  Phổ thông', 20, 20884000),
('VN155020231110', 'Hà Nội (HAN)', ' TP HCM (SGN)', '2023-11-10', '15:50', 'SGN', '21h 25m', '1 stop', 'Vietnam Airlines', '  Phổ thông', 20, 9924000),
('VN155020231111', 'Hà Nội (HAN)', ' TP HCM (SGN)', '2023-11-11', '15:50', 'SGN', '21h 25m', '1 stop', 'Vietnam Airlines', '  Phổ thông', 20, 7602000),
('VN155020231112', 'Hà Nội (HAN)', ' TP HCM (SGN)', '2023-11-12', '15:50', 'SGN', '21h 25m', '1 stop', 'Vietnam Airlines', '  Phổ thông', 20, 8091000),
('VN155020231121', 'Hà Nội (HAN)', ' TP HCM (SGN)', '2023-11-21', '15:50', 'SGN', '21h 25m', '1 điểm', 'Vietnam Airlines', '  Phổ thông', 20, 9892000),
('VN155020231122', 'Hà Nội (HAN)', ' TP HCM (SGN)', '2023-11-22', '15:50', '21:20', '5h 30m', '1 điểm', 'Vietnam Airlines', '  Phổ thông', 20, 11470000),
('VN155020231123', 'Hà Nội (HAN)', ' TP HCM (SGN)', '2023-11-23', '15:50', '21:20', '5h 30m', '1 điểm', 'Vietnam Airlines', '  Phổ thông', 20, 9887000),
('VN155020231124', 'Hà Nội (HAN)', ' TP HCM (SGN)', '2023-11-24', '15:50', 'SGN', '21h 25m', '1 điểm', 'Vietnam Airlines', '  Phổ thông', 20, 9887000),
('VN15502023119', 'Hà Nội (HAN)', ' TP HCM (SGN)', '2023-11-09', '15:50', 'SGN', '25h 20m', '1 stop', 'Vietnam Airlines', '  Phổ thông', 20, 7240000),
('VN155520231111', 'Hà Nội (HAN)', ' TP HCM (SGN)', '2023-11-11', '15:55', '22:05', '6h 10m', '1 stop', 'Vietnam Airlines', '  Thương gia', 20, 6827000),
('VN155520231112', 'Hà Nội (HAN)', ' TP HCM (SGN)', '2023-11-12', '15:55', '22:05', '6h 10m', '1 stop', 'Vietnam Airlines', '  Phổ thông', 20, 4821000),
('VN155520231121', 'Hà Nội (HAN)', ' TP HCM (SGN)', '2023-11-21', '15:55', '22:05', '6h 10m', '1 điểm', 'Vietnam Airlines', '  Phổ thông', 20, 4227000),
('VN160020231110', 'TP HCM (SGN)', ' Đà Nẵng (DAD)', '2023-11-10', '16:00', '17:35', '1h 35m', 'Bay thẳng', 'Vietnam Airlines', '  Phổ thông', 20, 1499000),
('VN160020231111', 'TP HCM (SGN)', ' Đà Nẵng (DAD)', '2023-11-11', '16:00', '17:35', '1h 35m', 'Bay thẳng', 'Vietnam Airlines', '  Phổ thông', 20, 1359000),
('VN160020231112', 'TP HCM (SGN)', ' Đà Nẵng (DAD)', '2023-11-12', '16:00', '17:35', '1h 35m', 'Bay thẳng', 'Vietnam Airlines', '  Phổ thông', 20, 1914000),
('VN160020231121', 'TP HCM (SGN)', ' Hà Nội (HAN)', '2023-11-21', '16:00', '18:10', '2h 10m', 'Bay thẳng', 'Vietnam Airlines', '  Phổ thông', 20, 3580000),
('VN160020231122', 'TP HCM (SGN)', ' Hà Nội (HAN)', '2023-11-22', '16:00', '19:55', '3h 55m', '1 điểm', 'Vietnam Airlines', '  Phổ thông', 20, 2434000),
('VN160020231123', 'TP HCM (SGN)', ' Hà Nội (HAN)', '2023-11-23', '16:00', '20:05', '4h 5m', '1 điểm', 'Vietnam Airlines', '  Phổ thông', 20, 2715000),
('VN160020231124', 'TP HCM (SGN)', ' Hà Nội (HAN)', '2023-11-24', '16:00', '18:10', '2h 10m', 'Bay thẳng', 'Vietnam Airlines', '  Phổ thông', 20, 3575000),
('VN16002023119', 'TP HCM (SGN)', ' Đà Nẵng (DAD)', '2023-11-09', '16:00', '17:35', '1h 35m', 'Bay thẳng', 'Vietnam Airlines', '  Phổ thông', 20, 2071000),
('VN161020231110', 'TP HCM (SGN)', ' Hà Nội (HAN)', '2023-11-10', '16:10', 'HAN', '23h 45m', '1 stop', 'Vietnam Airlines', '  Thương gia', 20, 34090000),
('VN161020231111', 'TP HCM (SGN)', ' Hà Nội (HAN)', '2023-11-11', '16:10', 'HAN', '23h 45m', '1 stop', 'Vietnam Airlines', '  Phổ thông', 20, 15019000),
('VN161020231122', 'TP HCM (SGN)', ' Hà Nội (HAN)', '2023-11-22', '16:10', 'HAN', '23h 45m', '1 điểm', 'Vietnam Airlines', '  Thương gia', 20, 28692000),
('VN161020231123', 'TP HCM (SGN)', ' Hà Nội (HAN)', '2023-11-23', '16:10', 'HAN', '23h 45m', '1 điểm', 'Vietnam Airlines', '  Thương gia', 20, 28692000),
('VN161020231124', 'TP HCM (SGN)', ' Hà Nội (HAN)', '2023-11-24', '16:10', 'HAN', '23h 45m', '1 điểm', 'Vietnam Airlines', '  Phổ thông', 20, 14231000),
('VN16102023119', 'TP HCM (SGN)', ' Hà Nội (HAN)', '2023-11-09', '16:10', 'HAN', '23h 45m', '1 stop', 'Vietnam Airlines', '  Thương gia', 20, 29816000),
('VN161520231110', 'Hà Nội (HAN)', ' TP HCM (SGN)', '2023-11-10', '16:15', '22:05', '5h 50m', '1 stop', 'Vietnam Airlines', '  Phổ thông', 20, 3050000),
('VN161520231111', 'Hà Nội (HAN)', ' TP HCM (SGN)', '2023-11-11', '16:15', '22:05', '5h 50m', '1 stop', 'Vietnam Airlines', '  Phổ thông', 20, 2618000),
('VN161520231112', 'Hà Nội (HAN)', ' TP HCM (SGN)', '2023-11-12', '16:15', '23:15', '7h 0m', '1 stop', 'Vietnam Airlines', '  Phổ thông', 20, 4016000),
('VN161520231121', 'Hà Nội (HAN)', ' TP HCM (SGN)', '2023-11-21', '16:15', '22:05', '5h 50m', '1 điểm', 'Vietnam Airlines', '  Phổ thông', 20, 2834000),
('VN161520231122', 'Hà Nội (HAN)', ' TP HCM (SGN)', '2023-11-22', '16:15', '22:05', '5h 50m', '1 điểm', 'Vietnam Airlines', '  Phổ thông', 20, 2186000),
('VN161520231123', 'Hà Nội (HAN)', ' TP HCM (SGN)', '2023-11-23', '16:15', '22:05', '5h 50m', '1 điểm', 'Vietnam Airlines', '  Phổ thông', 20, 2834000),
('VN161520231124', 'Hà Nội (HAN)', ' TP HCM (SGN)', '2023-11-24', '16:15', '22:05', '5h 50m', '1 điểm', 'Vietnam Airlines', '  Phổ thông', 20, 2834000),
('VN16152023119', 'Hà Nội (HAN)', ' TP HCM (SGN)', '2023-11-09', '16:15', '22:05', '5h 50m', '1 stop', 'Vietnam Airlines', '  Phổ thông', 20, 5366000),
('VN162020231110', 'TP HCM (SGN)', ' Hà Nội (HAN)', '2023-11-10', '16:20', '22:25', '6h 5m', '1 stop', 'Vietnam Airlines', '  Phổ thông', 20, 9248000),
('VN162020231111', 'TP HCM (SGN)', ' Hà Nội (HAN)', '2023-11-11', '16:20', '22:25', '6h 5m', '1 stop', 'Vietnam Airlines', '  Phổ thông', 20, 13404000),
('VN162020231112', 'TP HCM (SGN)', ' Hà Nội (HAN)', '2023-11-12', '16:20', '22:25', '6h 5m', '1 stop', 'Vietnam Airlines', '  Thương gia', 20, 19883000),
('VN162020231121', 'TP HCM (SGN)', ' Hà Nội (HAN)', '2023-11-21', '16:20', '22:25', '6h 5m', '1 điểm', 'Vietnam Airlines', '  Phổ thông', 20, 12743000),
('VN162020231122', 'TP HCM (SGN)', ' Hà Nội (HAN)', '2023-11-22', '16:20', '22:25', '6h 5m', '1 điểm', 'Vietnam Airlines', '  Phổ thông', 20, 9208000),
('VN162020231124', 'TP HCM (SGN)', ' Hà Nội (HAN)', '2023-11-24', '16:20', '22:25', '6h 5m', '1 điểm', 'Vietnam Airlines', '  Phổ thông', 20, 11764000),
('VN16202023119', 'TP HCM (SGN)', ' Hà Nội (HAN)', '2023-11-09', '16:20', '22:25', '6h 5m', '1 stop', 'Vietnam Airlines', '  Phổ thông', 20, 9008000),
('VN163020231111', 'Hà Nội (HAN)', ' TP HCM (SGN)', '2023-11-11', '16:30', '23:05', '6h 35m', '1 stop', 'Vietnam Airlines', '  Phổ thông', 20, 4821000),
('VN163020231121', 'Hà Nội (HAN)', ' TP HCM (SGN)', '2023-11-21', '16:30', '23:05', '6h 35m', '1 điểm', 'Vietnam Airlines', '  Phổ thông', 20, 4826000),
('VN163020231122', 'Hà Nội (HAN)', ' TP HCM (SGN)', '2023-11-22', '16:30', '23:05', '6h 35m', '1 điểm', 'Vietnam Airlines', '  Phổ thông', 20, 4821000),
('VN163020231123', 'Hà Nội (HAN)', ' TP HCM (SGN)', '2023-11-23', '16:30', '23:05', '6h 35m', '1 điểm', 'Vietnam Airlines', '  Phổ thông', 20, 4821000),
('VN16302023119', 'Hà Nội (HAN)', ' TP HCM (SGN)', '2023-11-09', '16:30', '23:05', '6h 35m', '1 stop', 'Vietnam Airlines', '  Thương gia', 20, 8622000),
('VN163520231110', 'TP HCM (SGN)', ' Hà Nội (HAN)', '2023-11-10', '16:35', 'HAN', '17h 15m', '1 stop', 'Vietnam Airlines', '  Phổ thông', 20, 7133000),
('VN163520231111', 'TP HCM (SGN)', ' Hà Nội (HAN)', '2023-11-11', '16:35', 'HAN', '17h 15m', '1 stop', 'Vietnam Airlines', '  Phổ thông', 20, 6570000),
('VN163520231121', 'TP HCM (SGN)', ' Hà Nội (HAN)', '2023-11-21', '16:35', 'HAN', '17h 15m', '1 điểm', 'Vietnam Airlines', '  Phổ thông', 20, 6503000),
('VN163520231122', 'TP HCM (SGN)', ' Hà Nội (HAN)', '2023-11-22', '16:35', 'HAN', '17h 15m', '1 điểm', 'Vietnam Airlines', '  Phổ thông', 20, 6498000),
('VN163520231123', 'TP HCM (SGN)', ' Hà Nội (HAN)', '2023-11-23', '16:35', 'HAN', '17h 15m', '1 điểm', 'Vietnam Airlines', '  Phổ thông', 20, 5695000),
('VN163520231124', 'TP HCM (SGN)', ' Hà Nội (HAN)', '2023-11-24', '16:35', 'HAN', '17h 15m', '1 điểm', 'Vietnam Airlines', '  Phổ thông', 20, 7034000),
('VN16352023119', 'TP HCM (SGN)', ' Hà Nội (HAN)', '2023-11-09', '16:35', 'HAN', '17h 15m', '1 stop', 'Vietnam Airlines', '  Phổ thông', 20, 6526000),
('VN164020231110', 'TP HCM (SGN)', ' Hà Nội (HAN)', '2023-11-10', '16:40', '19:10', '2h 30m', 'Bay thẳng', 'Vietnam Airlines', '  Phổ thông', 20, 2946000),
('VN164020231112', 'TP HCM (SGN)', ' Hà Nội (HAN)', '2023-11-12', '16:40', '19:10', '2h 30m', 'Bay thẳng', 'Vietnam Airlines', '  Phổ thông', 20, 2525000),
('VN164020231123', 'TP HCM (SGN)', ' Hà Nội (HAN)', '2023-11-23', '16:40', '19:10', '2h 30m', 'Bay thẳng', 'Vietnam Airlines', '  Phổ thông', 20, 3575000),
('VN164020231124', 'TP HCM (SGN)', ' Hà Nội (HAN)', '2023-11-24', '16:40', '19:10', '2h 30m', 'Bay thẳng', 'Vietnam Airlines', '  Phổ thông', 20, 3570000),
('VN16402023119', 'TP HCM (SGN)', ' Hà Nội (HAN)', '2023-11-09', '16:40', '19:10', '2h 30m', 'Bay thẳng', 'Vietnam Airlines', '  Phổ thông', 20, 3580000),
('VN165020231110', 'TP HCM (SGN)', ' Hà Nội (HAN)', '2023-11-10', '16:50', 'HAN', '21h 30m', '1 stop', 'Vietnam Airlines', '  Phổ thông', 20, 10535000),
('VN165020231111', 'TP HCM (SGN)', ' Hà Nội (HAN)', '2023-11-11', '16:50', 'HAN', '25h 5m', '1 stop', 'Vietnam Airlines', '  Phổ thông', 20, 9801000),
('VN165020231112', 'Hà Nội (HAN)', ' TP HCM (SGN)', '2023-11-12', '16:50', '23:55', '7h 5m', '1 stop', 'Vietnam Airlines', '  Phổ thông', 20, 2909000),
('VN165020231121', 'Hà Nội (HAN)', ' TP HCM (SGN)', '2023-11-21', '16:50', '23:55', '7h 5m', '1 điểm', 'Vietnam Airlines', '  Phổ thông', 20, 3989000),
('VN165020231122', 'TP HCM (SGN)', ' Hà Nội (HAN)', '2023-11-22', '16:50', 'HAN', '21h 30m', '1 điểm', 'Vietnam Airlines', '  Phổ thông', 20, 11348000),
('VN165020231123', 'TP HCM (SGN)', ' Hà Nội (HAN)', '2023-11-23', '16:50', 'HAN', '21h 30m', '1 điểm', 'Vietnam Airlines', '  Phổ thông', 20, 12930000),
('VN165020231124', 'TP HCM (SGN)', ' Hà Nội (HAN)', '2023-11-24', '16:50', 'HAN', '21h 30m', '1 điểm', 'Vietnam Airlines', '  Phổ thông', 20, 12930000),
('VN16502023119', 'TP HCM (SGN)', ' Hà Nội (HAN)', '2023-11-09', '16:50', 'HAN', '21h 30m', '1 stop', 'Vietnam Airlines', '  Phổ thông', 20, 11396000),
('VN165520231110', 'Hà Nội (HAN)', ' TP HCM (SGN)', '2023-11-10', '16:55', 'SGN', '7h 40m', '1 stop', 'Vietnam Airlines', '  Phổ thông', 20, 3125000),
('VN165520231121', 'Hà Nội (HAN)', ' TP HCM (SGN)', '2023-11-21', '16:55', '22:05', '5h 10m', '1 điểm', 'Vietnam Airlines', '  Phổ thông', 20, 4227000),
('VN165520231122', 'Hà Nội (HAN)', ' TP HCM (SGN)', '2023-11-22', '16:55', '22:05', '5h 10m', '1 điểm', 'Vietnam Airlines', '  Phổ thông', 20, 3773000),
('VN165520231124', 'Hà Nội (HAN)', ' TP HCM (SGN)', '2023-11-24', '16:55', '23:55', '7h 0m', '1 điểm', 'Vietnam Airlines', '  Phổ thông', 20, 3897000),
('VN170020231110', 'TP HCM (SGN)', ' Hà Nội (HAN)', '2023-11-10', '17:00', '19:10', '2h 10m', 'Bay thẳng', 'Vietnam Airlines', '  Phổ thông', 20, 3575000),
('VN170020231111', 'TP HCM (SGN)', ' Hà Nội (HAN)', '2023-11-11', '17:00', '19:10', '2h 10m', 'Bay thẳng', 'Vietnam Airlines', '  Phổ thông', 20, 2730000),
('VN170020231112', 'TP HCM (SGN)', ' Hà Nội (HAN)', '2023-11-12', '17:00', '19:10', '2h 10m', 'Bay thẳng', 'Vietnam Airlines', '  Phổ thông', 20, 2730000),
('VN170020231121', 'TP HCM (SGN)', ' Hà Nội (HAN)', '2023-11-21', '17:00', '19:10', '2h 10m', 'Bay thẳng', 'Vietnam Airlines', '  Phổ thông', 20, 3183000),
('VN170020231122', 'TP HCM (SGN)', ' Hà Nội (HAN)', '2023-11-22', '17:00', '19:10', '2h 10m', 'Bay thẳng', 'Vietnam Airlines', '  Phổ thông', 20, 3575000),
('VN170020231123', 'TP HCM (SGN)', ' Hà Nội (HAN)', '2023-11-23', '17:00', '19:10', '2h 10m', 'Bay thẳng', 'Vietnam Airlines', '  Phổ thông', 20, 3575000),
('VN170020231124', 'TP HCM (SGN)', ' Hà Nội (HAN)', '2023-11-24', '17:00', '19:10', '2h 10m', 'Bay thẳng', 'Vietnam Airlines', '  Phổ thông', 20, 3570000),
('VN17002023119', 'TP HCM (SGN)', ' Hà Nội (HAN)', '2023-11-09', '17:00', '19:10', '2h 10m', 'Bay thẳng', 'Vietnam Airlines', '  Phổ thông', 20, 3580000),
('VN170520231110', 'Đà Lạt (DLI)', ' TP HCM (SGN)', '2023-11-10', '17:05', '18:00', '55m Bay', 'thẳng 18:0', 'Vietnam Airlines', '  Phổ thông', 20, 1148000),
('VN17102023119', 'Đà Lạt (DLI)', ' TP HCM (SGN)', '2023-11-09', '17:10', '18:05', '55m Bay', 'thẳng 18:0', 'Vietnam Airlines', '  Phổ thông', 20, 928000),
('VN172520231110', 'Hà Nội (HAN)', ' TP HCM (SGN)', '2023-11-10', '17:25', '22:00', '4h 35m', '1 stop', 'Vietnam Airlines', '  Phổ thông', 20, 6754000),
('VN172520231111', 'Hà Nội (HAN)', ' TP HCM (SGN)', '2023-11-11', '17:25', 'SGN', '17h 0m', '1 stop', 'Vietnam Airlines', '  Phổ thông', 20, 7182000),
('VN172520231112', 'Đà Nẵng (DAD)', ' TP HCM (SGN)', '2023-11-12', '17:25', '19:10', '1h 45m', 'Bay thẳng', 'Vietnam Airlines', '  Phổ thông', 20, 2495000),
('VN172520231121', 'Hà Nội (HAN)', ' TP HCM (SGN)', '2023-11-21', '17:25', '22:00', '4h 35m', '1 điểm', 'Vietnam Airlines', '  Phổ thông', 20, 6729000),
('VN172520231122', 'Hà Nội (HAN)', ' TP HCM (SGN)', '2023-11-22', '17:25', '22:05', '4h 40m', '1 điểm', 'Vietnam Airlines', '  Phổ thông', 20, 3773000),
('VN172520231123', 'Hà Nội (HAN)', ' TP HCM (SGN)', '2023-11-23', '17:25', '22:05', '4h 40m', '1 điểm', 'Vietnam Airlines', '  Phổ thông', 20, 3778000),
('VN172520231124', 'Hà Nội (HAN)', ' TP HCM (SGN)', '2023-11-24', '17:25', '23:55', '6h 30m', '1 điểm', 'Vietnam Airlines', '  Phổ thông', 20, 3778000),
('VN17252023119', 'Hà Nội (HAN)', ' TP HCM (SGN)', '2023-11-09', '17:25', '22:00', '4h 35m', '1 stop', 'Vietnam Airlines', '  Phổ thông', 20, 6759000),
('VN173020231110', 'Hà Nội (HAN)', ' TP HCM (SGN)', '2023-11-10', '17:30', '19:45', '2h 15m', 'Bay thẳng', 'Vietnam Airlines', '  Phổ thông', 20, 2730000),
('VN173020231112', 'Hà Nội (HAN)', ' TP HCM (SGN)', '2023-11-12', '17:30', '19:45', '2h 15m', 'Bay thẳng', 'Vietnam Airlines', '  Phổ thông', 20, 3173000),
('VN173020231122', 'TP HCM (SGN)', ' Hà Nội (HAN)', '2023-11-22', '17:30', '19:40', '2h 10m', 'Bay thẳng', 'Vietnam Airlines', '  Phổ thông', 20, 2579000),
('VN173020231123', 'Hà Nội (HAN)', ' TP HCM (SGN)', '2023-11-23', '17:30', '19:45', '2h 15m', 'Bay thẳng', 'Vietnam Airlines', '  Phổ thông', 20, 2946000),
('VN173020231124', 'Hà Nội (HAN)', ' TP HCM (SGN)', '2023-11-24', '17:30', '19:45', '2h 15m', 'Bay thẳng', 'Vietnam Airlines', '  Phổ thông', 20, 3575000),
('VN17302023119', 'Hà Nội (HAN)', ' TP HCM (SGN)', '2023-11-09', '17:30', '19:45', '2h 15m', 'Bay thẳng', 'Vietnam Airlines', '  Phổ thông', 20, 2730000),
('VN173520231110', 'TP HCM (SGN)', ' Đà Nẵng (DAD)', '2023-11-10', '17:35', '19:05', '1h 30m', 'Bay thẳng', 'Vietnam Airlines', '  Phổ thông', 20, 1644000),
('VN173520231111', 'TP HCM (SGN)', ' Đà Nẵng (DAD)', '2023-11-11', '17:35', '19:05', '1h 30m', 'Bay thẳng', 'Vietnam Airlines', '  Phổ thông', 20, 1359000),
('VN173520231112', 'TP HCM (SGN)', ' Đà Nẵng (DAD)', '2023-11-12', '17:35', '19:05', '1h 30m', 'Bay thẳng', 'Vietnam Airlines', '  Thương gia', 20, 4830000),
('VN173520231121', 'TP HCM (SGN)', ' Hà Nội (HAN)', '2023-11-21', '17:35', '22:00', '4h 25m', '1 điểm', 'Vietnam Airlines', '  Phổ thông', 20, 2574000),
('VN173520231122', 'TP HCM (SGN)', ' Hà Nội (HAN)', '2023-11-22', '17:35', '21:20', '3h 45m', '1 điểm', 'Vietnam Airlines', '  Phổ thông', 20, 2304000),
('VN173520231123', 'TP HCM (SGN)', ' Hà Nội (HAN)', '2023-11-23', '17:35', '21:20', '3h 45m', '1 điểm', 'Vietnam Airlines', '  Phổ thông', 20, 2715000),
('VN173520231124', 'TP HCM (SGN)', ' Hà Nội (HAN)', '2023-11-24', '17:35', '22:20', '4h 45m', '1 điểm', 'Vietnam Airlines', '  Phổ thông', 20, 2574000),
('VN17352023119', 'TP HCM (SGN)', ' Đà Nẵng (DAD)', '2023-11-09', '17:35', '19:05', '1h 30m', 'Bay thẳng', 'Vietnam Airlines', '  Phổ thông', 20, 2071000),
('VN175020231110', 'TP HCM (SGN)', ' Hà Nội (HAN)', '2023-11-10', '17:50', 'HAN', '16h 50m', '1 stop', 'Vietnam Airlines', '  Thương gia', 20, 21607000),
('VN175020231111', 'TP HCM (SGN)', ' Hà Nội (HAN)', '2023-11-11', '17:50', 'HAN', '16h 50m', '1 stop', 'Vietnam Airlines', '  Phổ thông', 20, 17450000),
('VN175020231112', 'Hà Nội (HAN)', ' TP HCM (SGN)', '2023-11-12', '17:50', '23:00', '5h 10m', '1 stop', 'Vietnam Airlines', '  Phổ thông', 20, 8270000),
('VN175020231121', 'TP HCM (SGN)', ' Hà Nội (HAN)', '2023-11-21', '17:50', 'HAN', '16h 50m', '1 điểm', 'Vietnam Airlines', '  Phổ thông', 20, 17629000),
('VN175020231122', 'TP HCM (SGN)', ' Hà Nội (HAN)', '2023-11-22', '17:50', 'HAN', '16h 50m', '1 điểm', 'Vietnam Airlines', '  Phổ thông', 20, 17624000),
('VN175020231123', 'TP HCM (SGN)', ' Hà Nội (HAN)', '2023-11-23', '17:50', 'HAN', '16h 50m', '1 điểm', 'Vietnam Airlines', '  Phổ thông', 20, 14946000),
('VN175020231124', 'TP HCM (SGN)', ' Hà Nội (HAN)', '2023-11-24', '17:50', 'HAN', '16h 50m', '1 điểm', 'Vietnam Airlines', '  Phổ thông', 20, 16163000),
('VN17502023119', 'TP HCM (SGN)', ' Hà Nội (HAN)', '2023-11-09', '17:50', 'HAN', '16h 50m', '1 stop', 'Vietnam Airlines', '  Phổ thông', 20, 9998000),
('VN175520231111', 'Hà Nội (HAN)', ' TP HCM (SGN)', '2023-11-11', '17:55', '22:25', '4h 30m', '1 stop', 'Vietnam Airlines', '  Phổ thông', 20, 3811000),
('VN175520231112', 'TP HCM (SGN)', ' Hà Nội (HAN)', '2023-11-12', '17:55', '20:10', '2h 15m', 'Bay thẳng', 'Vietnam Airlines', '  Phổ thông', 20, 2525000),
('VN175520231121', 'Hà Nội (HAN)', ' TP HCM (SGN)', '2023-11-21', '17:55', '22:05', '4h 10m', '1 điểm', 'Vietnam Airlines', '  Phổ thông', 20, 4826000),
('VN175520231122', 'Hà Nội (HAN)', ' TP HCM (SGN)', '2023-11-22', '17:55', '22:05', '4h 10m', '1 điểm', 'Vietnam Airlines', '  Phổ thông', 20, 3773000),
('VN180020231110', 'TP HCM (SGN)', ' Hà Nội (HAN)', '2023-11-10', '18:00', '20:15', '2h 15m', 'Bay thẳng', 'Vietnam Airlines', '  Phổ thông', 20, 3575000),
('VN180020231111', 'TP HCM (SGN)', ' Hà Nội (HAN)', '2023-11-11', '18:00', '20:15', '2h 15m', 'Bay thẳng', 'Vietnam Airlines', '  Phổ thông', 20, 2730000),
('VN180020231112', 'TP HCM (SGN)', ' Hà Nội (HAN)', '2023-11-12', '18:00', '20:15', '2h 15m', 'Bay thẳng', 'Vietnam Airlines', '  Phổ thông', 20, 2951000),
('VN180020231121', 'TP HCM (SGN)', ' Hà Nội (HAN)', '2023-11-21', '18:00', '20:15', '2h 15m', 'Bay thẳng', 'Vietnam Airlines', '  Phổ thông', 20, 3580000),
('VN180020231122', 'TP HCM (SGN)', ' Hà Nội (HAN)', '2023-11-22', '18:00', '20:15', '2h 15m', 'Bay thẳng', 'Vietnam Airlines', '  Phổ thông', 20, 3575000),
('VN180020231123', 'TP HCM (SGN)', ' Hà Nội (HAN)', '2023-11-23', '18:00', '20:15', '2h 15m', 'Bay thẳng', 'Vietnam Airlines', '  Phổ thông', 20, 3575000),
('VN180020231124', 'TP HCM (SGN)', ' Hà Nội (HAN)', '2023-11-24', '18:00', '20:15', '2h 15m', 'Bay thẳng', 'Vietnam Airlines', '  Phổ thông', 20, 3570000),
('VN18002023119', 'TP HCM (SGN)', ' Hà Nội (HAN)', '2023-11-09', '18:00', '20:15', '2h 15m', 'Bay thẳng', 'Vietnam Airlines', '  Phổ thông', 20, 3580000),
('VN180520231110', 'Hà Nội (HAN)', ' TP HCM (SGN)', '2023-11-10', '18:05', 'SGN', '6h 30m', '1 stop', 'Vietnam Airlines', '  Phổ thông', 20, 3778000),
('VN180520231111', 'Đà Lạt (DLI)', ' TP HCM (SGN)', '2023-11-11', '18:05', '19:15', '1h 10m', 'Bay thẳng', 'Vietnam Airlines', '  Phổ thông', 20, 1229000),
('VN180520231112', 'TP HCM (SGN)', ' Đà Nẵng (DAD)', '2023-11-12', '18:05', '19:30', '1h 25m', 'Bay thẳng', 'Vietnam Airlines', '  Phổ thông', 20, 1359000),
('VN18052023119', 'Đà Lạt (DLI)', ' TP HCM (SGN)', '2023-11-09', '18:05', '19:15', '1h 10m', 'Bay thẳng', 'Vietnam Airlines', '  Phổ thông', 20, 1131000),
('VN181020231124', 'TP HCM (SGN)', ' P. Quốc (PQC)', '2023-11-24', '18:10', '19:15', '1h 5m', 'Bay thẳng', 'Vietnam Airlines', '  Phổ thông', 20, 1803000),
('VN181520231110', 'Đà Nẵng (DAD)', ' TP HCM (SGN)', '2023-11-10', '18:15', '20:00', '1h 45m', 'Bay thẳng', 'Vietnam Airlines', '  Phổ thông', 20, 2495000),
('VN181520231111', 'Đà Nẵng (DAD)', ' TP HCM (SGN)', '2023-11-11', '18:15', '20:00', '1h 45m', 'Bay thẳng', 'Vietnam Airlines', '  Phổ thông', 20, 1499000),
('VN181520231112', 'Đà Nẵng (DAD)', ' TP HCM (SGN)', '2023-11-12', '18:15', '20:00', '1h 45m', 'Bay thẳng', 'Vietnam Airlines', '  Phổ thông', 20, 2495000),
('VN18152023118', 'Đà Nẵng (DAD)', ' TP HCM (SGN)', '2023-11-08', '18:15', '20:00', '1h 45m', 'Bay thẳng', 'Vietnam Airlines', '  Phổ thông', 20, 2071000),
('VN18152023119', 'Đà Nẵng (DAD)', ' TP HCM (SGN)', '2023-11-09', '18:15', '20:00', '1h 45m', 'Bay thẳng', 'Vietnam Airlines', '  Phổ thông', 20, 2373000),
('VN182020231110', 'Hà Nội (HAN)', ' TP HCM (SGN)', '2023-11-10', '18:20', 'SGN', '15h 30m', '1 stop', 'Vietnam Airlines', '  Phổ thông', 20, 14639000),
('VN182020231111', 'Hà Nội (HAN)', ' TP HCM (SGN)', '2023-11-11', '18:20', 'SGN', '15h 30m', '1 stop', 'Vietnam Airlines', '  Phổ thông', 20, 10116000),
('VN182020231112', 'Hà Nội (HAN)', ' TP HCM (SGN)', '2023-11-12', '18:20', 'SGN', '15h 30m', '1 stop', 'Vietnam Airlines', '  Phổ thông', 20, 11339000),
('VN182020231121', 'Hà Nội (HAN)', ' TP HCM (SGN)', '2023-11-21', '18:20', 'SGN', '15h 30m', '1 điểm', 'Vietnam Airlines', '  Phổ thông', 20, 17751000),
('VN182020231122', 'Hà Nội (HAN)', ' TP HCM (SGN)', '2023-11-22', '18:20', 'SGN', '15h 30m', '1 điểm', 'Vietnam Airlines', '  Phổ thông', 20, 17746000),
('VN182020231123', 'Hà Nội (HAN)', ' TP HCM (SGN)', '2023-11-23', '18:20', 'SGN', '15h 30m', '1 điểm', 'Vietnam Airlines', '  Phổ thông', 20, 15068000),
('VN182020231124', 'Hà Nội (HAN)', ' TP HCM (SGN)', '2023-11-24', '18:20', 'SGN', '15h 30m', '1 điểm', 'Vietnam Airlines', '  Phổ thông', 20, 16285000),
('VN18202023119', 'Hà Nội (HAN)', ' TP HCM (SGN)', '2023-11-09', '18:20', 'SGN', '15h 30m', '1 stop', 'Vietnam Airlines', '  Phổ thông', 20, 10732000),
('VN183020231121', 'Hà Nội (HAN)', ' TP HCM (SGN)', '2023-11-21', '18:30', 'SGN', '15h 55m', '1 điểm', 'Vietnam Airlines', '  Phổ thông', 20, 16534000),
('VN183020231122', 'TP HCM (SGN)', ' P. Quốc (PQC)', '2023-11-22', '18:30', '19:35', '1h 5m', 'Bay thẳng', 'Vietnam Airlines', '  Phổ thông', 20, 1143000),
('VN18302023118', 'TP HCM (SGN)', ' Hà Nội (HAN)', '2023-11-08', '18:30', 'HAN', '26h 40m', '2 stop', 'Vietnam Airlines', '  Phổ thông', 20, 12615000),
('VN18352023119', 'Hà Nội (HAN)', ' TP HCM (SGN)', '2023-11-09', '18:35', '22:30', '3h 55m', '1 stop', 'Vietnam Airlines', '  Phổ thông', 20, 4826000),
('VN184020231124', 'Hà Nội (HAN)', ' TP HCM (SGN)', '2023-11-24', '18:40', '23:55', '5h 15m', '1 điểm', 'Vietnam Airlines', '  Phổ thông', 20, 4124000),
('VN184520231110', 'TP HCM (SGN)', ' Hà Nội (HAN)', '2023-11-10', '18:45', '21:00', '2h 15m', 'Bay thẳng', 'Vietnam Airlines', '  Phổ thông', 20, 2579000),
('VN184520231111', 'TP HCM (SGN)', ' Hà Nội (HAN)', '2023-11-11', '18:45', '21:00', '2h 15m', 'Bay thẳng', 'Vietnam Airlines', '  Phổ thông', 20, 1769000),
('VN184520231112', 'TP HCM (SGN)', ' Hà Nội (HAN)', '2023-11-12', '18:45', '21:00', '2h 15m', 'Bay thẳng', 'Vietnam Airlines', '  Phổ thông', 20, 3575000),
('VN184520231121', 'TP HCM (SGN)', ' P. Quốc (PQC)', '2023-11-21', '18:45', '19:50', '1h 5m', 'Bay thẳng', 'Vietnam Airlines', '  Phổ thông', 20, 1121000),
('VN184520231122', 'TP HCM (SGN)', ' P. Quốc (PQC)', '2023-11-22', '18:45', '19:50', '1h 5m', 'Bay thẳng', 'Vietnam Airlines', '  Phổ thông', 20, 1234000),
('VN184520231123', 'Hà Nội (HAN)', ' TP HCM (SGN)', '2023-11-23', '18:45', '21:10', '2h 25m', 'Bay thẳng', 'Vietnam Airlines', '  Phổ thông', 20, 3575000),
('VN184520231124', 'Hà Nội (HAN)', ' TP HCM (SGN)', '2023-11-24', '18:45', '21:10', '2h 25m', 'Bay thẳng', 'Vietnam Airlines', '  Phổ thông', 20, 2946000),
('VN18452023118', 'TP HCM (SGN)', ' Hà Nội (HAN)', '2023-11-08', '18:45', '20:55', '2h 10m', 'Bay thẳng', 'Vietnam Airlines', '  Phổ thông', 20, 2872000),
('VN18452023119', 'TP HCM (SGN)', ' Hà Nội (HAN)', '2023-11-09', '18:45', '20:55', '2h 10m', 'Bay thẳng', 'Vietnam Airlines', '  Phổ thông', 20, 3580000),
('VN185020231111', 'Hà Nội (HAN)', ' TP HCM (SGN)', '2023-11-11', '18:50', '20:50', '2h 0m', 'Bay thẳng', 'Vietnam Airlines', '  Phổ thông', 20, 2892000),
('VN185020231112', 'Hà Nội (HAN)', ' TP HCM (SGN)', '2023-11-12', '18:50', '21:10', '2h 20m', 'Bay thẳng', 'Vietnam Airlines', '  Phổ thông', 20, 3173000),
('VN18502023118', 'Hà Nội (HAN)', ' TP HCM (SGN)', '2023-11-08', '18:50', '21:05', '2h 15m', 'Bay thẳng', 'Vietnam Airlines', '  Phổ thông', 20, 2579000),
('VN190020231110', 'TP HCM (SGN)', ' Hà Nội (HAN)', '2023-11-10', '19:00', '21:15', '2h 15m', 'Bay thẳng', 'Vietnam Airlines', '  Phổ thông', 20, 3575000),
('VN190020231111', 'TP HCM (SGN)', ' Hà Nội (HAN)', '2023-11-11', '19:00', '21:15', '2h 15m', 'Bay thẳng', 'Vietnam Airlines', '  Phổ thông', 20, 2730000),
('VN190020231112', 'TP HCM (SGN)', ' Hà Nội (HAN)', '2023-11-12', '19:00', '21:15', '2h 15m', 'Bay thẳng', 'Vietnam Airlines', '  Phổ thông', 20, 2730000),
('VN190020231121', 'TP HCM (SGN)', ' Hà Nội (HAN)', '2023-11-21', '19:00', '21:15', '2h 15m', 'Bay thẳng', 'Vietnam Airlines', '  Phổ thông', 20, 3580000),
('VN190020231122', 'TP HCM (SGN)', ' Hà Nội (HAN)', '2023-11-22', '19:00', '21:15', '2h 15m', 'Bay thẳng', 'Vietnam Airlines', '  Phổ thông', 20, 3575000),
('VN190020231123', 'TP HCM (SGN)', ' Hà Nội (HAN)', '2023-11-23', '19:00', '21:15', '2h 15m', 'Bay thẳng', 'Vietnam Airlines', '  Phổ thông', 20, 3575000),
('VN190020231124', 'TP HCM (SGN)', ' Hà Nội (HAN)', '2023-11-24', '19:00', '21:15', '2h 15m', 'Bay thẳng', 'Vietnam Airlines', '  Phổ thông', 20, 3570000),
('VN19002023118', 'TP HCM (SGN)', ' Hà Nội (HAN)', '2023-11-08', '19:00', '21:15', '2h 15m', 'Bay thẳng', 'Vietnam Airlines', '  Phổ thông', 20, 3580000),
('VN19002023119', 'TP HCM (SGN)', ' Hà Nội (HAN)', '2023-11-09', '19:00', '21:15', '2h 15m', 'Bay thẳng', 'Vietnam Airlines', '  Phổ thông', 20, 2946000),
('VN190520231111', 'TP HCM (SGN)', ' Đà Nẵng (DAD)', '2023-11-11', '19:05', '20:20', '1h 15m', 'Bay thẳng', 'Vietnam Airlines', '  Phổ thông', 20, 1240000),
('VN190520231112', 'TP HCM (SGN)', ' Đà Nẵng (DAD)', '2023-11-12', '19:05', '20:20', '1h 15m', 'Bay thẳng', 'Vietnam Airlines', '  Phổ thông', 20, 1547000),
('VN19052023118', 'TP HCM (SGN)', ' Đà Nẵng (DAD)', '2023-11-08', '19:05', '20:25', '1h 20m', 'Bay thẳng', 'Vietnam Airlines', '  Phổ thông', 20, 1220000),
('VN19052023119', 'TP HCM (SGN)', ' Đà Nẵng (DAD)', '2023-11-09', '19:05', '20:25', '1h 20m', 'Bay thẳng', 'Vietnam Airlines', '  Phổ thông', 20, 1360000),
('VN191520231121', 'Hà Nội (HAN)', ' TP HCM (SGN)', '2023-11-21', '19:15', 'SGN', '12h 40m', '1 điểm', 'Vietnam Airlines', '  Phổ thông', 20, 12206000),
('VN191520231122', 'Hà Nội (HAN)', ' TP HCM (SGN)', '2023-11-22', '19:15', 'SGN', '12h 40m', '1 điểm', 'Vietnam Airlines', '  Phổ thông', 20, 9889000),
('VN192020231121', 'Hà Nội (HAN)', ' TP HCM (SGN)', '2023-11-21', '19:20', 'SGN', '15h 15m', '1 điểm', 'Vietnam Airlines', '  Phổ thông', 20, 12412000),
('VN19202023118', 'Hà Nội (HAN)', ' TP HCM (SGN)', '2023-11-08', '19:20', 'SGN', '15h 15m', '1 stop', 'Vietnam Airlines', '  Phổ thông', 20, 12465000),
('VN192520231110', 'TP HCM (SGN)', ' Hà Nội (HAN)', '2023-11-10', '19:25', 'HAN', '24h 25m', '1 stop', 'Vietnam Airlines', '  Phổ thông', 20, 8147000),
('VN192520231111', 'TP HCM (SGN)', ' Hà Nội (HAN)', '2023-11-11', '19:25', 'HAN', '24h 25m', '1 stop', 'Vietnam Airlines', '  Phổ thông', 20, 9859000),
('VN192520231112', 'Hà Nội (HAN)', ' TP HCM (SGN)', '2023-11-12', '19:25', '23:55', '4h 30m', '1 stop', 'Vietnam Airlines', '  Phổ thông', 20, 3811000),
('VN192520231121', 'TP HCM (SGN)', ' Hà Nội (HAN)', '2023-11-21', '19:25', 'HAN', '27h 0m', '1 điểm', 'Vietnam Airlines', '  Phổ thông', 20, 9213000),
('VN192520231122', 'TP HCM (SGN)', ' Hà Nội (HAN)', '2023-11-22', '19:25', 'HAN', '27h 0m', '1 điểm', 'Vietnam Airlines', '  Phổ thông', 20, 8965000),
('VN192520231123', 'TP HCM (SGN)', ' Hà Nội (HAN)', '2023-11-23', '19:25', 'HAN', '24h 25m', '1 điểm', 'Vietnam Airlines', '  Phổ thông', 20, 11886000),
('VN192520231124', 'TP HCM (SGN)', ' Hà Nội (HAN)', '2023-11-24', '19:25', 'HAN', '24h 55m', '1 điểm', 'Vietnam Airlines', '  Phổ thông', 20, 9805000),
('VN19252023118', 'TP HCM (SGN)', ' Hà Nội (HAN)', '2023-11-08', '19:25', 'HAN', '27h 0m', '1 stop', 'Vietnam Airlines', '  Phổ thông', 20, 7541000),
('VN19252023119', 'TP HCM (SGN)', ' Hà Nội (HAN)', '2023-11-09', '19:25', 'HAN', '24h 25m', '1 stop', 'Vietnam Airlines', '  Phổ thông', 20, 9008000),
('VN193020231110', 'TP HCM (SGN)', ' Hà Nội (HAN)', '2023-11-10', '19:30', '21:45', '2h 15m', 'Bay thẳng', 'Vietnam Airlines', '  Phổ thông', 20, 2946000),
('VN193020231112', 'TP HCM (SGN)', ' Hà Nội (HAN)', '2023-11-12', '19:30', '21:45', '2h 15m', 'Bay thẳng', 'Vietnam Airlines', '  Phổ thông', 20, 2525000),
('VN193020231123', 'TP HCM (SGN)', ' Hà Nội (HAN)', '2023-11-23', '19:30', '21:45', '2h 15m', 'Bay thẳng', 'Vietnam Airlines', '  Phổ thông', 20, 3378000),
('VN193020231124', 'TP HCM (SGN)', ' Hà Nội (HAN)', '2023-11-24', '19:30', '21:45', '2h 15m', 'Bay thẳng', 'Vietnam Airlines', '  Phổ thông', 20, 3570000),
('VN19302023119', 'TP HCM (SGN)', ' Hà Nội (HAN)', '2023-11-09', '19:30', '21:45', '2h 15m', 'Bay thẳng', 'Vietnam Airlines', '  Phổ thông', 20, 2341000),
('VN19352023118', 'TP HCM (SGN)', ' Hà Nội (HAN)', '2023-11-08', '19:35', 'HAN', '20h 5m', '1 stop', 'Vietnam Airlines', '  Phổ thông', 20, 8307000),
('VN200020231110', 'TP HCM (SGN)', ' Hà Nội (HAN)', '2023-11-10', '20:00', '22:15', '2h 15m', 'Bay thẳng', 'Vietnam Airlines', '  Phổ thông', 20, 3575000),
('VN200020231111', 'TP HCM (SGN)', ' Hà Nội (HAN)', '2023-11-11', '20:00', '22:15', '2h 15m', 'Bay thẳng', 'Vietnam Airlines', '  Phổ thông', 20, 2730000),
('VN200020231112', 'TP HCM (SGN)', ' Hà Nội (HAN)', '2023-11-12', '20:00', '22:15', '2h 15m', 'Bay thẳng', 'Vietnam Airlines', '  Phổ thông', 20, 2730000),
('VN200020231121', 'TP HCM (SGN)', ' Hà Nội (HAN)', '2023-11-21', '20:00', '22:15', '2h 15m', 'Bay thẳng', 'Vietnam Airlines', '  Phổ thông', 20, 3183000),
('VN200020231122', 'TP HCM (SGN)', ' Hà Nội (HAN)', '2023-11-22', '20:00', '22:15', '2h 15m', 'Bay thẳng', 'Vietnam Airlines', '  Phổ thông', 20, 3575000),
('VN200020231123', 'TP HCM (SGN)', ' Hà Nội (HAN)', '2023-11-23', '20:00', '22:15', '2h 15m', 'Bay thẳng', 'Vietnam Airlines', '  Phổ thông', 20, 3575000),
('VN200020231124', 'TP HCM (SGN)', ' Hà Nội (HAN)', '2023-11-24', '20:00', '22:15', '2h 15m', 'Bay thẳng', 'Vietnam Airlines', '  Phổ thông', 20, 3570000),
('VN20002023118', 'TP HCM (SGN)', ' Hà Nội (HAN)', '2023-11-08', '20:00', '22:15', '2h 15m', 'Bay thẳng', 'Vietnam Airlines', '  Phổ thông', 20, 3570000),
('VN20002023119', 'TP HCM (SGN)', ' Hà Nội (HAN)', '2023-11-09', '20:00', '22:15', '2h 15m', 'Bay thẳng', 'Vietnam Airlines', '  Phổ thông', 20, 3173000),
('VN200520231122', 'Hà Nội (HAN)', ' TP HCM (SGN)', '2023-11-22', '20:05', '22:20', '2h 15m', 'Bay thẳng', 'Vietnam Airlines', '  Phổ thông', 20, 1749000),
('VN201020231110', 'Đà Nẵng (DAD)', ' TP HCM (SGN)', '2023-11-10', '20:10', '22:05', '1h 55m', 'Bay thẳng', 'Vietnam Airlines', '  Phổ thông', 20, 2212000),
('VN201020231111', 'TP HCM (SGN)', ' Đà Nẵng (DAD)', '2023-11-11', '20:10', '21:40', '1h 30m', 'Bay thẳng', 'Vietnam Airlines', '  Phổ thông', 20, 1067000),
('VN201020231112', 'Đà Nẵng (DAD)', ' TP HCM (SGN)', '2023-11-12', '20:10', '22:05', '1h 55m', 'Bay thẳng', 'Vietnam Airlines', '  Phổ thông', 20, 2495000),
('VN201020231124', 'TP HCM (SGN)', ' Đà Nẵng (DAD)', '2023-11-24', '20:10', '21:40', '1h 30m', 'Bay thẳng', 'Vietnam Airlines', '  Phổ thông', 20, 2066000),
('VN20102023118', 'TP HCM (SGN)', ' Đà Nẵng (DAD)', '2023-11-08', '20:10', '21:40', '1h 30m', 'Bay thẳng', 'Vietnam Airlines', '  Phổ thông', 20, 1509000),
('VN20102023119', 'TP HCM (SGN)', ' Đà Nẵng (DAD)', '2023-11-09', '20:10', '21:40', '1h 30m', 'Bay thẳng', 'Vietnam Airlines', '  Phổ thông', 20, 2500000),
('VN202520231110', 'TP HCM (SGN)', ' Hà Nội (HAN)', '2023-11-10', '20:25', '22:35', '2h 10m', 'Bay thẳng', 'Vietnam Airlines', '  Phổ thông', 20, 2579000),
('VN202520231111', 'TP HCM (SGN)', ' Hà Nội (HAN)', '2023-11-11', '20:25', '22:35', '2h 10m', 'Bay thẳng', 'Vietnam Airlines', '  Phổ thông', 20, 1749000),
('VN202520231112', 'TP HCM (SGN)', ' Hà Nội (HAN)', '2023-11-12', '20:25', '22:35', '2h 10m', 'Bay thẳng', 'Vietnam Airlines', '  Phổ thông', 20, 2287000),
('VN20252023118', 'TP HCM (SGN)', ' Hà Nội (HAN)', '2023-11-08', '20:25', '22:35', '2h 10m', 'Bay thẳng', 'Vietnam Airlines', '  Phổ thông', 20, 3570000),
('VN203020231110', 'Hà Nội (HAN)', ' TP HCM (SGN)', '2023-11-10', '20:30', '22:30', '2h 0m', 'Bay thẳng', 'Vietnam Airlines', '  Phổ thông', 20, 2136000),
('VN203020231112', 'Hà Nội (HAN)', ' TP HCM (SGN)', '2023-11-12', '20:30', '22:30', '2h 0m', 'Bay thẳng', 'Vietnam Airlines', '  Phổ thông', 20, 3173000),
('VN203020231123', 'Hà Nội (HAN)', ' TP HCM (SGN)', '2023-11-23', '20:30', '22:30', '2h 0m', 'Bay thẳng', 'Vietnam Airlines', '  Phổ thông', 20, 2946000),
('VN203020231124', 'Hà Nội (HAN)', ' TP HCM (SGN)', '2023-11-24', '20:30', '22:30', '2h 0m', 'Bay thẳng', 'Vietnam Airlines', '  Phổ thông', 20, 2946000),
('VN20302023119', 'Hà Nội (HAN)', ' TP HCM (SGN)', '2023-11-09', '20:30', '22:30', '2h 0m', 'Bay thẳng', 'Vietnam Airlines', '  Phổ thông', 20, 2341000),
('VN204020231121', 'TP HCM (SGN)', ' Hà Nội (HAN)', '2023-11-21', '20:40', '22:50', '2h 10m', 'Bay thẳng', 'Vietnam Airlines', '  Phổ thông', 20, 2579000),
('VN204520231110', 'TP HCM (SGN)', ' Hà Nội (HAN)', '2023-11-10', '20:45', '22:50', '2h 5m', 'Bay thẳng', 'Vietnam Airlines', '  Phổ thông', 20, 2730000),
('VN204520231112', 'TP HCM (SGN)', ' Hà Nội (HAN)', '2023-11-12', '20:45', '22:50', '2h 5m', 'Bay thẳng', 'Vietnam Airlines', '  Phổ thông', 20, 2730000),
('VN204520231123', 'TP HCM (SGN)', ' Hà Nội (HAN)', '2023-11-23', '20:45', '22:50', '2h 5m', 'Bay thẳng', 'Vietnam Airlines', '  Phổ thông', 20, 3575000),
('VN204520231124', 'TP HCM (SGN)', ' Hà Nội (HAN)', '2023-11-24', '20:45', '22:50', '2h 5m', 'Bay thẳng', 'Vietnam Airlines', '  Phổ thông', 20, 3570000),
('VN20452023119', 'TP HCM (SGN)', ' Hà Nội (HAN)', '2023-11-09', '20:45', '22:50', '2h 5m', 'Bay thẳng', 'Vietnam Airlines', '  Phổ thông', 20, 2525000),
('VN205020231110', 'TP HCM (SGN)', ' Đà Nẵng (DAD)', '2023-11-10', '20:50', '22:20', '1h 30m', 'Bay thẳng', 'Vietnam Airlines', '  Phổ thông', 20, 2066000),
('VN205520231110', 'TP HCM (SGN)', ' Đà Nẵng (DAD)', '2023-11-10', '20:55', '22:10', '1h 15m', 'Bay thẳng', 'Vietnam Airlines', '  Phổ thông', 20, 1220000),
('VN210020231110', 'TP HCM (SGN)', ' Hà Nội (HAN)', '2023-11-10', '21:00', '23:20', '2h 20m', 'Bay thẳng', 'Vietnam Airlines', '  Phổ thông', 20, 3575000),
('VN210020231111', 'TP HCM (SGN)', ' Đà Nẵng (DAD)', '2023-11-11', '21:00', '22:30', '1h 30m', 'Bay thẳng', 'Vietnam Airlines', '  Phổ thông', 20, 1047000),
('VN210020231112', 'TP HCM (SGN)', ' Đà Nẵng (DAD)', '2023-11-12', '21:00', '22:30', '1h 30m', 'Bay thẳng', 'Vietnam Airlines', '  Phổ thông', 20, 2495000),
('VN210020231121', 'TP HCM (SGN)', ' Hà Nội (HAN)', '2023-11-21', '21:00', '23:20', '2h 20m', 'Bay thẳng', 'Vietnam Airlines', '  Phổ thông', 20, 2956000),
('VN210020231122', 'TP HCM (SGN)', ' Hà Nội (HAN)', '2023-11-22', '21:00', '23:20', '2h 20m', 'Bay thẳng', 'Vietnam Airlines', '  Phổ thông', 20, 3575000),
('VN210020231123', 'TP HCM (SGN)', ' Hà Nội (HAN)', '2023-11-23', '21:00', '23:10', '2h 10m', 'Bay thẳng', 'Vietnam Airlines', '  Phổ thông', 20, 2892000),
('VN210020231124', 'TP HCM (SGN)', ' Hà Nội (HAN)', '2023-11-24', '21:00', '23:20', '2h 20m', 'Bay thẳng', 'Vietnam Airlines', '  Phổ thông', 20, 3570000),
('VN21002023118', 'Đà Nẵng (DAD)', ' TP HCM (SGN)', '2023-11-08', '21:00', '22:30', '1h 30m', 'Bay thẳng', 'Vietnam Airlines', '  Phổ thông', 20, 1522000),
('VN21002023119', 'Đà Nẵng (DAD)', ' TP HCM (SGN)', '2023-11-09', '21:00', '22:30', '1h 30m', 'Bay thẳng', 'Vietnam Airlines', '  Phổ thông', 20, 1522000),
('VN21102023119', 'TP HCM (SGN)', ' Hà Nội (HAN)', '2023-11-09', '21:10', '23:20', '2h 10m', 'Bay thẳng', 'Vietnam Airlines', '  Phổ thông', 20, 2267000),
('VN212520231110', 'Hà Nội (HAN)', ' TP HCM (SGN)', '2023-11-10', '21:25', '23:30', '2h 5m', 'Bay thẳng', 'Vietnam Airlines', '  Phổ thông', 20, 1769000),
('VN212520231111', 'Hà Nội (HAN)', ' TP HCM (SGN)', '2023-11-11', '21:25', '23:30', '2h 5m', 'Bay thẳng', 'Vietnam Airlines', '  Phổ thông', 20, 1749000),
('VN212520231112', 'Hà Nội (HAN)', ' TP HCM (SGN)', '2023-11-12', '21:25', '23:30', '2h 5m', 'Bay thẳng', 'Vietnam Airlines', '  Phổ thông', 20, 2287000),
('VN212520231122', 'Hà Nội (HAN)', ' TP HCM (SGN)', '2023-11-22', '21:25', '23:30', '2h 5m', 'Bay thẳng', 'Vietnam Airlines', '  Phổ thông', 20, 2287000),
('VN21252023118', 'Hà Nội (HAN)', ' TP HCM (SGN)', '2023-11-08', '21:25', '23:40', '2h 15m', 'Bay thẳng', 'Vietnam Airlines', '  Phổ thông', 20, 2267000),
('VN21302023118', 'Hà Nội (HAN)', ' TP HCM (SGN)', '2023-11-08', '21:30', '23:45', '2h 15m', 'Bay thẳng', 'Vietnam Airlines', '  Phổ thông', 20, 2730000),
('VN21302023119', 'Hà Nội (HAN)', ' TP HCM (SGN)', '2023-11-09', '21:30', '23:45', '2h 15m', 'Bay thẳng', 'Vietnam Airlines', '  Phổ thông', 20, 2017000),
('VN215020231122', 'TP HCM (SGN)', ' Đà Nẵng (DAD)', '2023-11-22', '21:50', '23:10', '1h 20m', 'Bay thẳng', 'Vietnam Airlines', '  Phổ thông', 20, 1245000),
('VN220020231110', 'TP HCM (SGN)', ' Hà Nội (HAN)', '2023-11-10', '22:00', 'HAN', '2h 15m', 'Bay thẳng', 'Vietnam Airlines', '  Thương gia', 20, 8821000),
('VN220020231111', 'TP HCM (SGN)', ' Hà Nội (HAN)', '2023-11-11', '22:00', 'HAN', '2h 15m', 'Bay thẳng', 'Vietnam Airlines', '  Phổ thông', 20, 2341000),
('VN220020231112', 'TP HCM (SGN)', ' Hà Nội (HAN)', '2023-11-12', '22:00', 'HAN', '2h 15m', 'Bay thẳng', 'Vietnam Airlines', '  Phổ thông', 20, 2951000),
('VN220020231121', 'TP HCM (SGN)', ' Hà Nội (HAN)', '2023-11-21', '22:00', 'HAN', '2h 15m', 'Bay thẳng', 'Vietnam Airlines', '  Phổ thông', 20, 2730000),
('VN220020231122', 'TP HCM (SGN)', ' Hà Nội (HAN)', '2023-11-22', '22:00', 'HAN', '2h 15m', 'Bay thẳng', 'Vietnam Airlines', '  Phổ thông', 20, 3575000),
('VN220020231123', 'TP HCM (SGN)', ' Hà Nội (HAN)', '2023-11-23', '22:00', 'HAN', '2h 15m', 'Bay thẳng', 'Vietnam Airlines', '  Phổ thông', 20, 2946000),
('VN220020231124', 'TP HCM (SGN)', ' Hà Nội (HAN)', '2023-11-24', '22:00', 'HAN', '2h 15m', 'Bay thẳng', 'Vietnam Airlines', '  Phổ thông', 20, 3570000),
('VN22002023118', 'TP HCM (SGN)', ' Hà Nội (HAN)', '2023-11-08', '22:00', 'HAN', '2h 15m', 'Bay thẳng', 'Vietnam Airlines', '  Phổ thông', 20, 3378000),
('VN22002023119', 'TP HCM (SGN)', ' Hà Nội (HAN)', '2023-11-09', '22:00', 'HAN', '2h 15m', 'Bay thẳng', 'Vietnam Airlines', '  Phổ thông', 20, 2730000),
('VN221020231111', 'Đà Nẵng (DAD)', ' TP HCM (SGN)', '2023-11-11', '22:10', '23:55', '1h 45m', 'Bay thẳng', 'Vietnam Airlines', '  Phổ thông', 20, 1339000),
('VN22102023119', 'Đà Nẵng (DAD)', ' TP HCM (SGN)', '2023-11-09', '22:10', '23:55', '1h 45m', 'Bay thẳng', 'Vietnam Airlines', '  Phổ thông', 20, 1919000),
('VN22252023118', 'Đà Nẵng (DAD)', ' TP HCM (SGN)', '2023-11-08', '22:25', 'SGN', '1h 45m', 'Bay thẳng', 'Vietnam Airlines', '  Phổ thông', 20, 1639000),
('VN230020231110', 'Đà Nẵng (DAD)', ' TP HCM (SGN)', '2023-11-10', '23:00', 'SGN', '1h 35m', 'Bay thẳng', 'Vietnam Airlines', '  Phổ thông', 20, 1619000),
('VN230020231111', 'TP HCM (SGN)', ' Hà Nội (HAN)', '2023-11-11', '23:00', 'HAN', '2h 20m', 'Bay thẳng', 'Vietnam Airlines', '  Phổ thông', 20, 2136000),
('VN231020231110', 'Hà Nội (HAN)', ' TP HCM (SGN)', '2023-11-10', '23:10', 'SGN', '2h 15m', 'Bay thẳng', 'Vietnam Airlines', '  Phổ thông', 20, 1749000),
('VN233020231121', 'Hà Nội (HAN)', ' TP HCM (SGN)', '2023-11-21', '23:30', 'SGN', '2h 15m', 'Bay thẳng', 'Vietnam Airlines', '  Phổ thông', 20, 1749000),
('VN234020231124', 'Hà Nội (HAN)', ' TP HCM (SGN)', '2023-11-24', '23:40', 'SGN', '2h 15m', 'Bay thẳng', 'Vietnam Airlines', '  Phổ thông', 20, 3575000),
('VN234520231123', 'Hà Nội (HAN)', ' TP HCM (SGN)', '2023-11-23', '23:45', 'SGN', '2h 15m', 'Bay thẳng', 'Vietnam Airlines', '  Phổ thông', 20, 1997000),
('VNVJ054520231112', 'Hà Nội (HAN)', ' TP HCM (SGN)', '2023-11-12', '05:45', '10:45', '5h 0m', '1 stop', 'Vietnam Airlines + VietJet Air', '  Phổ thông', 20, 2746600),
('VNVJ054520231122', 'Hà Nội (HAN)', ' P. Quốc (PQC)', '2023-11-22', '05:45', '14:00', '8h 15m', '2 điểm', 'Vietnam Airlines + VietJet Air', '  Phổ thông', 20, 5155400),
('VNVJ054520231123', 'Hà Nội (HAN)', ' P. Quốc (PQC)', '2023-11-23', '05:45', '14:00', '8h 15m', '2 điểm', 'Vietnam Airlines + VietJet Air', '  Phổ thông', 20, 5939000),
('VNVJ060020231111', 'TP HCM (SGN)', ' Hà Nội (HAN)', '2023-11-11', '06:00', '19:35', '13h 35m', '1 stop', 'Vietnam Airlines + VietJet Air', '  Phổ thông', 20, 2140520),
('VNVJ060020231112', 'TP HCM (SGN)', ' Hà Nội (HAN)', '2023-11-12', '06:00', '11:55', '5h 55m', '1 stop', 'Vietnam Airlines + VietJet Air', '  Phổ thông', 20, 1846600),
('VNVJ064020231122', 'TP HCM (SGN)', ' Hà Nội (HAN)', '2023-11-22', '06:40', '19:50', '13h 10m', '1 điểm', 'Vietnam Airlines + VietJet Air', '  Phổ thông', 20, 1997600),
('VNVJ065520231111', 'TP HCM (SGN)', ' Hà Nội (HAN)', '2023-11-11', '06:55', '19:35', '12h 40m', '1 stop', 'Vietnam Airlines + VietJet Air', '  Phổ thông', 20, 2000520),
('VNVJ065520231112', 'TP HCM (SGN)', ' Hà Nội (HAN)', '2023-11-12', '06:55', '11:55', '5h 0m', '1 stop', 'Vietnam Airlines + VietJet Air', '  Phổ thông', 20, 2028600),
('VNVJ070020231122', 'Hà Nội (HAN)', ' P. Quốc (PQC)', '2023-11-22', '07:00', '14:00', '7h 0m', '2 điểm', 'Vietnam Airlines + VietJet Air', '  Phổ thông', 20, 4184400);
INSERT INTO `flight` (`ID`, `From`, `To`, `Date`, `DepartureTime`, `ArrivalTime`, `TravelTime`, `Stop/Direct`, `Name`, `SeatClass`, `NumSeat`, `Price`) VALUES
('VNVJ070520231121', 'TP HCM (SGN)', ' Hà Nội (HAN)', '2023-11-21', '07:05', '17:20', '10h 15m', '1 điểm', 'Vietnam Airlines + VietJet Air', '  Phổ thông', 20, 1760600),
('VNVJ080020231111', 'TP HCM (SGN)', ' Hà Nội (HAN)', '2023-11-11', '08:00', '19:35', '11h 35m', '1 stop', 'Vietnam Airlines + VietJet Air', '  Phổ thông', 20, 2000520),
('VNVJ080020231112', 'TP HCM (SGN)', ' Hà Nội (HAN)', '2023-11-12', '08:00', '14:15', '6h 15m', '1 stop', 'Vietnam Airlines + VietJet Air', '  Phổ thông', 20, 2507600),
('VNVJ080020231123', 'Hà Nội (HAN)', ' P. Quốc (PQC)', '2023-11-23', '08:00', '14:00', '6h 0m', '1 điểm', 'Vietnam Airlines + VietJet Air', '  Phổ thông', 20, 5241000),
('VNVJ080520231121', 'Hà Nội (HAN)', ' Đà Lạt (DLI)', '2023-11-21', '08:05', '17:30', '9h 25m', '2 điểm', 'Vietnam Airlines + VietJet Air', '  Phổ thông', 20, 5668800),
('VNVJ080520231122', 'Hà Nội (HAN)', ' TP HCM (SGN)', '2023-11-22', '08:05', '23:25', '15h 20m', '1 điểm', 'Vietnam Airlines + VietJet Air', '  Phổ thông', 20, 2978200),
('VNVJ080520231124', 'Hà Nội (HAN)', ' TP HCM (SGN)', '2023-11-24', '08:05', '23:25', '15h 20m', '1 điểm', 'Vietnam Airlines + VietJet Air', '  Phổ thông', 20, 2991600),
('VNVJ091520231121', 'Hà Nội (HAN)', ' Đà Lạt (DLI)', '2023-11-21', '09:15', '17:30', '8h 15m', '2 điểm', 'Vietnam Airlines + VietJet Air', '  Phổ thông', 20, 5668800),
('VNVJ095020231111', 'Hà Nội (HAN)', ' TP HCM (SGN)', '2023-11-11', '09:50', '15:30', '5h 40m', '1 stop', 'Vietnam Airlines + VietJet Air', '  Phổ thông', 20, 3106400),
('VNVJ110020231121', 'Hà Nội (HAN)', ' Đà Lạt (DLI)', '2023-11-21', '11:00', '17:30', '6h 30m', '1 điểm', 'Vietnam Airlines + VietJet Air', '  Phổ thông', 20, 4412800),
('VNVJ11002023119', 'Hà Nội (HAN)', ' TP HCM (SGN)', '2023-11-09', '11:00', '21:00', '10h 0m', '1 stop', 'Vietnam Airlines + VietJet Air', '  Phổ thông', 20, 3605800),
('VNVJ113020231111', 'TP HCM (SGN)', ' Hà Nội (HAN)', '2023-11-11', '11:30', '19:35', '8h 5m', '1 stop', 'Vietnam Airlines + VietJet Air', '  Phổ thông', 20, 2021520),
('VNVJ120020231121', 'Hà Nội (HAN)', ' Đà Lạt (DLI)', '2023-11-21', '12:00', '17:30', '5h 30m', '1 điểm', 'Vietnam Airlines + VietJet Air', '  Phổ thông', 20, 4412800),
('VNVJ122020231122', 'TP HCM (SGN)', ' Hà Nội (HAN)', '2023-11-22', '12:20', '19:50', '7h 30m', '1 điểm', 'Vietnam Airlines + VietJet Air', '  Phổ thông', 20, 2470600),
('VNVJ131020231110', 'TP HCM (SGN)', ' Hà Nội (HAN)', '2023-11-10', '13:10', '21:30', '8h 20m', '1 stop', 'Vietnam Airlines + VietJet Air', '  Phổ thông', 20, 2135520),
('VNVJ141020231122', 'TP HCM (SGN)', ' Hà Nội (HAN)', '2023-11-22', '14:10', '19:50', '5h 40m', '1 điểm', 'Vietnam Airlines + VietJet Air', '  Phổ thông', 20, 2254600),
('VNVJ160020231110', 'TP HCM (SGN)', ' Hà Nội (HAN)', '2023-11-10', '16:00', '21:30', '5h 30m', '1 stop', 'Vietnam Airlines + VietJet Air', '  Phổ thông', 20, 1995520),
('VNVJ163020231121', 'Hà Nội (HAN)', ' TP HCM (SGN)', '2023-11-21', '16:30', '23:25', '6h 55m', '1 điểm', 'Vietnam Airlines + VietJet Air', '  Phổ thông', 20, 4163600),
('VNVT054520231112', 'Hà Nội (HAN)', ' TP HCM (SGN)', '2023-11-12', '05:45', '11:45', '6h 0m', '1 stop', 'Vietnam Airlines + Vietravel Airlines', '  Phổ thông', 20, 2669640),
('VNVT060020231112', 'TP HCM (SGN)', ' Hà Nội (HAN)', '2023-11-12', '06:00', '11:00', '5h 0m', '1 stop', 'Vietnam Airlines + Vietravel Airlines', '  Phổ thông', 20, 1773040),
('VNVT065520231111', 'TP HCM (SGN)', ' Hà Nội (HAN)', '2023-11-11', '06:55', '21:15', '14h 20m', '1 stop', 'Vietnam Airlines + Vietravel Airlines', '  Phổ thông', 20, 2090040),
('VNVT070520231121', 'TP HCM (SGN)', ' Hà Nội (HAN)', '2023-11-21', '07:05', '15:45', '8h 40m', '1 điểm', 'Vietnam Airlines + Vietravel Airlines', '  Phổ thông', 20, 1773440),
('VNVT080020231111', 'TP HCM (SGN)', ' Hà Nội (HAN)', '2023-11-11', '08:00', '21:15', '13h 15m', '1 stop', 'Vietnam Airlines + Vietravel Airlines', '  Phổ thông', 20, 2090040),
('VNVT080520231121', 'Hà Nội (HAN)', ' P. Quốc (PQC)', '2023-11-21', '08:05', '18:25', '10h 20m', '2 điểm', 'Vietnam Airlines + Vietravel Airlines', '  Phổ thông', 20, 5908440),
('VNVT085020231121', 'Hà Nội (HAN)', ' P. Quốc (PQC)', '2023-11-21', '08:50', '18:25', '9h 35m', '2 điểm', 'Vietnam Airlines + Vietravel Airlines', '  Phổ thông', 20, 5244440),
('VNVT091520231121', 'Hà Nội (HAN)', ' P. Quốc (PQC)', '2023-11-21', '09:15', '18:25', '9h 10m', '2 điểm', 'Vietnam Airlines + Vietravel Airlines', '  Phổ thông', 20, 5908440),
('VNVT11002023119', 'Hà Nội (HAN)', ' TP HCM (SGN)', '2023-11-09', '11:00', '16:25', '5h 25m', '1 stop', 'Vietnam Airlines + Vietravel Airlines', '  Phổ thông', 20, 2412240),
('VNVT113020231111', 'TP HCM (SGN)', ' Hà Nội (HAN)', '2023-11-11', '11:30', '21:15', '9h 45m', '1 stop', 'Vietnam Airlines + Vietravel Airlines', '  Phổ thông', 20, 2111040),
('VNVT152020231111', 'TP HCM (SGN)', ' Hà Nội (HAN)', '2023-11-11', '15:20', '21:15', '5h 55m', '1 stop', 'Vietnam Airlines + Vietravel Airlines', '  Phổ thông', 20, 2090040),
('VNVT160020231110', 'TP HCM (SGN)', ' Hà Nội (HAN)', '2023-11-10', '16:00', '21:15', '5h 15m', '1 stop', 'Vietnam Airlines + Vietravel Airlines', '  Phổ thông', 20, 2031040),
('VNVT160020231111', 'TP HCM (SGN)', ' Hà Nội (HAN)', '2023-11-11', '16:00', '21:15', '5h 15m', '1 stop', 'Vietnam Airlines + Vietravel Airlines', '  Phổ thông', 20, 2085040),
('VNVT18252023118', 'Đà Nẵng (DAD)', ' TP HCM (SGN)', '2023-11-08', '18:25', '23:55', '5h 30m', '1 stop', 'Vietnam Airlines + Vietravel Airlines', '  Phổ thông', 20, 2947440),
('VT054520231110', 'TP HCM (SGN)', ' Hà Nội (HAN)', '2023-11-10', '05:45', '07:55', '2h 10m', 'Bay thẳng', 'Vietravel Airlines', '  Phổ thông', 20, 1892440),
('VT054520231123', 'TP HCM (SGN)', ' Hà Nội (HAN)', '2023-11-23', '05:45', '07:55', '2h 10m', 'Bay thẳng', 'Vietravel Airlines', '  Phổ thông', 20, 2065240),
('VT05452023119', 'TP HCM (SGN)', ' Hà Nội (HAN)', '2023-11-09', '05:45', '07:55', '2h 10m', 'Bay thẳng', 'Vietravel Airlines', '  Phổ thông', 20, 2065240),
('VT071020231110', 'TP HCM (SGN)', ' Đà Nẵng (DAD)', '2023-11-10', '07:10', '08:30', '1h 20m', 'Bay thẳng', 'Vietravel Airlines', '  Phổ thông', 20, 1190440),
('VT071020231122', 'TP HCM (SGN)', ' Đà Nẵng (DAD)', '2023-11-22', '07:10', '08:30', '1h 20m', 'Bay thẳng', 'Vietravel Airlines', '  Phổ thông', 20, 996040),
('VT071020231124', 'TP HCM (SGN)', ' Đà Nẵng (DAD)', '2023-11-24', '07:10', '08:30', '1h 20m', 'Bay thẳng', 'Vietravel Airlines', '  Phổ thông', 20, 1190440),
('VT082520231112', 'TP HCM (SGN)', ' Đà Nẵng (DAD)', '2023-11-12', '08:25', '09:45', '1h 20m', 'Bay thẳng', 'Vietravel Airlines', '  Phổ thông', 20, 898840),
('VT08252023119', 'TP HCM (SGN)', ' Đà Nẵng (DAD)', '2023-11-09', '08:25', '09:45', '1h 20m', 'Bay thẳng', 'Vietravel Airlines', '  Phổ thông', 20, 1190440),
('VT083520231110', 'Hà Nội (HAN)', ' TP HCM (SGN)', '2023-11-10', '08:35', '10:45', '2h 10m', 'Bay thẳng', 'Vietravel Airlines', '  Phổ thông', 20, 1417240),
('VT083520231123', 'Hà Nội (HAN)', ' TP HCM (SGN)', '2023-11-23', '08:35', '10:45', '2h 10m', 'Bay thẳng', 'Vietravel Airlines', '  Phổ thông', 20, 2065240),
('VT08352023119', 'Hà Nội (HAN)', ' TP HCM (SGN)', '2023-11-09', '08:35', '10:45', '2h 10m', 'Bay thẳng', 'Vietravel Airlines', '  Phổ thông', 20, 1568440),
('VT092020231110', 'Đà Nẵng (DAD)', ' TP HCM (SGN)', '2023-11-10', '09:20', '10:50', '1h 30m', 'Bay thẳng', 'Vietravel Airlines', '  Phổ thông', 20, 1503640),
('VT093020231110', 'Đà Nẵng (DAD)', ' TP HCM (SGN)', '2023-11-10', '09:30', '23:10', '13h 40m', '1 stop', 'Vietravel Airlines', '  Phổ thông', 20, 2294480),
('VT093020231111', 'Đà Nẵng (DAD)', ' TP HCM (SGN)', '2023-11-11', '09:30', '23:10', '13h 40m', '1 stop', 'Vietravel Airlines', '  Phổ thông', 20, 2143280),
('VT09302023119', 'Đà Nẵng (DAD)', ' TP HCM (SGN)', '2023-11-09', '09:30', '23:10', '13h 40m', '1 stop', 'Vietravel Airlines', '  Phổ thông', 20, 2240480),
('VT102520231112', 'Đà Nẵng (DAD)', ' TP HCM (SGN)', '2023-11-12', '10:25', '11:45', '1h 20m', 'Bay thẳng', 'Vietravel Airlines', '  Phổ thông', 20, 1611640),
('VT10252023119', 'Đà Nẵng (DAD)', ' TP HCM (SGN)', '2023-11-09', '10:25', '11:45', '1h 20m', 'Bay thẳng', 'Vietravel Airlines', '  Phổ thông', 20, 1503640),
('VT123020231121', 'TP HCM (SGN)', ' Đà Nẵng (DAD)', '2023-11-21', '12:30', '13:50', '1h 20m', 'Bay thẳng', 'Vietravel Airlines', '  Phổ thông', 20, 898840),
('VT170020231124', 'TP HCM (SGN)', ' P. Quốc (PQC)', '2023-11-24', '17:00', '18:10', '1h 10m', 'Bay thẳng', 'Vietravel Airlines', '  Phổ thông', 20, 1851400),
('VT171520231121', 'TP HCM (SGN)', ' P. Quốc (PQC)', '2023-11-21', '17:15', '18:25', '1h 10m', 'Bay thẳng', 'Vietravel Airlines', '  Phổ thông', 20, 1082440),
('VT174520231110', 'TP HCM (SGN)', ' Hà Nội (HAN)', '2023-11-10', '17:45', '19:55', '2h 10m', 'Bay thẳng', 'Vietravel Airlines', '  Phổ thông', 20, 2065240),
('VT174520231111', 'TP HCM (SGN)', ' Hà Nội (HAN)', '2023-11-11', '17:45', '19:55', '2h 10m', 'Bay thẳng', 'Vietravel Airlines', '  Phổ thông', 20, 1568440),
('VT174520231112', 'TP HCM (SGN)', ' Hà Nội (HAN)', '2023-11-12', '17:45', '19:55', '2h 10m', 'Bay thẳng', 'Vietravel Airlines', '  Phổ thông', 20, 1719640),
('VT174520231123', 'TP HCM (SGN)', ' Hà Nội (HAN)', '2023-11-23', '17:45', '19:55', '2h 10m', 'Bay thẳng', 'Vietravel Airlines', '  Phổ thông', 20, 2065240),
('VT174520231124', 'TP HCM (SGN)', ' Hà Nội (HAN)', '2023-11-24', '17:45', '19:55', '2h 10m', 'Bay thẳng', 'Vietravel Airlines', '  Phổ thông', 20, 2248840),
('VT17452023119', 'TP HCM (SGN)', ' Hà Nội (HAN)', '2023-11-09', '17:45', '19:55', '2h 10m', 'Bay thẳng', 'Vietravel Airlines', '  Phổ thông', 20, 2065240),
('VT204020231121', 'TP HCM (SGN)', ' Hà Nội (HAN)', '2023-11-21', '20:40', '23:00', '2h 20m', 'Bay thẳng', 'Vietravel Airlines', '  Phổ thông', 20, 2248840),
('VT205520231110', 'Hà Nội (HAN)', ' TP HCM (SGN)', '2023-11-10', '20:55', '23:10', '2h 15m', 'Bay thẳng', 'Vietravel Airlines', '  Phổ thông', 20, 1568440),
('VT205520231111', 'Hà Nội (HAN)', ' TP HCM (SGN)', '2023-11-11', '20:55', '23:10', '2h 15m', 'Bay thẳng', 'Vietravel Airlines', '  Phổ thông', 20, 1417240),
('VT205520231112', 'Hà Nội (HAN)', ' TP HCM (SGN)', '2023-11-12', '20:55', '23:10', '2h 15m', 'Bay thẳng', 'Vietravel Airlines', '  Phổ thông', 20, 2248840),
('VT205520231123', 'Hà Nội (HAN)', ' TP HCM (SGN)', '2023-11-23', '20:55', '23:10', '2h 15m', 'Bay thẳng', 'Vietravel Airlines', '  Phổ thông', 20, 1719640),
('VT205520231124', 'Hà Nội (HAN)', ' TP HCM (SGN)', '2023-11-24', '20:55', '23:10', '2h 15m', 'Bay thẳng', 'Vietravel Airlines', '  Phổ thông', 20, 1892440),
('VT20552023119', 'Hà Nội (HAN)', ' TP HCM (SGN)', '2023-11-09', '20:55', '23:10', '2h 15m', 'Bay thẳng', 'Vietravel Airlines', '  Phổ thông', 20, 1719640),
('VT21552023118', 'Hà Nội (HAN)', ' TP HCM (SGN)', '2023-11-08', '21:55', '23:55', '2h 0m', 'Bay thẳng', 'Vietravel Airlines', '  Phổ thông', 20, 1568440),
('VT220020231122', 'Hà Nội (HAN)', ' TP HCM (SGN)', '2023-11-22', '22:00', 'SGN', '2h 5m', 'Bay thẳng', 'Vietravel Airlines', '  Phổ thông', 20, 2065240),
('VT23002023118', 'Hà Nội (HAN)', ' TP HCM (SGN)', '2023-11-08', '23:00', 'SGN', '2h 0m', 'Bay thẳng', 'Vietravel Airlines', '  Phổ thông', 20, 1417240),
('VT234520231121', 'Hà Nội (HAN)', ' TP HCM (SGN)', '2023-11-21', '23:45', 'SGN', '2h 5m', 'Bay thẳng', 'Vietravel Airlines', '  Phổ thông', 20, 3471400),
('VT235920231122', 'TP HCM (SGN)', ' Hà Nội (HAN)', '2023-11-22', '23:59', 'HAN', '2h 56m', 'Bay thẳng', 'Vietravel Airlines', '  Phổ thông', 20, 2065240),
('VTVJ071020231110', 'TP HCM (SGN)', ' Hà Nội (HAN)', '2023-11-10', '07:10', '21:30', '14h 20m', '1 stop', 'Vietravel Airlines + VietJet Air', '  Phổ thông', 20, 1826960),
('VTVJ072520231112', 'Hà Nội (HAN)', ' TP HCM (SGN)', '2023-11-12', '07:25', '22:50', '15h 25m', '1 stop', 'Vietravel Airlines + VietJet Air', '  Phổ thông', 20, 2414640),
('VTVJ082520231112', 'TP HCM (SGN)', ' Hà Nội (HAN)', '2023-11-12', '08:25', '14:15', '5h 50m', '1 stop', 'Vietravel Airlines + VietJet Air', '  Phổ thông', 20, 2047440),
('VTVJ083520231123', 'Hà Nội (HAN)', ' P. Quốc (PQC)', '2023-11-23', '08:35', '14:00', '5h 25m', '1 điểm', 'Vietravel Airlines + VietJet Air', '  Phổ thông', 20, 3923240),
('VTVJ093020231110', 'Đà Nẵng (DAD)', ' TP HCM (SGN)', '2023-11-10', '09:30', '21:20', '11h 50m', '1 stop', 'Vietravel Airlines + VietJet Air', '  Phổ thông', 20, 2285840),
('VTVJ093020231111', 'Đà Nẵng (DAD)', ' TP HCM (SGN)', '2023-11-11', '09:30', '22:55', '13h 25m', '1 stop', 'Vietravel Airlines + VietJet Air', '  Phổ thông', 20, 2285840),
('VTVJ09302023119', 'Đà Nẵng (DAD)', ' TP HCM (SGN)', '2023-11-09', '09:30', '20:50', '11h 20m', '1 stop', 'Vietravel Airlines + VietJet Air', '  Phổ thông', 20, 2231840),
('VTVJ123020231121', 'TP HCM (SGN)', ' Hà Nội (HAN)', '2023-11-21', '12:30', '17:20', '4h 50m', '1 điểm', 'Vietravel Airlines + VietJet Air', '  Phổ thông', 20, 1698440),
('VTVJ175020231112', 'Hà Nội (HAN)', ' TP HCM (SGN)', '2023-11-12', '17:50', '22:50', '5h 0m', '1 stop', 'Vietravel Airlines + VietJet Air', '  Phổ thông', 20, 3937440),
('VTVN071020231110', 'TP HCM (SGN)', ' Hà Nội (HAN)', '2023-11-10', '07:10', '22:20', '15h 10m', '1 stop', 'Vietravel Airlines + Vietnam Airlines', '  Phổ thông', 20, 2140440),
('VTVN082520231112', 'TP HCM (SGN)', ' Hà Nội (HAN)', '2023-11-12', '08:25', '22:40', '14h 15m', '1 stop', 'Vietravel Airlines + Vietnam Airlines', '  Phổ thông', 20, 2397840),
('VTVN083520231123', 'Hà Nội (HAN)', ' P. Quốc (PQC)', '2023-11-23', '08:35', '16:45', '8h 10m', '1 điểm', 'Vietravel Airlines + Vietnam Airlines', '  Phổ thông', 20, 4020240),
('VTVN123020231121', 'TP HCM (SGN)', ' Hà Nội (HAN)', '2023-11-21', '12:30', '20:05', '7h 35m', '1 điểm', 'Vietravel Airlines + Vietnam Airlines', '  Phổ thông', 20, 1956840);

-- --------------------------------------------------------

--
-- Table structure for table `flight_invoice`
--

CREATE TABLE `flight_invoice` (
  `Id` varchar(20) NOT NULL,
  `Flight_id` varchar(50) NOT NULL,
  `Invoice_id` varchar(20) NOT NULL,
  `Num_ticket` int(10) NOT NULL
) ENGINE=InnoDB DEFAULT CHARSET=utf8mb4 COLLATE=utf8mb4_general_ci;

--
-- Dumping data for table `flight_invoice`
--

INSERT INTO `flight_invoice` (`Id`, `Flight_id`, `Invoice_id`, `Num_ticket`) VALUES
('1', 'VN161020231110', '3', 1),
('2', 'BB142020231121', '4', 2);

-- --------------------------------------------------------

--
-- Table structure for table `hotel`
--

CREATE TABLE `hotel` (
  `Id` varchar(10) NOT NULL,
  `Name` varchar(50) NOT NULL,
  `Address` varchar(100) NOT NULL
) ENGINE=InnoDB DEFAULT CHARSET=utf8mb4 COLLATE=utf8mb4_general_ci;

--
-- Dumping data for table `hotel`
--

INSERT INTO `hotel` (`Id`, `Name`, `Address`) VALUES
('2RH5NH', '22land Residence Hotel 52 Ngo Huyen', '52 Ngõ Huyện, Phường Hàng Trống, Quận Hoàn Kiếm, Hà Nội, Việt Nam, 11000\nXem bản đồ'),
('2RH7HB', '22land Residence Hotel 71 Hang Bong', 'Số 71 Hàng Bông, Hoàn Kiếm, , Hàng Bông, Quận Hoàn Kiếm, Hà Nội, Việt Nam, 11000\nXem bản đồ'),
('3H&T', '3T Hotel & Travel', '41 Nguyễn Thái Học, Điện Biên, Quận Ba Đình, Hà Nội, Việt Nam, 10000\nXem bản đồ'),
('AA', 'Amory Apartment', '88 Lê Lai, Phường Bến Thành, Quận 1, Thành phố Hồ Chí Minh, Việt Nam, 700000\nXem bản đồ'),
('ABH', 'Annata Beach Hotel', '165 Thùy Vân, Thắng Tam, Thành phố Vũng Tàu, Bà Rịa - Vũng Tàu, Việt Nam, 790000\nXem bản đồ'),
('AHDN', 'Alibaba Hotel Da Nang', '168 Hồ Nghinh, Phước Mỹ, Sơn Trà, Đà Nẵng, Việt Nam, 55000\nXem bản đồ'),
('AHS', 'ACE Hotel Saigon', '139H Nguyễn Trãi, Phường Bến Thành, Quận 1, Thành phố Hồ Chí Minh, Việt Nam, 711090\nXem bản đồ'),
('ALRSR', 'An Lam Retreats Saigon River', '21/4 khu phố Trung, phường Vĩnh Phú, thành phố Thuận An, tỉnh Bình Dương, Bến tàu tại,, Bến Nghé, Qu'),
('BVH', 'Bella VT Hotel', '17 Phan Văn Trị, Thắng Tam, Thành phố Vũng Tàu, Bà Rịa - Vũng Tàu, Việt Nam, 790000\nXem bản đồ'),
('CBH', 'Classy Boutique Hotel', '21 Hàng Cá, Hàng Đào, Quận Hoàn Kiếm, Hà Nội, Việt Nam, 101113\nXem bản đồ'),
('CH-SR', 'Cozrum Homes - Sonata Residence', '41 Nguyễn Thị Thập, Phường Tân Phú, Quận 7, Tân Phú, Quận 7, Thành phố Hồ Chí Minh, Việt Nam, 70000\n'),
('CHCC2', 'Cozrum Homes Charming Corner 2', '453/48 Nguyen Dinh Chieu, phường 5, Quận 3, Thành phố Hồ Chí Minh, Việt Nam, 700000\nXem bản đồ'),
('CHS', ' California Hotel Saigon', '52-54 Đường Thủ Khoa Huân, Phường Bến Thành, Quận 1, Thành phố Hồ Chí Minh, Việt Nam, 711007\nXem bả'),
('CHSR', 'Cozrum Homes Saphera Residence', '55/30-32 Trần Đình Xu, Cầu Kho, Quận 1, Thành phố Hồ Chí Minh, Việt Nam, 700000\nXem bản đồ'),
('CLH', 'Cozrum Lux Hotel', '19C Bùi Thị Xuân, Phường Bến Thành, Quận 1, Thành phố Hồ Chí Minh, Việt Nam, 700000\nXem bản đồ'),
('DELR&S', 'Dalat Edensee Lake Resort & Spa', 'Hồ Tuyền Lâm, Khu VII.2, Phường 4, Đà Lạt, Tỉnh Lâm Đồng, Việt Nam, 670000\nXem bản đồ'),
('DHDN', 'Davue Hotel Da Nang', '57-59 Đỗ Bí, Mỹ An, Ngũ Hành Sơn, Đà Nẵng, Việt Nam'),
('DHT', 'Dhawa Ho Tram', 'Đường Ven Biển, Thành phố Vũng Tàu, Xuyên Mộc, Bà Rịa - Vũng Tàu, Việt Nam, 78507\nXem bản đồ'),
('EGHS', 'Eastin Grand Hotel Saigon ', '253 Nguyễn Văn Trỗi, phường 10, Quận Phú Nhuận, Thành phố Hồ Chí Minh, Việt Nam, 700000\nXem bản đồ'),
('FSVT', 'Fusion Suites Vung Tau', '2 Trương Công Định, Phường 2, Thành phố Vũng Tàu, Bà Rịa - Vũng Tàu, Việt Nam, 79000\nXem bản đồ'),
('GPHDN', 'Gold Plaza Hotel Da Nang', '11 Trần Thị Lý, Quận Hải Châu, Đà Nẵng, Việt Nam'),
('HCD', 'Hôtel Colline Dalat', '10 Phan Bội Châu, Phường 1, Đà Lạt, Tỉnh Lâm Đồng, Việt Nam, 670000\nXem bản đồ'),
('HNLGH', 'Ha Noi Le Grand Hotel', '3 B9 Đầm Trấu, Bạch Đằng, Quận Hai Bà Trưng, Hà Nội, Việt Nam, 11600\nXem bản đồ'),
('HNS', 'Hotel Nikko Saigon ', '235 Nguyễn Văn Cừ, Phường Nguyễn Cư Trinh, Quận 1, Thành phố Hồ Chí Minh, Việt Nam, 700000\nXem bản đ'),
('IHTbF', 'IXORA Ho Tram by Fusion', 'Ho Tram Hamlet, Phuoc Thuan Commune, Xuyen Moc District, Ba Ria Vung Tau Province, Viet Nam, Thành p'),
('JPC', 'Justay Pink Church', '22 Lý Chính Thắng, phường 8, Quận 3, Thành phố Hồ Chí Minh, Việt Nam, 70000\nXem bản đồ'),
('KsCCĐT', 'Khách sạn C Central Đề Thám', '216 Đề Thám , Phạm Ngũ Lão, Quận 1, Thành phố Hồ Chí Minh, Việt Nam, 700000\nXem bản đồ'),
('KsGB', 'Khách sạn Goldient Boutique', '26 To Hien Thanh Street, 3 Ward, Dalat city, Lam Dong Province, Phường 3, Đà Lạt, Tỉnh Lâm Đồng, Việ'),
('KsIVT', 'Khách sạn Imperial Vũng Tàu', '159 Thùy Vân, Thắng Tam, Thành phố Vũng Tàu, Bà Rịa - Vũng Tàu, Việt Nam, 793918\nXem bản đồ'),
('KsLVS', 'Khách sạn La Vela Saigon', '280 đường Nam Kỳ Khởi Nghĩa, Phường 8, Quận 3, phường 8, Quận 3, Thành phố Hồ Chí Minh, Việt Nam, 70'),
('KsM', 'Khách sạn Malibu', '263 Lê Hồng Phong, Quận Thắng Tam, Thắng Tam, Thành phố Vũng Tàu, Bà Rịa - Vũng Tàu, Việt Nam, 79396'),
('KsTGD', 'Khách sạn The Grace Dalat', '51 Nam Kỳ Khởi Nghĩa, Phường 1, Đà Lạt, Tỉnh Lâm Đồng, Việt Nam, 671552\nXem bản đồ'),
('LBH', 'La Beach Hotel', '22 Lê Bình, Phước Mỹ, Sơn Trà, Đà Nẵng, Việt Nam'),
('LGHH-TC', 'Le Grand Hanoi Hotel - The Charm', '8 Ngõ 48 Trần Duy Hưng, Phường Trung Hòa, Quận Cầu Giấy, Hà Nội, Việt Nam, 100000\nXem bản đồ'),
('LPSBH', 'LA PAIX SAIGON BOUTIQUE HOTEL  ', '59 Hai Bà Trưng, Bến Nghé, Quận 1, Thành phố Hồ Chí Minh, Việt Nam, 700000\nXem bản đồ'),
('LRBHdD', 'Le Recit Boutique Hotel de Dalat', '117 Bùi Thị Xuân, Phường 2, Phường 2, Đà Lạt, Tỉnh Lâm Đồng, Việt Nam, 670000\nXem bản đồ'),
('LRPHR&S', 'Lan Rung Phuoc Hai Resort & Spa', 'Tỉnh Lộ 44A, Phước Hải, Phước Hải, Thành phố Vũng Tàu, Bà Rịa - Vũng Tàu, Việt Nam, 794656\nXem bản đ'),
('MH-TSVT', 'Milan Homestay - The Song Vung Tau', '28 Đường Thi Sách, Thắng Tam, Thành phố Vũng Tầu, Bà Rịa - Vũng Tàu, Việt Nam, Thắng Tam, Thành phố '),
('MHTBR', 'Melia Ho Tram Beach Resort', 'Hồ Tràm, Xã Phước Thuận, Thành phố Vũng Tàu, Xuyên Mộc, Bà Rịa - Vũng Tàu, Việt Nam, 790000\nXem bản '),
('MTLSH', 'Muong Thanh Luxury Saigon Hotel', '261C Nguyen Van Troi, Ward 10, Phu Nhuan, Ho Chi Minh, phường 10, Quận Phú Nhuận, Thành phố Hồ Chí M'),
('MVAH', 'My Villa Airport Hotel ', '54/34 Bạch Đằng, Phường 2, Quận Tân Bình, Thành phố Hồ Chí Minh, Việt Nam, 700000\nXem bản đồ'),
('NCHD', 'New Century Hotel Dalat', '14B Đống Đa, Phường 3, Đà Lạt, Tỉnh Lâm Đồng, Việt Nam, 670000\nXem bản đồ'),
('NHVT', 'Nolis Hotel Vung Tau', '19 Thùy Vân, Phường 2, Thành phố Vũng Tàu, Bà Rịa - Vũng Tàu, Việt Nam, 791015\nXem bản đồ'),
('NLHD', 'New Life Hotel Dalat', '6 Đống Đa, Phường 3, Đà Lạt, Tỉnh Lâm Đồng, Việt Nam, 670000\nXem bản đồ'),
('OH&AS', 'Oakwood Hotel & Apartments Saigon ', '330 Ung Văn Khiêm, Phường 25, Phường 25, Quận Bình Thạnh, Thành phố Hồ Chí Minh, Việt Nam, 700000\nXe'),
('PH', 'Pontus Hotel', '11 Đường Nam Kỳ Khởi Nghĩa, Phường 1, Đà Lạt, Tỉnh Lâm Đồng, Việt Nam, 670000\nXem bản đồ'),
('PHS', 'Palace Hotel Saigon', '56 - 66 Nguyễn Huệ, Phường Bến Nghé, Bến Nghé, Quận 1, Thành phố Hồ Chí Minh, Việt Nam, 700000\nXem b'),
('PPHVT', 'Premier Pearl Hotel Vung Tau', '69 Thuy Van, Ward 2, Phường 2, Thành phố Vũng Tàu, Bà Rịa - Vũng Tàu, Việt Nam, 78000\nXem bản đồ'),
('SGH', 'SOJO Ga Hanoi', '115 Trần Hưng Đạo, Cửa  Nam, Quận Hoàn Kiếm, Hà Nội, Việt Nam, 10000\nXem bản đồ'),
('SH&A', 'Seashore Hotel & Apartment ', '15-16 Hoàng Sa, Mân Thái, Sơn Trà, Đà Nẵng, Việt Nam'),
('SH-TSVT', 'Song Homestay - The Song Vung Tau', '28 Thi Sach, Thang Tam Ward, Thắng Tam, Thành phố Vũng Tàu, Bà Rịa - Vũng Tàu, Việt Nam, 78000\nXem b'),
('TCH', 'The Cap Hotel', '01 Thi Sách P. Thắng Tam, Phường 8, Thành phố Vũng Tàu, Bà Rịa - Vũng Tàu, Việt Nam, 78000\nXem bản đ'),
('TH&RĐL', 'Terracotta Hotel & Resort Đà Lạt', 'Phân khu chức năng 7.9, KDL hồ Tuyền Lâm, Phường 3, Đà Lạt, Tỉnh Lâm Đồng, Việt Nam, 670000\nXem bản '),
('TLH', 'Thanh Long Hotel', '18-20 Trà Khúc, Phường 2, Quận Tân Bình, Thành phố Hồ Chí Minh, Việt Nam, 700000\nXem bản đồ'),
('TRS', 'The Reverie Saigon', '22 - 36 Nguyễn Huệ, Phường Bến Nghé, Bến Nghé, Quận 1, Thành phố Hồ Chí Minh, Việt Nam, 700000\nXem b'),
('VFPQ', 'Vinholidays Fiesta Phu Quoc', 'Bãi Dài, Gành Dầu, xã Gành Dầu, Phú Quốc, Tỉnh Kiên Giang, Việt Nam, 920000\nXem bản đồ'),
('VWPQ', 'Vinpearl Wonderworld Phu Quoc', 'Bãi Dài, Gành Dầu, xã Gành Dầu, Phú Quốc, Tỉnh Kiên Giang, Việt Nam, 91000\nXem bản đồ'),
('WHSCF2suc', 'Wink Hotel Saigon Centre- Full 24hrs stay upon che', '75 Nguyễn Bỉnh Khiêm, Phường Đa Kao, Quận 1, Thành phố Hồ Chí Minh, Việt Nam, 70000\nXem bản đồ'),
('WPH', 'Windsor Plaza Hotel', '18 An Dương Vương, phường 9, Quận 5, Thành phố Hồ Chí Minh, Việt Nam, 700000\nXem bản đồ'),
('XH-TSVT', 'Xuan Homestay - The Song Vung Tau', '28 Thi Sách, Phường Thắng Tam, TP.Vũng Tàu, Thắng Tam, Thành phố Vũng Tàu, Bà Rịa - Vũng Tàu, Việt N');

-- --------------------------------------------------------

--
-- Table structure for table `invoice`
--

CREATE TABLE `invoice` (
  `Id` varchar(20) NOT NULL,
  `User_id` varchar(20) NOT NULL,
  `Total` int(20) NOT NULL
) ENGINE=InnoDB DEFAULT CHARSET=utf8mb4 COLLATE=utf8mb4_general_ci;

--
-- Dumping data for table `invoice`
--

INSERT INTO `invoice` (`Id`, `User_id`, `Total`) VALUES
('1', '1', 150000),
('2', '1', 500000),
('3', '1', 34090000),
('4', '1', 2046000),
('5', '1', 2366667),
('6', '1', 4600000),
('7', '1', 1016000);

-- --------------------------------------------------------

--
-- Table structure for table `passport`
--

CREATE TABLE `passport` (
  `Id` varchar(20) NOT NULL,
  `Nation` varchar(50) NOT NULL,
  `Expiration` date NOT NULL
) ENGINE=InnoDB DEFAULT CHARSET=utf8mb4 COLLATE=utf8mb4_general_ci;

--
-- Dumping data for table `passport`
--

INSERT INTO `passport` (`Id`, `Nation`, `Expiration`) VALUES
('1', 'Vietnam', '2024-11-30');

-- --------------------------------------------------------

--
-- Table structure for table `room`
--

CREATE TABLE `room` (
  `Id` varchar(10) NOT NULL,
  `Hotel_id` varchar(10) NOT NULL,
  `Name` varchar(50) NOT NULL,
  `Max` varchar(20) NOT NULL,
  `Price` int(20) NOT NULL,
  `State` varchar(10) NOT NULL
) ENGINE=InnoDB DEFAULT CHARSET=utf8mb4 COLLATE=utf8mb4_general_ci;

--
-- Dumping data for table `room`
--

INSERT INTO `room` (`Id`, `Hotel_id`, `Name`, `Max`, `Price`, `State`) VALUES
('1BBR', 'IHTbF', '1 Bedroom Balcony Residences', '1 Giường Cỡ King', 2366667, 'Free'),
('1BBRGP', 'IHTbF', '1 Bedroom Balcony Residences Garden Pool', '1 Giường Cỡ King', 3106250, 'Free'),
('1BDBROV', 'IHTbF', '1 Bedroom Deluxe Balcony Residences Ocean View', '1 Giường Cỡ King', 2683631, 'Free'),
('2BA', 'PH', '2 Bedroom Apartment', '2 Giường Cỡ King Và ', 2300000, 'Free'),
('2BBR', 'IHTbF', '2 Bedroom Balcony Residences', '1 Giường Cỡ King Và ', 4268453, 'Free'),
('2BDBROV', 'IHTbF', '2 Bedroom Deluxe Balcony Residences Ocean View', '1 Giường Cỡ King Và ', 5008036, 'Free'),
('2BGPV', 'IHTbF', '2 Bedroom Garden Pool Villa', '1 Giường Cỡ King Và ', 8072025, 'Free'),
('2BPP', 'IHTbF', '2 Bedroom Panorama Penthouse', '1 Giường Cỡ King Và ', 7860715, 'Free'),
('2BVB-A', 'VWPQ', '2 Bedroom Villa Bb - Airpackage', '1 Giường Cỡ King Và ', 6200000, 'Free'),
('2BVF4P', 'VWPQ', '2 Bedroom Villa For 4 Person', '1 Giường Cỡ King Và ', 6200000, 'Free'),
('2FSOV-N', 'MHTBR', '2-bedroom Family Suite Ocean View - Non-refundable', '1 Giường (X 2) Và 1 ', 8296667, 'Free'),
('2FSOVphpt2', 'MHTBR', '2-bedroom Family Suite Ocean View\nMiễn phí hủy phò', '1 Giường (X 2) Và 1 ', 9218518, 'Free'),
('2FSOV–HB-N', 'MHTBR', '2-bedroom Family Suite Ocean View – Half Board - N', '1 Giường (X 2) Và 1 ', 10596667, 'Free'),
('2SOV-N', 'MHTBR', '2-bedroom Suite Ocean View - Non-refundable', '1 Giường Cỡ King Và ', 6222226, 'Free'),
('2SOVphpt2N', 'MHTBR', '2-bedroom Suite Ocean View\nMiễn phí hủy phòng trướ', '1 Giường Cỡ King Và ', 6913584, 'Free'),
('2SOV–HB-N', 'MHTBR', '2-bedroom Suite Ocean View – Half Board - Non-refu', '1 Giường Cỡ King Và ', 7372225, 'Free'),
('2SOV–HBphp', 'MHTBR', '2-bedroom Suite Ocean View – Half Board\nMiễn phí h', '1 Giường Cỡ King Và ', 8063583, 'Free'),
('3AWB-RO', 'TLH', '3-bedroom Apartment With Balcony - Room Only', '1 Giường Cỡ King, 1 ', 2703000, 'Free'),
('3BBPV', 'IHTbF', '3 Bedroom Beach Pool Villa', '2 Giường Đôi Và 2 Gi', 16101788, 'Free'),
('3BDGPV', 'IHTbF', '3 Bedroom Duplex Garden Pool Villa', '2 Giường Đôi Và 2 Gi', 12932145, 'Free'),
('3BH-ATS', 'LRPHR&S', '3-bedroom Bungalow Hillside - Across The Street', '3 Giường Cỡ Queen', 6773684, 'Free'),
('3BOVVB-A', 'VWPQ', '3 Bedroom Ocean View Villa Bb - Airpackage', '2 Giường Cỡ King Và ', 9930000, 'Free'),
('3BOVVF6P', 'VWPQ', '3 Bedroom Ocean View Villa For 6 Person', '2 Giường Cỡ King Và ', 9930000, 'Free'),
('3BVB-A', 'VWPQ', '3 Bedroom Villa Bb - Airpackage', '2 Giường Cỡ King Và ', 8560000, 'Free'),
('3BVF6P', 'VWPQ', '3 Bedroom Villa For 6 Person', '2 Giường Cỡ King Và ', 8560000, 'Free'),
('4BVB-A', 'VWPQ', '4 Bedroom Villa Bb - Airpackage', '3 Giường Cỡ King Và ', 11920000, 'Free'),
('4BVF8P', 'VWPQ', '4 Bedroom Villa For 8 Person', '3 Giường Cỡ King Và ', 11920000, 'Free'),
('AB-SCTB', 'HCD', 'Apartment Building - Studio Condotel Three Bedroom', '3 Giường Đôi', 6713600, 'Free'),
('BDTR', 'TH&RĐL', 'Basement Deluxe Twin Room', '2 Giường Đơn', 2299000, 'Free'),
('BFR', 'TH&RĐL', 'Basement Family Room', '1 Giường Đôi Và 2 Gi', 3918750, 'Free'),
('BFV', 'LRPHR&S', 'Beach Front Villa', '4 Giường Cỡ Queen', 16557895, 'Free'),
('BS', 'CHSR', 'Backyard Studio', '1 Giường Cỡ Queen', 787327, 'Free'),
('BSTR', 'TH&RĐL', 'Basement Standard Twin Room', '2 Giường Đơn', 1776500, 'Free'),
('BVS', 'CHSR', 'Back View Studio', '1 Giường Cỡ Queen', 668861, 'Free'),
('BVSS', 'CHSR', 'Back View Small Studio', '1 Giường Cỡ Queen', 622223, 'Free'),
('CDD', 'LRPHR&S', 'Condo Deluxe Double', '1 Giường Cỡ Queen', 1956842, 'Free'),
('CDOT', 'WPH', 'Club Double Or Twin', '1 Giường Đôi Hoặc 2 ', 3710359, 'Free'),
('CDOV', 'PPHVT', 'Classic Double Ocean View', '1 Giường Đôi', 1767150, 'Free'),
('CDT', 'LRPHR&S', 'Condo Deluxe Twin', '2 Giường Đơn', 1956842, 'Free'),
('CDV', 'PPHVT', 'Classic Double_no View', '1 Giường Đôi', 1531530, 'Free'),
('CEOV', 'LRPHR&S', 'Condo Executive Ocean View', '1 Giường Cỡ Queen', 2278421, 'Free'),
('CES', 'LRPHR&S', 'Condo Executive Suite', '1 Giường Cỡ Queen', 3161053, 'Free'),
('CESFOV', 'LRPHR&S', 'Condo Executive Suite Family Ocean View', '1 Giường Cỡ Queen Và', 5494211, 'Free'),
('CESGV(', 'DELR&S', 'Camellia Eden Suite Garden View (family)', '1 Giường Đôi Và 1 Gi', 4386000, 'Free'),
('CESWOV', 'LRPHR&S', 'Condo Executive Suite With Ocean View', '1 Giường Cỡ King', 3462105, 'Free'),
('CETOV', 'LRPHR&S', 'Condo Executive Twin Ocean View', '2 Giường Đơn', 2278421, 'Free'),
('CH1PNBC', 'XH-TSVT', 'Căn Hộ 1 Phòng Ngủ Ban Công', '1 Giường Cỡ King Và ', 556500, 'Free'),
('CH1PNBC(GB', 'XH-TSVT', 'Căn Hộ 1 Phòng Ngủ Ban Công (bao Gồm Bữa Sáng)', '1 Giường Cỡ King Và ', 662500, 'Free'),
('CH2PNBC', 'XH-TSVT', 'Căn Hộ 2 Phòng Ngủ Ban Công', '1 Giường Cỡ King, 1 ', 530000, 'Free'),
('CH2PNBC(GB', 'XH-TSVT', 'Căn Hộ 2 Phòng Ngủ Ban Công (bao Gồm Bữa Sáng)', '1 Giường Cỡ King, 1 ', 821500, 'Free'),
('CH3PN-HB', 'XH-TSVT', 'Căn Hộ 3 Phòng Ngủ - Hướng Biển', '2 Giường Cỡ King, 1 ', 1166000, 'Free'),
('CHHPN', 'MH-TSVT', 'Căn Hộ Hai Phòng Ngủ', '1 Giường Cỡ King, 1 ', 413600, 'Free'),
('CHMPN', 'MH-TSVT', 'Căn Hộ Một Phòng Ngủ', '1 Giường Cỡ King', 385400, 'Free'),
('CHP3PN-HB', 'XH-TSVT', 'Căn Hộ Premium 3 Phòng Ngủ - Hướng Biển', '2 Giường Cỡ King, 1 ', 1696000, 'Free'),
('CJS', 'HCD', 'Colline Junior Suite', '1 Giường Cỡ King', 12665600, 'Free'),
('CJSGV', 'DELR&S', 'Camellia Junior Suite Garden View', '1 Giường Đôi', 2881000, 'Free'),
('CJSLV', 'DELR&S', 'Camellia Junior Suite Lake View', '1 Giường Cỡ King', 3224570, 'Free'),
('CKR', 'TH&RĐL', 'Classic King Room', '1 Giường Đôi', 2220625, 'Free'),
('CR', 'CBH', 'Classic Room', '1 Giường Đôi Hoặc 2 ', 1020000, 'Free'),
('CRWOV', 'PPHVT', 'Connecting Room With Ocean View', '1 Giường Đôi Và 2 Gi', 3475395, 'Free'),
('CS', 'LRPHR&S', 'Condo Suite', '1 Giường Cỡ Queen', 2634211, 'Free'),
('CS-K-BAR', 'DHT', 'Classic Seaview - King - Best Available Rate', '1 Giường Cỡ King', 3227104, 'Free'),
('CS-K-OP', 'DHT', 'Classic Seaview - King - Opening Promotion', '1 Giường Cỡ King', 2420327, 'Free'),
('CS-T-BAR', 'DHT', 'Classic Seaview - Twin - Best Available Rate', '1 Giường (X 2)', 3227104, 'Free'),
('CS-T-OP', 'DHT', 'Classic Seaview - Twin - Opening Promotion', '1 Giường (X 2)', 2420327, 'Free'),
('CSD', 'LRPHR&S', 'Condo Superior Double', '1 Giường Cỡ Queen', 1806316, 'Free'),
('CSLOV', 'LRPHR&S', 'Condo Suite Loft Ocean View', '1 Giường Cỡ Queen', 6322105, 'Free'),
('CSOV', 'LRPHR&S', 'Condo Suite Ocean View', '1 Giường Đôi', 3037895, 'Free'),
('CSR', 'KsCCĐT', 'C Suite Room', '2 Giường Đôi', 1083750, 'Free'),
('CTOV', 'PPHVT', 'Classic Twin Ocean View', '1 Giường (X 2)', 1767150, 'Free'),
('CTV', 'PPHVT', 'Classic Twin_no View', '1 Giường (X 2)', 1531530, 'Free'),
('D', 'EGHS', 'Deluxe', '1 Giường Cỡ King Hoặ', 2657925, 'Free'),
('D-RO', 'EGHS', 'Deluxe - Room Only', '1 Giường Cỡ King Hoặ', 2373148, 'Free'),
('DBGVDR', 'DELR&S', 'Deluxe Building Garden View Double Room', '1 Giường Cỡ King', 1720000, 'Free'),
('DBGVTR', 'DELR&S', 'Deluxe Building Garden View Triple Room', '1 Giường Cỡ King Và ', 3462900, 'Free'),
('DBSV', 'NLHD', 'Deluxe Balcony Street View', '1 Giường Cỡ Queen', 960000, 'Free'),
('DCV', 'CH-SR', 'Deluxe City View', '1 Giường Cỡ Queen', 886160, 'Free'),
('DCVphpt2N1', 'CH-SR', 'Deluxe City View\nMiễn phí hủy phòng trước 22 Nov 1', '1 Giường Cỡ Queen', 513973, 'Free'),
('DD', 'LBH', 'Deluxe Double', '2 khách', 264000, 'Free'),
('DD-R', 'TH&RĐL', 'Deluxe Double - Rooftop', '1 Giường Đôi', 2220625, 'Free'),
('DDCV', 'TCH', 'Deluxe Double City View', '1 Giường Đôi', 1512000, 'Free'),
('DDOTBR', 'KsCCĐT', 'Deluxe Double Or Twin Bed Room', '2 Giường Đơn Hoặc 1 ', 701250, 'Free'),
('DDOTR', 'HNLGH', 'Deluxe Double Or Twin Room', '1 Giường Đôi Hoặc 2 ', 551250, 'Free'),
('DDOV', 'TCH', 'Deluxe Double Ocean View', '1 Giường Đôi', 1788000, 'Free'),
('DDR', 'CHS', 'Deluxe Double Room', '1 Giường Cỡ Queen', 844443, 'Free'),
('DDR-RO', 'MVAH', 'Deluxe Double Room - Room Only', '1 Giường Đôi', 708795, 'Free'),
('DDRWB', 'KsTGD', 'Deluxe Double Room With Balcony', '1 Giường Đôi', 439200, 'Free'),
('DDRWCV', 'HCD', 'Deluxe Double Room With City View', '1 Giường Đôi', 2331300, 'Free'),
('DDRWVVRO', 'TLH', 'Deluxe Double Room With Valley View- Room Only', '1 Giường Cỡ King', 975375, 'Free'),
('DDRWW', 'AHS', 'Deluxe Double Room With Window', '1 Giường Đôi', 455600, 'Free'),
('DDTWW–B', 'WPH', 'Deluxe Double/ Twin With Window – Breakfast', '1 Giường Đôi Hoặc 2 ', 3173922, 'Free'),
('DDVR', 'DHDN', 'Deluxe Double View Room', '2 khách', 355572, 'Free'),
('DDWB', 'KsGB', 'Deluxe Double With Balcony', '1 Giường Cỡ King', 1420800, 'Free'),
('DDWBR', 'BVH', 'Deluxe Double With Balcony Room', '2 Giường Cỡ King', 610527, 'Free'),
('DDWW-RO', 'WPH', 'Deluxe Double/twin With Window - Room Only', '1 Giường Đôi Hoặc 2 ', 2592781, 'Free'),
('DF', 'LBH', 'Deluxe Family', '4 khách', 374000, 'Free'),
('DF2B-ROphp', 'ABH', 'Deluxe Family 2 Bedrooms - Room Only\nMiễn phí hủy ', '1 Giường Đôi Và 2 Gi', 1059480, 'Free'),
('DF2Bphpt2N', 'ABH', 'Deluxe Family 2 Bedrooms\nMiễn phí hủy phòng trước ', '1 Giường Đôi Và 2 Gi', 1133600, 'Free'),
('DFMV', 'SH&A', 'Deluxe Family Mountain View.', '4 khách', 1041863, 'Free'),
('DFphpt2N1', 'KsM', 'Deluxe Family\nMiễn phí hủy phòng trước 21 Nov 14:0', '1 Giường Đôi Và 1 Gi', 5010400, 'Free'),
('DFR', 'CH-SR', 'Duplex Family Room', '1 Giường Đôi Và 1 Gi', 1040407, 'Free'),
('DFRphpt2N1', 'CH-SR', 'Duplex Family Room\nMiễn phí hủy phòng trước 22 Nov', '1 Giường Đôi Và 1 Gi', 603436, 'Free'),
('DFRWW-RO', 'TLH', 'Deluxe Family Room With Window - Room Only', '1 Sofa Giường', 1651125, 'Free'),
('DFV3S-B', 'VWPQ', 'Deluxe Family Villa 3-bedroom Safari - Bb', '2 Giường Cỡ King Và ', 9760000, 'Free'),
('DFV4N-B', 'VWPQ', 'Deluxe Family Villa 4-bedroom Nautilus - Bb', '3 Giường Cỡ King Và ', 13120000, 'Free'),
('DKCV-B', 'TRS', 'Deluxe King City View - Breakfast', '1 Giường Cỡ King', 10750320, 'Free'),
('DKCV-RO', 'TRS', 'Deluxe King City View - Room Only', '1 Giường Cỡ King', 10069920, 'Free'),
('DKR', 'HNS', 'Deluxe King Room', '1 Giường Cỡ King', 4378548, 'Free'),
('DKR-RO', 'HNS', 'Deluxe King Room - Room Only', '1 Giường Cỡ King', 6030588, 'Free'),
('DLRSR', 'LRBHdD', 'Double Le Récit Suite Room', '1 Giường Đôi', 2502500, 'Free'),
('DOBS-BAR', 'DHT', 'Dhawa One Bedroom Suite - Best Available Rate', '1 Giường Cỡ King', 6288904, 'Free'),
('DOBS-OP', 'DHT', 'Dhawa One Bedroom Suite - Opening Promotion', '1 Giường Cỡ King', 4716677, 'Free'),
('DOVR-N', 'MHTBR', 'Deluxe Ocean View Room - Non-refundable', '1 Giường Đôi Hoặc 2 ', 4000002, 'Free'),
('DOVRphpt2N', 'MHTBR', 'Deluxe Ocean View Room\nMiễn phí hủy phòng trước 21', '1 Giường Cỡ King Hoặ', 4444446, 'Free'),
('DOVR–FB-N', 'MHTBR', 'Deluxe Ocean View Room – Full Board - Non-refundab', '1 Giường Cỡ King Hoặ', 5900002, 'Free'),
('DOVR–HB-N', 'MHTBR', 'Deluxe Ocean View Room – Half Board - Non-refundab', '1 Giường Cỡ King Hoặ', 5150002, 'Free'),
('DP', 'KsM', 'Deluxe Plus', '1 Giường Cỡ Queen', 1892656, 'Free'),
('DPphpt2N1', 'KsM', 'Deluxe Plus\nMiễn phí hủy phòng trước 21 Nov 14:00', '1 Giường Cỡ Queen', 3263200, 'Free'),
('DPR', 'KsM', 'Deluxe Plus Ro', '1 Giường Cỡ Queen', 1892656, 'Free'),
('DPRphpt2N1', 'KsM', 'Deluxe Plus Ro\nMiễn phí hủy phòng trước 21 Nov 14:', '1 Giường Cỡ Queen', 3263200, 'Free'),
('DPV', 'CH-SR', 'Deluxe Pool View', '1 Giường Cỡ Queen', 932607, 'Free'),
('DPVphpt2N1', 'CH-SR', 'Deluxe Pool View\nMiễn phí hủy phòng trước 22 Nov 1', '1 Giường Cỡ Queen', 540912, 'Free'),
('DQ', 'NHVT', 'Deluxe Quadruple', '2 Giường Đôi', 1493333, 'Free'),
('DQR', 'KsM', 'Deluxe Queen Ro', '2 Giường Đôi', 1819344, 'Free'),
('DQRWB', 'PH', 'Deluxe Quadruple Room With Balcony', '2 Giường Cỡ Queen', 950000, 'Free'),
('DR(IVIFG', 'CBH', 'Deluxe Room (free Issuing Vat Invoice For Guest)', '1 Giường Đôi Hoặc 2 ', 1170000, 'Free'),
('DR-N', 'MHTBR', 'Deluxe Room - Non-refundable', '1 Giường Cỡ King Hoặ', 3704444, 'Free'),
('DR-RO', '2RH7HB', 'Deluxe Room - Room Only', '1 Giường Cỡ King Hoặ', 975000, 'Free'),
('DRCV', '2RH5NH', 'Deluxe Room City View', '1 Giường Đôi Hoặc 2 ', 1081080, 'Free'),
('DRphpt2N1', 'CLH', 'Deluxe Room\nMiễn phí hủy phòng trước 22 Nov 13:00', '1 Giường Cỡ King', 575882, 'Free'),
('DRWB', 'JPC', 'Deluxe Room With Balcony', '1 Giường Cỡ Queen', 656336, 'Free'),
('DRWBIVIFG', 'CBH', 'Deluxe Room With Breakfast(free Issuing Vat Invoic', '1 Giường Đôi Hoặc 2 ', 1350000, 'Free'),
('DR–HB-N', 'MHTBR', 'Deluxe Room – Half Board - Non-refundable', '1 Giường Cỡ King Hoặ', 4854444, 'Free'),
('DS', 'CH-SR', 'Duplex Suite', '1 Giường Cỡ Queen', 1040407, 'Free'),
('DSphpt2N1', 'CH-SR', 'Duplex Suite\nMiễn phí hủy phòng trước 22 Nov 13:00', '1 Giường Cỡ Queen', 603436, 'Free'),
('DSV', 'ABH', 'Deluxe Sea View', '1 Giường Đôi', 850000, 'Free'),
('DSV-RO', 'ABH', 'Deluxe Sea View - Room Only', '1 Giường Đôi', 700000, 'Free'),
('DSV-ROphpt', 'ABH', 'Deluxe Sea View - Room Only\nMiễn phí hủy phòng trư', '1 Giường Đôi', 588600, 'Free'),
('DSVphpt2N1', 'ABH', 'Deluxe Sea View\nMiễn phí hủy phòng trước 22 Nov 13', '1 Giường Đôi', 654000, 'Free'),
('DT', 'MTLSH', 'Deluxe Twin', '2 Giường Đơn', 2048000, 'Free'),
('DTBS-BAR', 'DHT', 'Dhawa Two Bedroom Suite - Best Available Rate', '1 Giường Đôi Hoặc 2 ', 9180604, 'Free'),
('DTBS-OP', 'DHT', 'Dhawa Two Bedroom Suite - Opening Promotion', '1 Giường Đôi Hoặc 2 ', 6885452, 'Free'),
('DTCV', 'TCH', 'Deluxe Twin City View', '1 Giường (X 2)', 1512000, 'Free'),
('DTCV-B', 'TRS', 'Deluxe Twin City View - Breakfast', '2 Giường Đơn', 10750320, 'Free'),
('DTCV-RO', 'TRS', 'Deluxe Twin City View - Room Only', '2 Giường Đơn', 10069920, 'Free'),
('DTMV', 'SH&A', 'Deluxe Twin Mountain View.', '2 khách', 705600, 'Free'),
('DTOV', 'PPHVT', 'Deluxe Twin Ocean View', '1 Giường (X 2) Hoặc ', 2120580, 'Free'),
('DTP', 'NLHD', 'Deluxe Twin Premier', '2 Giường (X 2)', 1360000, 'Free'),
('DTR', 'DHDN', 'Deluxe Twin Room', '3 khách', 444466, 'Free'),
('DTR-RO', 'HNS', 'Deluxe Twin Room - Room Only', '2 Giường Đơn', 6009592, 'Free'),
('DTRPCARV', 'GPHDN', 'Deluxe Twin Room, Partial City And River View', '1 khách', 987302, 'Free'),
('DTRphpt2N1', 'CLH', 'Deluxe Triple Room\nMiễn phí hủy phòng trước 22 Nov', '1 Giường Cỡ King Và ', 611319, 'Free'),
('DTV', 'PPHVT', 'Deluxe Twin_no View', '1 Giường (X 2)', 1884960, 'Free'),
('DTWB', 'KsGB', 'Deluxe Triple With Balcony', '1 Giường Cỡ King Và ', 1612800, 'Free'),
('DVT', 'PHS', 'Deluxe View Twin', '2 Giường Đơn', 1700000, 'Free'),
('DWVR', 'BVH', 'Deluxe With View Room', '1 Giường Cỡ King', 427369, 'Free'),
('EDR', 'LRPHR&S', 'Executive Double Room', '1 Giường Đôi', 1956842, 'Free'),
('ES', 'KsGB', 'Executive Suite', '1 Giường Cỡ King', 3888000, 'Free'),
('ETR', 'LRPHR&S', 'Executive Twin Room', '2 Giường Đơn', 1956842, 'Free'),
('ETRWCV', 'AHS', 'Executive Triple Room With City View', '1 Giường Đôi Và 1 Gi', 544000, 'Free'),
('F2A', 'FSVT', 'Fusion 2-bedroom Apartment', '1 Giường Đôi', 6654169, 'Free'),
('F2BAPSV', 'FSVT', 'Fusion 2 Bedroom Apartment Partial Sea View', '1 Giường (X 2) Và 1 ', 4989600, 'Free'),
('F2BAPSV-SI', 'FSVT', 'Fusion 2 Bedroom Apartment Partial Sea View - Spa ', '1 Giường (X 2) Và 1 ', 5767200, 'Free'),
('FCVKS', 'FSVT', 'Fusion City View King Suite', '1 Giường Đôi', 2791246, 'Free'),
('FCVTS', 'FSVT', 'Fusion City View Twin Suite', '2 Giường (X 2)', 2248759, 'Free'),
('FDSKWPSV-S', 'FSVT', 'Fusion Deluxe Suite King With Partial Sea View - S', '1 Giường Cỡ King', 3632040, 'Free'),
('FDSTBCV-SI', 'FSVT', 'Fusion Deluxe Suite Twin Beds City View - Spa Incl', '1 Giường (X 2)', 3133080, 'Free'),
('FDSTCV', 'FSVT', 'Fusion Deluxe Suite Twin City View', '1 Giường (X 2)', 2744280, 'Free'),
('FDSTWPSV', 'FSVT', 'Fusion Deluxe Suite Twin With Partial Sea View', '1 Giường (X 2)', 3243240, 'Free'),
('FDSTWPSV-S', 'FSVT', 'Fusion Deluxe Suite Twin With Partial Sea View - S', '1 Giường (X 2)', 3632040, 'Free'),
('FJSRV', 'GPHDN', 'Family Junior Suite, River View', '1 khách', 1048770, 'Free'),
('FP', 'KsM', 'Family Plus', '1 Giường Đôi Và 1 Gi', 2613248, 'Free'),
('FPphpt2N1', 'KsM', 'Family Plus\nMiễn phí hủy phòng trước 21 Nov 14:00', '1 Giường Đôi Và 1 Gi', 4505600, 'Free'),
('FPR', 'KsM', 'Family Plus Ro', '1 Giường Đôi Và 1 Gi', 2613248, 'Free'),
('FPRphpt2N1', 'KsM', 'Family Plus Ro\nMiễn phí hủy phòng trước 21 Nov 14:', '1 Giường Đôi Và 1 Gi', 4505600, 'Free'),
('FR', 'WHSCF2suc', 'Family Room', '1 Giường Cỡ King', 2800000, 'Free'),
('FR(IVIFG', '3H&T', 'Family Room (free Issuing Vat Invoice For Guest)', '1 Giường Đôi Và 1 Gi', 769500, 'Free'),
('FR(P', 'LPSBH', 'Family Room (3 Pax)', '2 Giường Cỡ Queen', 1468800, 'Free'),
('FR-RO', '2RH7HB', 'Family Room - Room Only', '1 Giường Cỡ Queen Và', 1014000, 'Free'),
('FR-TB', 'BVH', 'Family Room - Three Beds', '3 Giường Cỡ Queen', 732632, 'Free'),
('FRWB', 'JPC', 'Family Room With Balcony', '1 Giường Cỡ Queen Và', 765136, 'Free'),
('FRWCV', 'AHS', 'Family Room With City View', '2 Giường Đôi', 646000, 'Free'),
('FSACV-SIR', 'FSVT', 'Fusion Studio Apartment City View - Spa Inclusive ', '1 Giường Cỡ King', 3133080, 'Free'),
('FSCV', 'TCH', 'Family Suite City View', '2 Giường Cỡ Queen', 3150000, 'Free'),
('FSKBCV', 'FSVT', 'Fusion Suite King Bed City View', '1 Giường Cỡ King', 2245320, 'Free'),
('FSKBPSV', 'FSVT', 'Fusion Suite King Bed Partial Sea View', '1 Giường Cỡ King', 2744280, 'Free'),
('FSKBPSV-SI', 'FSVT', 'Fusion Suite King Bed Partial Sea View - Spa Inclu', '1 Giường Cỡ King', 3133080, 'Free'),
('FSKCVB-SIR', 'FSVT', 'Fusion Suite King City View Bed - Spa Inclusive Ro', '1 Giường Cỡ King', 2634120, 'Free'),
('FSR', 'PHS', 'Family Suite Room', '1 Giường Đôi Và 1 Gi', 3130000, 'Free'),
('FSTBCV', 'FSVT', 'Fusion Suite Twin Beds City View', '2 Giường Đơn', 2245320, 'Free'),
('FSTBCV-SIR', 'FSVT', 'Fusion Suite Twin Beds City View - Spa Inclusive R', '2 Giường Đơn', 2634120, 'Free'),
('FSTS', 'TCH', 'Family Suite Triple Seaview', '1 Giường Đôi Và 1 Gi', 2730000, 'Free'),
('FSTWPSV', 'FSVT', 'Fusion Suite Twin With Partial Sea View', '2 Giường Đơn', 2744280, 'Free'),
('FSTWPSV-SI', 'FSVT', 'Fusion Suite Twin With Partial Sea View - Spa Incl', '2 Giường Đơn', 3133080, 'Free'),
('FT', 'AHDN', 'Family Twin', '4 khách', 1113967, 'Free'),
('FTR', 'TLH', 'Family Triple Room', '1 Giường Đôi Và 1 Gi', 1191866, 'Free'),
('FVBS', 'CHSR', 'Front View Balcony Studio', '1 Giường Cỡ Queen', 726886, 'Free'),
('FVS', 'CHSR', 'Front View Studio', '1 Giường Cỡ Queen', 701922, 'Free'),
('GDC-RO', 'MVAH', 'Grand Double City - Room Only', '1 Giường Đôi', 708795, 'Free'),
('GDKCV-B', 'TRS', 'Grand Deluxe King City View - Breakfast', '1 Giường Cỡ King', 11566800, 'Free'),
('GDKCV-RO', 'TRS', 'Grand Deluxe King City View - Room Only', '1 Giường Cỡ King', 8709120, 'Free'),
('GDTCV-B', 'TRS', 'Grand Deluxe Twin City View - Breakfast', '2 Giường Đơn', 11566800, 'Free'),
('GDTCV-RO', 'TRS', 'Grand Deluxe Twin City View - Room Only', '2 Giường Đơn', 8709120, 'Free'),
('GF', 'KsM', 'Grand Family', '2 Giường Cỡ Queen', 3174688, 'Free'),
('GFphpt2N1', 'KsM', 'Grand Family\nMiễn phí hủy phòng trước 21 Nov 14:00', '2 Giường Cỡ Queen', 5473600, 'Free'),
('GPS', 'ALRSR', 'Garden Pool Suite', '1 Giường Cỡ King', 8370676, 'Free'),
('GPV', 'ALRSR', 'Garden Pool Villa', '1 Giường Cỡ King', 10309745, 'Free'),
('GRK', 'KsIVT', 'Grand Residence King', '1 Giường Cỡ King', 3534009, 'Free'),
('GRKphpt2N1', 'KsIVT', 'Grand Residence King\nMiễn phí hủy phòng trước 21 N', '1 Giường Cỡ King', 3585980, 'Free'),
('GT-BPV', 'ALRSR', 'Garden Two - Bedroom Pool Villa', '1 Giường (X 2) Và 1 ', 13402668, 'Free'),
('GV2S', 'ALRSR', 'Garden View 2-bedroom Suite', '1 Giường (X 2) Và 1 ', 9208743, 'Free'),
('HDF', 'KsIVT', 'Heritage Deluxe Family', '1 Giường Cỡ Queen', 4724987, 'Free'),
('HDFphpt2N1', 'KsIVT', 'Heritage Deluxe Family\nMiễn phí hủy phòng trước 21', '1 Giường Cỡ Queen', 4794472, 'Free'),
('HDK', 'KsIVT', 'Heritage Deluxe King', '1 Giường Cỡ King', 2295054, 'Free'),
('HDKO', 'KsIVT', 'Heritage Deluxe King Oceanview', '1 Giường Cỡ King', 2883954, 'Free'),
('HDKOphpt2N', 'KsIVT', 'Heritage Deluxe King Oceanview\nMiễn phí hủy phòng ', '1 Giường Cỡ King', 2926365, 'Free'),
('HDKphpt2N1', 'KsIVT', 'Heritage Deluxe King\nMiễn phí hủy phòng trước 21 N', '1 Giường Cỡ King', 2328805, 'Free'),
('HDS', 'KsIVT', 'Heritage Duplex Suite', '1 Giường Cỡ King Và ', 5254344, 'Free'),
('HDSphpt2N1', 'KsIVT', 'Heritage Duplex Suite\nMiễn phí hủy phòng trước 21 ', '1 Giường Cỡ King Và ', 5331613, 'Free'),
('HIS', 'KsIVT', 'Heritage Imperial Suite', '1 Giường Cỡ King', 41489608, 'Free'),
('HISphpt2N1', 'KsIVT', 'Heritage Imperial Suite\nMiễn phí hủy phòng trước 2', '1 Giường Cỡ King', 42099750, 'Free'),
('HSOV', 'KsIVT', 'Heritage Suite Ocean View', '1 Giường Cỡ King', 5115542, 'Free'),
('HSOVphpt2N', 'KsIVT', 'Heritage Suite Ocean View\nMiễn phí hủy phòng trước', '1 Giường Cỡ King', 5190771, 'Free'),
('HT', 'KsIVT', 'Heritage Triple', '1 Giường Đôi Và 1 Gi', 3327114, 'Free'),
('HTphpt2N1', 'KsIVT', 'Heritage Triple\nMiễn phí hủy phòng trước 21 Nov 14', '1 Giường Đôi Và 1 Gi', 3376042, 'Free'),
('JKBR-DWB', 'SGH', 'Jo King Bed Room - Double With Breakfast', '1 Giường Cỡ King', 1900002, 'Free'),
('JKBR-SWB', 'SGH', 'Jo King Bed Room - Single With Breakfast', '1 Giường Cỡ King', 1825902, 'Free'),
('JKBRWES-DW', 'SGH', 'Jo King Bed Room With Extra Space - Double With Br', '1 Giường Đôi Và 1 Gi', 2521662, 'Free'),
('JKBRWES-SW', 'SGH', 'Jo King Bed Room With Extra Space - Single With Br', '1 Giường Đôi Và 1 Gi', 2447562, 'Free'),
('JKBRWES-TW', 'SGH', 'Jo King Bed Room With Extra Space - Triple With Br', '1 Giường Đôi Và 1 Gi', 2595762, 'Free'),
('JLGV', 'DELR&S', 'Jasmine Luxury Garden View', '1 Giường (X 2)', 2278952, 'Free'),
('JLLV', 'DELR&S', 'Jasmine Luxury Lake View', '1 Giường Đôi', 2493570, 'Free'),
('JSCV-B', 'TRS', 'Junior Suite City View - Breakfast', '1 Giường Cỡ King', 15673350, 'Free'),
('JSOV-N', 'MHTBR', 'Junior Suite Ocean View - Non-refundable', '1 Giường Cỡ King', 4888892, 'Free'),
('JSOVphpt2N', 'MHTBR', 'Junior Suite Ocean View\nMiễn phí hủy phòng trước 2', '1 Giường Cỡ King', 5432102, 'Free'),
('JTBR-SWB', 'SGH', 'Jo Twin Bed Room - Single With Breakfast', '1 Giường (X 2)', 1825902, 'Free'),
('JTBR-WB', 'SGH', 'Jo Twin Bed Room -double With Breakfast', '1 Giường (X 2)', 1900002, 'Free'),
('LA', 'KsGB', 'Luxury Apartment', '1 Giường Cỡ King Và ', 3888000, 'Free'),
('LD', 'AHDN', 'Luxury Double', '2 khách', 690852, 'Free'),
('LDR', 'HNLGH', 'Luxury Double Room', '1 Giường Cỡ King', 721000, 'Free'),
('LLDR', 'DELR&S', 'Larose Luxury Double Room', '1 Giường Cỡ King', 1935430, 'Free'),
('LM2B', 'DELR&S', 'Larose Master 2 Bedrooms', '2 Giường Cỡ King', 7310000, 'Free'),
('LM3B', 'DELR&S', 'Larose Master 3 Bedrooms', '3 Giường Cỡ King', 10965000, 'Free'),
('LRGV', 'BVH', 'Living Room Garden View', '2 Giường Cỡ King', 732632, 'Free'),
('LTR', 'HNLGH', 'Luxury Triple Room', '3 Giường Đơn', 721000, 'Free'),
('LTRphpt2N1', 'CLH', 'Luxury Triple Room\nMiễn phí hủy phòng trước 22 Nov', '1 Giường Cỡ King Và ', 626139, 'Free'),
('LVCL-PS(AC', 'KsLVS', 'La Vela Club Lounge - President Suite (breakfast A', '1 Giường Cỡ King', 17424000, 'Free'),
('LVCL-S(ACB', 'KsLVS', 'La Vela Club Lounge - Suite (breakfast And Club Be', '1 Giường Cỡ King', 11616000, 'Free'),
('LVDC', 'KsLVS', 'La Vela Deluxe Corner', '1 Giường Cỡ King', 2933040, 'Free'),
('LVDK', 'KsLVS', 'La Vela Deluxe King', '1 Giường Cỡ King', 2758800, 'Free'),
('LVDT', 'KsLVS', 'La Vela Deluxe Twin', '1 Giường (X 2)', 2758800, 'Free'),
('LVLDK', 'KsLVS', 'La Vela Luxury Deluxe King', '1 Giường Cỡ King', 3339600, 'Free'),
('LVLDT', 'KsLVS', 'La Vela Luxury Deluxe Twin', '1 Giường (X 2)', 3339600, 'Free'),
('MD', 'DELR&S', 'Mimosa Deluxe', '1 Giường Đôi', 1891952, 'Free'),
('NCDKR', 'HNS', 'Nikko Club Deluxe King Room', '1 Giường Cỡ King', 4965122, 'Free'),
('NCDTR', 'HNS', 'Nikko Club Deluxe Twin Room', '2 Giường Đơn', 4965122, 'Free'),
('NCES', 'HNS', 'Nikko Club Executive Suite', '1 Giường Cỡ King', 6867184, 'Free'),
('NCJS', 'HNS', 'Nikko Club Junior Suite', '2 Giường Cỡ Queen', 6052901, 'Free'),
('NDSV', 'NHVT', 'Nolis Double Sea View', '1 Giường Đôi', 1493333, 'Free'),
('NSCV', 'CH-SR', 'New Studio City View', '1 Giường Cỡ Queen', 896368, 'Free'),
('NSCVphpt2N', 'CH-SR', 'New Studio City View\nMiễn phí hủy phòng trước 22 N', '1 Giường Cỡ Queen', 519893, 'Free'),
('NTSV', 'NHVT', 'Nolis Triple Sea View', '1 Giường Đôi Và 1 Gi', 1706666, 'Free'),
('OBS-BAR', 'DHT', 'One Bedroom Suite - Best Available Rate', '1 Giường Cỡ King', 5778604, 'Free'),
('OBS-OP', 'DHT', 'One Bedroom Suite - Opening Promotion', '1 Giường Cỡ King', 4333952, 'Free'),
('OBSWCV', 'TCH', 'One Bedroom Suite With City View', '2 Giường Đơn', 1788000, 'Free'),
('P(TB', 'SGH', 'Phòng (jo Twin Beds)', '2 Giường (X 2)', 1479874, 'Free'),
('P1BCV', 'TCH', 'Premier 1 Bedroom City View', '1 Giường Đôi', 2205000, 'Free'),
('P1BSV', 'TCH', 'Premier 1 Bedroom Sea View', '1 Giường Đôi', 2415000, 'Free'),
('P1GCK(', 'SGH', 'Phòng, 1 Giường Cỡ King (jo)', '1 Giường Cỡ King', 1479874, 'Free'),
('P2BCV', 'TCH', 'Premier 2 Bedrooms City View', '1 Giường Đôi', 3252000, 'Free'),
('P2BSV', 'TCH', 'Premier 2 Bedrooms Sea View', '1 Giường Đôi', 3675000, 'Free'),
('P2GĐSQCS', 'GPHDN', 'Phòng 2 Giường Đơn Superior, Quang Cảnh Sông', '1 khách', 555504, 'Free'),
('P3DQCTP', 'GPHDN', 'Phòng 3 Deluxe, Quang Cảnh Thành Phố', '1 khách', 802137, 'Free'),
('PDCV-B', 'TRS', 'Panorama Deluxe City View - Breakfast', '1 Giường Cỡ King', 12383280, 'Free'),
('PDCV-RO', 'TRS', 'Panorama Deluxe City View - Room Only', '1 Giường Cỡ King', 11702880, 'Free'),
('PDD/TWW–B', 'WPH', 'Premium Deluxe Double / Twin With Window – Breakfa', '1 Giường Đôi Hoặc 2 ', 3330382, 'Free'),
('PDDWW-RO', 'WPH', 'Premium Deluxe Double/twin With Window - Room Only', '1 Giường Đôi Hoặc 2 ', 2749242, 'Free'),
('PDR', 'HNLGH', 'Premium Double Room', '1 Giường Cỡ King', 812000, 'Free'),
('PDRWMV', 'HCD', 'Premier Double Room With Market View', '1 Giường Đôi', 2616300, 'Free'),
('PDRWVB-RO', 'TLH', 'Premier Double Room With View Bath - Room Only', '1 Giường Cỡ King', 1644750, 'Free'),
('PDWB', 'KsGB', 'Premium Double With Balcony', '1 Giường Cỡ King', 1526400, 'Free'),
('PFR-RO', 'TLH', 'Premier Family Room - Room Only', '2 Giường Cỡ Queen', 1651125, 'Free'),
('PFRWB-RO', 'TLH', 'Premier Family Room With Bathtub - Room Only', '2 Giường Cỡ Queen', 1644750, 'Free'),
('PKR', 'TH&RĐL', 'Premium King Room', '1 Giường Đôi', 2560250, 'Free'),
('PKRIV(V', 'TH&RĐL', 'Premium King Room In Villa (shared Villa)', '1 Giường Cỡ King', 3030500, 'Free'),
('PR(IVIFG', 'CBH', 'Premium Room (free Issuing Vat Invoice For Guest)', '1 Giường Cỡ King', 1320000, 'Free'),
('PRPG-N', 'MHTBR', 'Premium Room Private Garden - Non-refundable', '1 Giường Đôi Hoặc 2 ', 4148889, 'Free'),
('PRPGphpt2N', 'MHTBR', 'Premium Room Private Garden\nMiễn phí hủy phòng trư', '1 Giường Cỡ King Hoặ', 4609876, 'Free'),
('PRPG–HB-N', 'MHTBR', 'Premium Room Private Garden – Half Board - Non-ref', '1 Giường Cỡ King Hoặ', 5298889, 'Free'),
('PRPG–HBphp', 'MHTBR', 'Premium Room Private Garden – Half Board\nMiễn phí ', '1 Giường Cỡ King Hoặ', 5759876, 'Free'),
('PRphpt2N1', 'CLH', 'Premium Room\nMiễn phí hủy phòng trước 22 Nov 13:00', '1 Giường Cỡ King', 576667, 'Free'),
('PS', 'PPHVT', 'Presidential Suite', '1 Giường Đôi Và 2 Gi', 10013850, 'Free'),
('PSO', 'PPHVT', 'Premier Suite Oceanfront', '1 Giường Cỡ King', 3063060, 'Free'),
('PTR', 'TH&RĐL', 'Premium Twin Room', '1 Giường (X 2)', 2560250, 'Free'),
('PTRIV(V', 'TH&RĐL', 'Premium Twin Room In Villa (shared Villa)', '2 Giường Đơn', 2952125, 'Free'),
('PTRphpt2N1', 'CLH', 'Premium Triple Room\nMiễn phí hủy phòng trước 22 No', '1 Giường Cỡ King Và ', 638424, 'Free'),
('PTRWMV', 'HCD', 'Premier Twin Room With Market View', '2 Giường Đơn', 2616300, 'Free'),
('PĐPQCS', 'GPHDN', 'Phòng Đôi Premium, Quang Cảnh Sông', '1 khách', 678435, 'Free'),
('QFVR', 'DHDN', 'Quadruple Family View Room', '4 khách', 577805, 'Free'),
('QSRCV', '2RH5NH', 'Queen Suite Room City View', '1 Giường Cỡ Queen', 1247400, 'Free'),
('R0BRSOV', 'KsIVT', 'Residence 02 Bed Room Suite Ocean View', '2 Giường Cỡ King', 7417838, 'Free'),
('R0BRSOVphp', 'KsIVT', 'Residence 02 Bed Room Suite Ocean View\nMiễn phí hủ', '2 Giường Cỡ King', 7526924, 'Free'),
('RKO', 'KsIVT', 'Residence King Ocean', '1 Giường Cỡ King', 3059971, 'Free'),
('RKOphpt2N1', 'KsIVT', 'Residence King Ocean\nMiễn phí hủy phòng trước 21 N', '1 Giường Cỡ King', 3104970, 'Free'),
('RPV', 'ALRSR', 'Riverfront Pool Villa', '1 Giường Cỡ King', 11856206, 'Free'),
('RS', 'KsIVT', 'Residence Suite', '1 Giường Cỡ King', 4391863, 'Free'),
('RSO', 'KsIVT', 'Residence Suite Oceanview', '1 Giường Cỡ King', 5254344, 'Free'),
('RSOphpt2N1', 'KsIVT', 'Residence Suite Oceanview\nMiễn phí hủy phòng trước', '1 Giường Cỡ King', 5331613, 'Free'),
('RSphpt2N1', 'KsIVT', 'Residence Suite\nMiễn phí hủy phòng trước 21 Nov 14', '1 Giường Cỡ King', 4456449, 'Free'),
('RVES', 'ALRSR', 'River View Executive Suite', '1 Giường Cỡ King', 6506828, 'Free'),
('SBC', 'XH-TSVT', 'Studio Ban Công', '1 Giường Cỡ King Và ', 583000, 'Free'),
('SBVSphpt2N', 'CHCC2', 'Superior Back View Studio\nMiễn phí hủy phòng trước', '1 Giường Cỡ Queen', 673138, 'Free'),
('SCV', 'CH-SR', 'Studio City View', '1 Giường Cỡ Queen', 912842, 'Free'),
('SCV-ROphpt', 'ABH', 'Superior City View - Room Only\nMiễn phí hủy phòng ', '1 Giường Đôi', 490500, 'Free'),
('SCVphpt2N1', 'CH-SR', 'Studio City View\nMiễn phí hủy phòng trước 22 Nov 1', '1 Giường Cỡ Queen', 529448, 'Free'),
('SD', 'AHDN', 'Superior Double', '2 khách', 387483, 'Free'),
('SD(W', 'NHVT', 'Superior Double (no Window)', '1 Giường Đôi', 746666, 'Free'),
('SDGV-RO', 'TLH', 'Superior Double Garden View - Room Only', '1 Giường Đôi', 675750, 'Free'),
('SDOTBR', 'KsCCĐT', 'Superior Double Or Twin Bed Room', '1 Giường Đôi Hoặc 2 ', 605625, 'Free'),
('SDOTR', 'AHS', 'Superior Double Or Twin Room', '1 Giường Đôi Hoặc 2 ', 421600, 'Free'),
('SDOV', 'SH&A', 'Suite Double Ocean View.', '2 khách', 1006583, 'Free'),
('SDR', 'DHDN', 'Superior Double Room', '2 khách', 266679, 'Free'),
('SDR-RO', 'MVAH', 'Superior Double Room - Room Only', '1 Giường Đôi', 648555, 'Free'),
('SDRWB', 'NCHD', 'Superior Double Room With Balcony', '1 Giường Cỡ King', 1073000, 'Free'),
('SDWCV', 'HCD', 'Studio Double With City View', '1 Giường Đôi', 2958300, 'Free'),
('SF', 'NLHD', 'Standard Family', '2 Giường Đôi', 1308000, 'Free'),
('SFR', 'BVH', 'Superior Family Room', '2 Giường Cỡ King', 488422, 'Free'),
('SFR-RO', 'TLH', 'Superior Family Room - Room Only', '2 Giường Đôi', 1204875, 'Free'),
('SGV', 'CH-SR', 'Studio Garden View', '1 Giường Cỡ Queen', 919292, 'Free'),
('SGVphpt2N1', 'CH-SR', 'Studio Garden View\nMiễn phí hủy phòng trước 22 Nov', '1 Giường Cỡ Queen', 533189, 'Free'),
('SGVTR', 'DELR&S', 'Superior Garden View Twin Room', '2 Giường Đơn', 1483070, 'Free'),
('SL-B', 'OH&AS', 'Studio Loft - Breakfast', '1 Giường (X 2) Và 1 ', 2016706, 'Free'),
('SL-RO', 'OH&AS', 'Studio Loft - Room Only', '1 Giường (X 2) Và 1 ', 1590435, 'Free'),
('SOV', 'LRPHR&S', 'Suite Ocean View', '1 Giường Đôi', 3462105, 'Free'),
('SQ(W', 'NHVT', 'Superior Quadruple (no Window)', '2 Giường Đôi', 1386666, 'Free'),
('SQR', 'PH', 'Superior Quadruple Room', '2 Giường Cỡ Queen', 700000, 'Free'),
('SR', '2RH5NH', 'Superior Room', '1 Giường Đôi', 1081080, 'Free'),
('SR(IVIFG', '3H&T', 'Superior Room (free Issuing Vat Invoice For Guest)', '1 Giường Đôi', 583200, 'Free'),
('SR-RO', '2RH7HB', 'Standard Room - Room Only', '1 Giường Cỡ Queen', 858000, 'Free'),
('SRphpt2N1', 'KsM', 'Suite Room\nMiễn phí hủy phòng trước 21 Nov 14:00', '1 Giường Cỡ King', 4757600, 'Free'),
('SRWCV', 'JPC', 'Standard Room With City View', '1 Giường Cỡ Queen', 601936, 'Free'),
('SR–CV(O2SF', 'WHSCF2suc', 'Standard Room – City View (special Offer: 24-hour ', '1 Giường Cỡ Queen', 1840000, 'Free'),
('SR–UV(O2SF', 'WHSCF2suc', 'Standard Room – Urban View (special Offer: 24-hour', '1 Giường Cỡ Queen', 1600000, 'Free'),
('SS', 'PPHVT', 'Signature Suite', '1 Giường Cỡ King', 2238390, 'Free'),
('SS-K-BAR', 'DHT', 'Superior Seaview - King - Best Available Rate', '1 Giường Cỡ King', 3655675, 'Free'),
('SS-K-OP', 'DHT', 'Superior Seaview - King - Opening Promotion', '1 Giường Cỡ King', 2741756, 'Free'),
('SS-T-BAR', 'DHT', 'Superior Seaview - Twin - Best Available Rate', '1 Giường (X 2)', 3655675, 'Free'),
('SS-T-OP', 'DHT', 'Superior Seaview - Twin - Opening Promotion', '1 Giường (X 2)', 2741756, 'Free'),
('SSO', 'PPHVT', 'Signature Suite Oceanfront', '1 Giường Cỡ King', 3416490, 'Free'),
('SSOV', 'PPHVT', 'Signature Suite Ocean View', '1 Giường Cỡ King', 2474010, 'Free'),
('SSV-ROphpt', 'ABH', 'Suite Sea View - Room Only\nMiễn phí hủy phòng trướ', '1 Giường Đôi', 794610, 'Free'),
('SSVphpt2N1', 'ABH', 'Suite Sea View\nMiễn phí hủy phòng trước 22 Nov 13:', '1 Giường Đôi', 882900, 'Free'),
('SSWCALV', 'HCD', 'Signature Suite With City And Lake View', '1 Giường Cỡ King', 5817600, 'Free'),
('ST', 'SH&A', 'Superior Twin.', '2 khách', 639450, 'Free'),
('ST(W', 'NHVT', 'Superior Triple (no Window)', '1 Giường Đôi Và 1 Gi', 1066666, 'Free'),
('STMV', 'SH&A', 'Studio Twin Mountain View.', '2 khách', 798210, 'Free'),
('STOVB', 'SH&A', 'Suite Twin Ocean View Balcony.', '2 khách', 1072733, 'Free'),
('STR', 'TLH', 'Superior Twin Room', '2 Giường Đơn', 973522, 'Free'),
('TBSV', 'NLHD', 'Twin Balcony Street View', '2 Giường Đơn', 960000, 'Free'),
('TCV', 'TCH', 'The Cap Villa', '1 Giường Đôi', 13002000, 'Free'),
('TL1OV-N', 'MHTBR', 'The Level 1-bedroom Oceanfront Villa - Non-refunda', '1 Giường Cỡ King', 10518891, 'Free'),
('TL1OVphpt2', 'MHTBR', 'The Level 1-bedroom Oceanfront Villa\nMiễn phí hủy ', '1 Giường Cỡ King', 11687656, 'Free'),
('TL1OV–FB-N', 'MHTBR', 'The Level 1-bedroom Oceanfront Villa – Full Board ', '1 Giường Cỡ King', 12418891, 'Free'),
('TL1OV–FBph', 'MHTBR', 'The Level 1-bedroom Oceanfront Villa – Full Board\n', '1 Giường Cỡ King', 13587656, 'Free'),
('TL1OV–HB-N', 'MHTBR', 'The Level 1-bedroom Oceanfront Villa – Half Board ', '1 Giường Cỡ King', 11668890, 'Free'),
('TL1OV–HBph', 'MHTBR', 'The Level 1-bedroom Oceanfront Villa – Half Board\n', '1 Giường Cỡ King', 12837655, 'Free'),
('TL1PPV-N', 'MHTBR', 'The Level 1-bedroom Private Pool Villa - Non-refun', '1 Giường Cỡ King', 6815557, 'Free'),
('TL1PPVphpt', 'MHTBR', 'The Level 1-bedroom Private Pool Villa\nMiễn phí hủ', '1 Giường Cỡ King', 7572840, 'Free'),
('TL1PPV–FB-', 'MHTBR', 'The Level 1-bedroom Private Pool Villa – Full Boar', '1 Giường Cỡ King', 8715557, 'Free'),
('TL1PPV–HB-', 'MHTBR', 'The Level 1-bedroom Private Pool Villa – Half Boar', '1 Giường Cỡ King', 7965557, 'Free'),
('TL2OVphpt2', 'MHTBR', 'The Level 2-bedroom Oceanfront Villa\nMiễn phí hủy ', '1 Giường (X 2) Và 1 ', 21728398, 'Free'),
('TL2OV–FB-N', 'MHTBR', 'The Level 2-bedroom Oceanfront Villa – Full Board ', '1 Giường (X 2) Và 1 ', 23355560, 'Free'),
('TL2OV–HB-N', 'MHTBR', 'The Level 2-bedroom Oceanfront Villa – Half Board ', '1 Giường (X 2) Và 1 ', 21855560, 'Free'),
('TL2OV–HBph', 'MHTBR', 'The Level 2-bedroom Oceanfront Villa – Half Board\n', '1 Giường (X 2) Và 1 ', 24028398, 'Free'),
('TL2OV–N', 'MHTBR', 'The Level 2-bedroom Oceanfront Villa – Non-refunda', '1 Giường (X 2) Và 1 ', 19555560, 'Free'),
('TL2PPV-N', 'MHTBR', 'The Level 2-bedroom Private Pool Villa - Non-refun', '1 Giường (X 2) Và 1 ', 10666669, 'Free'),
('TL2PPVphpt', 'MHTBR', 'The Level 2-bedroom Private Pool Villa\nMiễn phí hủ', '1 Giường (X 2) Và 1 ', 11851853, 'Free'),
('TL2PPV–HB-', 'MHTBR', 'The Level 2-bedroom Private Pool Villa – Half Boar', '1 Giường (X 2) Và 1 ', 12966669, 'Free'),
('TL3BV-N', 'MHTBR', 'The Level 3-bedroom Beachfront Villa - Non-refunda', '1 Giường (X 2) Và 2 ', 23407781, 'Free'),
('TL3BVphpt2', 'MHTBR', 'The Level 3-bedroom Beachfront Villa\nMiễn phí hủy ', '1 Giường (X 2) Và 2 ', 26008643, 'Free'),
('TL3BV–HB-N', 'MHTBR', 'The Level 3-bedroom Beachfront Villa – Half Board ', '1 Giường (X 2) Và 2 ', 26857780, 'Free'),
('TL3BV–HBph', 'MHTBR', 'The Level 3-bedroom Beachfront Villa – Half Board\n', '1 Giường (X 2) Và 2 ', 29458642, 'Free'),
('TL3OV-N', 'MHTBR', 'The Level 3-bedroom Oceanfront Villa - Non-refunda', '1 Giường (X 2) Và 2 ', 24888894, 'Free'),
('TL3OVphpt2', 'MHTBR', 'The Level 3-bedroom Oceanfront Villa\nMiễn phí hủy ', '1 Giường (X 2) Và 2 ', 27654325, 'Free'),
('TL3OV–FB-N', 'MHTBR', 'The Level 3-bedroom Oceanfront Villa – Full Board ', '1 Giường (X 2) Và 2 ', 30588894, 'Free'),
('TL3OV–FBph', 'MHTBR', 'The Level 3-bedroom Oceanfront Villa – Full Board\n', '1 Giường (X 2) Và 2 ', 33354324, 'Free'),
('TL3OV–HB-N', 'MHTBR', 'The Level 3-bedroom Oceanfront Villa – Half Board ', '1 Giường (X 2) Và 2 ', 28338893, 'Free'),
('TL3OV–HBph', 'MHTBR', 'The Level 3-bedroom Oceanfront Villa – Half Board\n', '1 Giường (X 2) Và 2 ', 31104323, 'Free'),
('TL3PPV-N', 'MHTBR', 'The Level 3-bedroom Private Pool Villa - Non-refun', '1 Giường (X 2) Và 2 ', 17482224, 'Free'),
('TL3PPVphpt', 'MHTBR', 'The Level 3-bedroom Private Pool Villa\nMiễn phí hủ', '1 Giường (X 2) Và 2 ', 19424691, 'Free'),
('TL3PPV–HB', 'MHTBR', 'The Level 3-bedroom Private Pool Villa – Half Boar', '1 Giường (X 2) Và 2 ', 22874690, 'Free'),
('TL3PPV–HB-', 'MHTBR', 'The Level 3-bedroom Private Pool Villa – Half Boar', '1 Giường (X 2) Và 2 ', 20932223, 'Free'),
('TL4BV-N', 'MHTBR', 'The Level 4-bedroom Beachfront Villa - Non-refunda', '1 Giường (X 2), 2 Gi', 33482225, 'Free'),
('TL4BVphpt2', 'MHTBR', 'The Level 4-bedroom Beachfront Villa\nMiễn phí hủy ', '1 Giường (X 2), 2 Gi', 37202468, 'Free'),
('TL4BV–FB-N', 'MHTBR', 'The Level 4-bedroom Beachfront Villa – Full Board ', '1 Giường (X 2), 2 Gi', 41082225, 'Free'),
('TL4BV–HB-N', 'MHTBR', 'The Level 4-bedroom Beachfront Villa – Half Board ', '1 Giường (X 2), 2 Gi', 38082223, 'Free'),
('TL4BV–HBph', 'MHTBR', 'The Level 4-bedroom Beachfront Villa – Half Board\n', '1 Giường (X 2), 2 Gi', 41802467, 'Free'),
('TR', 'AHDN', 'Triple Room', '5 khách', 1203213, 'Free'),
('TSV-RO', 'ABH', 'Twin Sea View - Room Only', '1 Giường (X 2)', 700000, 'Free'),
('TSV-ROphpt', 'ABH', 'Twin Sea View - Room Only\nMiễn phí hủy phòng trước', '1 Giường (X 2)', 618030, 'Free'),
('V3B', 'TH&RĐL', 'Villa 3 Bedroom', '2 Giường Cỡ King Và ', 11070469, 'Free'),
('V3B(BO', 'TH&RĐL', 'Villa 3 Bedroom (king Bed Only)', '3 Giường Cỡ King', 11218075, 'Free'),
('V4B', 'TH&RĐL', 'Villa 4 Bedroom', '2 Giường Cỡ King Và ', 14170200, 'Free'),
('V5B', 'TH&RĐL', 'Villa 5 Bedroom', '4 Giường Cỡ King Và ', 16236688, 'Free'),
('VR', 'BVH', 'Vip Room', '1 Giường Cỡ King', 488422, 'Free'),
('VR(IVIFG', '3H&T', 'Vip Room (free Issuing Vat Invoice For Guest)', '1 Giường Đôi', 688500, 'Free');

-- --------------------------------------------------------

--
-- Table structure for table `room_invoice`
--

CREATE TABLE `room_invoice` (
  `Id` varchar(20) NOT NULL,
  `Room_id` varchar(10) NOT NULL,
  `Check_in` datetime NOT NULL,
  `Check_out` datetime NOT NULL,
  `Invoice_id` varchar(20) NOT NULL
) ENGINE=InnoDB DEFAULT CHARSET=utf8mb4 COLLATE=utf8mb4_general_ci;

--
-- Dumping data for table `room_invoice`
--

INSERT INTO `room_invoice` (`Id`, `Room_id`, `Check_in`, `Check_out`, `Invoice_id`) VALUES
('1', '1BBR', '2023-11-25 18:54:24', '2023-11-26 00:54:24', '5'),
('2', '2BA', '2023-11-25 18:55:55', '2023-11-27 00:55:55', '6');

-- --------------------------------------------------------

--
-- Table structure for table `service`
--

CREATE TABLE `service` (
  `Id` varchar(10) NOT NULL,
  `Name` varchar(50) NOT NULL
) ENGINE=InnoDB DEFAULT CHARSET=utf8mb4 COLLATE=utf8mb4_general_ci;

--
-- Dumping data for table `service`
--

INSERT INTO `service` (`Id`, `Name`) VALUES
('1', 'Không gồm bữa sáng'),
('10', 'Miễn phí bữa sáng'),
('11', 'Có hoá đơn Giá Trị Gia Tăng cho đặt chỗ thanh toán'),
('12', 'Miễn phí hủy phòng'),
('13', 'Có thể đổi lịch'),
('14', 'Miễn phí huỷ phòng trước 22 thg 11 2023'),
('15', 'Giảm 10% cho Ăn uống'),
('16', 'Miễn phí BREAKFAST Dựa theo số lượng khách lưu trú'),
('17', 'Giảm 10% giá thức ăn và đồ uống'),
('18', 'Miễn phí Mini Bar'),
('19', 'Miễn phí Seasonal Fruit '),
('2', 'WiFi miễn phí'),
('3', 'Không hút thuốc'),
('4', 'Không hoàn tiền'),
('5', 'Không đổi lịch'),
('6', 'Xem Chính sách huỷ phòng'),
('7', 'Hủy phòng có thu phí'),
('8', 'Thanh toán khi nhận phòng'),
('9', 'Thanh toán khi bạn nhận phòng tại nơi ở');

-- --------------------------------------------------------

--
-- Table structure for table `service_detail`
--

CREATE TABLE `service_detail` (
  `Id_service` varchar(10) NOT NULL,
  `Id_room` varchar(10) NOT NULL
) ENGINE=InnoDB DEFAULT CHARSET=utf8mb4 COLLATE=utf8mb4_general_ci;

--
-- Dumping data for table `service_detail`
--

INSERT INTO `service_detail` (`Id_service`, `Id_room`) VALUES
('1', 'SDR'),
('2', 'SDR'),
('3', 'SDR'),
('4', 'SDR'),
('5', 'SDR'),
('6', 'SDR'),
('1', 'SDR'),
('2', 'SDR'),
('3', 'SDR'),
('7', 'SDR'),
('6', 'SDR'),
('8', 'SDR'),
('9', 'SDR'),
('1', 'DDVR'),
('2', 'DDVR'),
('3', 'DDVR'),
('4', 'DDVR'),
('5', 'DDVR'),
('6', 'DDVR'),
('1', 'DDVR'),
('2', 'DDVR'),
('3', 'DDVR'),
('7', 'DDVR'),
('6', 'DDVR'),
('8', 'DDVR'),
('9', 'DDVR'),
('1', 'DTR'),
('2', 'DTR'),
('3', 'DTR'),
('4', 'DTR'),
('5', 'DTR'),
('6', 'DTR'),
('1', 'DTR'),
('2', 'DTR'),
('3', 'DTR'),
('7', 'DTR'),
('6', 'DTR'),
('8', 'DTR'),
('9', 'DTR'),
('1', 'QFVR'),
('2', 'QFVR'),
('3', 'QFVR'),
('4', 'QFVR'),
('5', 'QFVR'),
('6', 'QFVR'),
('1', 'QFVR'),
('2', 'QFVR'),
('3', 'QFVR'),
('7', 'QFVR'),
('6', 'QFVR'),
('8', 'QFVR'),
('9', 'QFVR'),
('10', 'P2GĐSQCS'),
('2', 'P2GĐSQCS'),
('3', 'P2GĐSQCS'),
('4', 'P2GĐSQCS'),
('5', 'P2GĐSQCS'),
('6', 'P2GĐSQCS'),
('10', 'PĐPQCS'),
('2', 'PĐPQCS'),
('3', 'PĐPQCS'),
('4', 'PĐPQCS'),
('5', 'PĐPQCS'),
('6', 'PĐPQCS'),
('10', 'P3DQCTP'),
('2', 'P3DQCTP'),
('3', 'P3DQCTP'),
('4', 'P3DQCTP'),
('5', 'P3DQCTP'),
('6', 'P3DQCTP'),
('10', 'DTRPCARV'),
('2', 'DTRPCARV'),
('3', 'DTRPCARV'),
('4', 'DTRPCARV'),
('5', 'DTRPCARV'),
('6', 'DTRPCARV'),
('10', 'FJSRV'),
('2', 'FJSRV'),
('3', 'FJSRV'),
('4', 'FJSRV'),
('5', 'FJSRV'),
('6', 'FJSRV'),
('1', 'DD'),
('2', 'DD'),
('3', 'DD'),
('4', 'DD'),
('5', 'DD'),
('6', 'DD'),
('1', 'DD'),
('2', 'DD'),
('3', 'DD'),
('7', 'DD'),
('6', 'DD'),
('8', 'DD'),
('9', 'DD'),
('1', 'DF'),
('2', 'DF'),
('3', 'DF'),
('4', 'DF'),
('5', 'DF'),
('6', 'DF'),
('1', 'DF'),
('2', 'DF'),
('3', 'DF'),
('7', 'DF'),
('6', 'DF'),
('8', 'DF'),
('9', 'DF'),
('1', 'SD'),
('2', 'SD'),
('3', 'SD'),
('4', 'SD'),
('5', 'SD'),
('6', 'SD'),
('1', 'SD'),
('2', 'SD'),
('3', 'SD'),
('7', 'SD'),
('6', 'SD'),
('8', 'SD'),
('9', 'SD'),
('1', 'DD'),
('2', 'DD'),
('3', 'DD'),
('4', 'DD'),
('5', 'DD'),
('6', 'DD'),
('1', 'DD'),
('2', 'DD'),
('3', 'DD'),
('7', 'DD'),
('6', 'DD'),
('8', 'DD'),
('9', 'DD'),
('1', 'SD'),
('2', 'SD'),
('3', 'SD'),
('4', 'SD'),
('5', 'SD'),
('6', 'SD'),
('1', 'SD'),
('2', 'SD'),
('3', 'SD'),
('7', 'SD'),
('6', 'SD'),
('8', 'SD'),
('9', 'SD'),
('1', 'LD'),
('2', 'LD'),
('4', 'LD'),
('5', 'LD'),
('6', 'LD'),
('1', 'LD'),
('2', 'LD'),
('7', 'LD'),
('6', 'LD'),
('8', 'LD'),
('9', 'LD'),
('1', 'FT'),
('2', 'FT'),
('4', 'FT'),
('5', 'FT'),
('6', 'FT'),
('1', 'FT'),
('2', 'FT'),
('7', 'FT'),
('6', 'FT'),
('8', 'FT'),
('9', 'FT'),
('1', 'TR'),
('2', 'TR'),
('4', 'TR'),
('5', 'TR'),
('6', 'TR'),
('1', 'TR'),
('2', 'TR'),
('7', 'TR'),
('6', 'TR'),
('8', 'TR'),
('9', 'TR'),
('10', 'ST'),
('2', 'ST'),
('3', 'ST'),
('4', 'ST'),
('5', 'ST'),
('6', 'ST'),
('10', 'ST'),
('2', 'ST'),
('3', 'ST'),
('7', 'ST'),
('6', 'ST'),
('8', 'ST'),
('9', 'ST'),
('10', 'DTMV'),
('2', 'DTMV'),
('3', 'DTMV'),
('4', 'DTMV'),
('5', 'DTMV'),
('6', 'DTMV'),
('10', 'DTMV'),
('2', 'DTMV'),
('3', 'DTMV'),
('7', 'DTMV'),
('6', 'DTMV'),
('8', 'DTMV'),
('9', 'DTMV'),
('10', 'STMV'),
('2', 'STMV'),
('3', 'STMV'),
('4', 'STMV'),
('5', 'STMV'),
('6', 'STMV'),
('10', 'STMV'),
('2', 'STMV'),
('3', 'STMV'),
('7', 'STMV'),
('6', 'STMV'),
('8', 'STMV'),
('9', 'STMV'),
('10', 'SDOV'),
('2', 'SDOV'),
('3', 'SDOV'),
('4', 'SDOV'),
('5', 'SDOV'),
('6', 'SDOV'),
('10', 'SDOV'),
('2', 'SDOV'),
('3', 'SDOV'),
('7', 'SDOV'),
('6', 'SDOV'),
('8', 'SDOV'),
('9', 'SDOV'),
('10', 'DFMV'),
('2', 'DFMV'),
('3', 'DFMV'),
('4', 'DFMV'),
('5', 'DFMV'),
('6', 'DFMV'),
('10', 'DFMV'),
('2', 'DFMV'),
('3', 'DFMV'),
('7', 'DFMV'),
('6', 'DFMV'),
('8', 'DFMV'),
('9', 'DFMV'),
('10', 'STOVB'),
('2', 'STOVB'),
('3', 'STOVB'),
('4', 'STOVB'),
('5', 'STOVB'),
('6', 'STOVB'),
('10', 'STOVB'),
('2', 'STOVB'),
('3', 'STOVB'),
('7', 'STOVB'),
('6', 'STOVB'),
('8', 'STOVB'),
('9', 'STOVB'),
('10', 'LVDT'),
('2', 'LVDT'),
('4', 'LVDT'),
('5', 'LVDT'),
('6', 'LVDT'),
('10', 'LVDT'),
('2', 'LVDT'),
('7', 'LVDT'),
('6', 'LVDT'),
('8', 'LVDT'),
('9', 'LVDT'),
('11', 'LVDT'),
('10', 'LVDK'),
('2', 'LVDK'),
('4', 'LVDK'),
('5', 'LVDK'),
('6', 'LVDK'),
('10', 'LVDK'),
('2', 'LVDK'),
('7', 'LVDK'),
('6', 'LVDK'),
('8', 'LVDK'),
('9', 'LVDK'),
('11', 'LVDK'),
('10', 'LVDC'),
('2', 'LVDC'),
('4', 'LVDC'),
('5', 'LVDC'),
('6', 'LVDC'),
('10', 'LVDC'),
('2', 'LVDC'),
('7', 'LVDC'),
('6', 'LVDC'),
('8', 'LVDC'),
('9', 'LVDC'),
('11', 'LVDC'),
('10', 'LVLDK'),
('2', 'LVLDK'),
('4', 'LVLDK'),
('5', 'LVLDK'),
('6', 'LVLDK'),
('10', 'LVLDK'),
('2', 'LVLDK'),
('7', 'LVLDK'),
('6', 'LVLDK'),
('8', 'LVLDK'),
('9', 'LVLDK'),
('11', 'LVLDK'),
('10', 'LVLDT'),
('2', 'LVLDT'),
('4', 'LVLDT'),
('5', 'LVLDT'),
('6', 'LVLDT'),
('10', 'LVLDT'),
('2', 'LVLDT'),
('7', 'LVLDT'),
('6', 'LVLDT'),
('8', 'LVLDT'),
('9', 'LVLDT'),
('11', 'LVLDT'),
('10', 'LVCL-S(ACB'),
('2', 'LVCL-S(ACB'),
('4', 'LVCL-S(ACB'),
('5', 'LVCL-S(ACB'),
('6', 'LVCL-S(ACB'),
('10', 'LVCL-S(ACB'),
('2', 'LVCL-S(ACB'),
('7', 'LVCL-S(ACB'),
('6', 'LVCL-S(ACB'),
('8', 'LVCL-S(ACB'),
('9', 'LVCL-S(ACB'),
('11', 'LVCL-S(ACB'),
('10', 'LVCL-PS(AC'),
('2', 'LVCL-PS(AC'),
('4', 'LVCL-PS(AC'),
('5', 'LVCL-PS(AC'),
('6', 'LVCL-PS(AC'),
('10', 'LVCL-PS(AC'),
('2', 'LVCL-PS(AC'),
('7', 'LVCL-PS(AC'),
('6', 'LVCL-PS(AC'),
('8', 'LVCL-PS(AC'),
('9', 'LVCL-PS(AC'),
('11', 'LVCL-PS(AC');

-- --------------------------------------------------------

--
-- Table structure for table `taxi`
--

CREATE TABLE `taxi` (
  `Id` varchar(20) NOT NULL,
  `Type_id` varchar(5) NOT NULL,
  `Name` varchar(50) NOT NULL,
  `Luggage` varchar(20) NOT NULL,
  `NumofSeat` varchar(20) NOT NULL,
  `Price` int(20) NOT NULL,
  `State` varchar(10) NOT NULL
) ENGINE=InnoDB DEFAULT CHARSET=utf8mb4 COLLATE=utf8mb4_general_ci;

--
-- Dumping data for table `taxi`
--

INSERT INTO `taxi` (`Id`, `Type_id`, `Name`, `Luggage`, `NumofSeat`, `Price`, `State`) VALUES
('CCH', '0', 'City Car (2 Hours)', '2 hành lý', '4 ghế', 508000, 'Free'),
('HC', '1', 'Honda City', '2 hành lý', '4 ghế', 883920, 'Free'),
('HGI', '1', 'Hyundai Grand i10', '2 hành lý', '4 ghế', 589280, 'Free'),
('KC', '1', 'Kia Cerato', '2 hành lý', '4 ghế', 985520, 'Free'),
('KM', '1', 'Kia Morning', '2 hành lý', '4 ghế', 589280, 'Free'),
('M3', '1', 'Mazda 3', '2 hành lý', '4 ghế', 1066800, 'Free'),
('MX', '1', 'Mitsubishi Xpander', '4 hành lý', '7 ghế', 1041400, 'Free'),
('S8HDL-LB-LP', '0', 'SUV ( 8 hours) DA LAT - LIANG BIANG - LINH PHUOC', '4 hành lý', '7 ghế', 2193544, 'Free'),
('SH', '0', 'Sedan (2 Hours)', '2 hành lý', '4 ghế', 579120, 'Free'),
('SHDL-LB-LP', '0', 'Sedan (8 hours) DA LAT - LIANG BIANG - LINH PHUOC', '2 hành lý', '4 ghế', 1828800, 'Free'),
('SHDN-BNT', '0', 'Sedan (8 hours) DA NANG - BA NA/THAN TAI', '2 hành lý', '4 ghế', 1466088, 'Free'),
('SHDN-H', '0', 'Sedan (8 hours) DA NANG - HUE', '2 hành lý', '4 ghế', 3107944, 'Free'),
('SHDN-HA', '0', 'Sedan (4 hours) DA NANG - HOI AN', '2 hành lý', '4 ghế', 1653032, 'Free'),
('SHH-CC', '0', 'Sedan (5 hours) HCMC - CHU CHI', '2 hành lý', '4 ghế', 2328672, 'Free'),
('SHH-CT', '0', 'Sedan (10 hours) HCMC - CAN THO', '2 hành lý', '4 ghế', 4572000, 'Free'),
('SHH-LHTT', '0', 'Sedan (8 hours) HCMC - LONG HAI/LONG TAN/VUNG TAU', '2 hành lý', '4 ghế', 3565144, 'Free'),
('SHHN-CP', '0', 'Sedan (8 hours) HA NOI - CUC PHUONG', '2 hành lý', '4 ghế', 3294888, 'Free'),
('SHHN-HL', '0', 'Sedan (8 hours) HA NOI - HA LONG', '2 hành lý', '4 ghế', 4572000, 'Free'),
('SHHN-HL&TC', '0', 'Sedan (10 hours) HA NOI - HOA LU & TAM COC', '2 hành lý', '4 ghế', 2743200, 'Free'),
('TF', '1', 'Toyota Fortuner', '4 hành lý', '7 ghế', 1193800, 'Free'),
('TI', '1', 'Toyota Innova', '4 hành lý', '7 ghế', 1041400, 'Free'),
('TV', '1', 'Toyota Vios', '2 hành lý', '4 ghế', 883920, 'Free'),
('VF', '1', 'VinFast Fadil', '2 hành lý', '4 ghế', 589280, 'Free'),
('VH', '0', 'Van (4 hours)', '8 hành lý', '8 ghế', 1393952, 'Free'),
('VHDL-LB-LP', '0', 'Van (8 hours) DA LAT - LIANG BIANG - LINH PHUOC', '10 hành lý', '16 ghế', 2743200, 'Free'),
('VHDN-BNT', '0', 'Van (8 hours) DA NANG - BA NA/THAN TAI', '10 hành lý', '16 ghế', 1828800, 'Free'),
('VHDN-H', '0', 'Van (8 hours) DA NANG - HUE', '10 hành lý', '16 ghế', 4572000, 'Free'),
('VHDN-HA', '0', 'Van (4 hours) DA NANG - HOI AN', '10 hành lý', '16 ghế', 2286000, 'Free'),
('VHH-CC', '0', 'Van (5 hours) HCMC - CHU CHI', '10 hành lý', '16 ghế', 2504440, 'Free'),
('VHH-CT', '0', 'Van (10 hours) HCMC - CAN THO', '10 hành lý', '16 ghế', 5300472, 'Free'),
('VHH-LHTT', '0', 'Van (8 hours) HCMC - LONG HAI/LONG TAN/VUNG TAU', '10 hành lý', '16 ghế', 4022344, 'Free'),
('VHHN-CP', '0', 'Van (8 hours) HA NOI - CUC PHUONG', '10 hành lý', '16 ghế', 4572000, 'Free'),
('VHHN-HL', '0', 'Van (8 hours) HA NOI - HA LONG', '10 hành lý', '16 ghế', 6400800, 'Free'),
('VHHN-HL&TC', '0', 'Van (10 hours) HA NOI - HOA LU & TAM COC', '10 hành lý', '16 ghế', 3657600, 'Free');

-- --------------------------------------------------------

--
-- Table structure for table `taxi_area`
--

CREATE TABLE `taxi_area` (
  `Id` int(11) NOT NULL,
  `PickPoint` varchar(100) NOT NULL
) ENGINE=InnoDB DEFAULT CHARSET=utf8mb4 COLLATE=utf8mb4_general_ci;

--
-- Dumping data for table `taxi_area`
--

INSERT INTO `taxi_area` (`Id`, `PickPoint`) VALUES
(1, 'Tan Son Nhat International Airport (SGN) '),
(2, 'Noi Bai International Airport (HAN) '),
(3, 'Da Nang '),
(4, 'Da Lat ');

-- --------------------------------------------------------

--
-- Table structure for table `taxi_area_detail`
--

CREATE TABLE `taxi_area_detail` (
  `Pickpoint_id` int(11) NOT NULL,
  `Taxi_id` varchar(20) NOT NULL
) ENGINE=InnoDB DEFAULT CHARSET=utf8mb4 COLLATE=utf8mb4_general_ci;

--
-- Dumping data for table `taxi_area_detail`
--

INSERT INTO `taxi_area_detail` (`Pickpoint_id`, `Taxi_id`) VALUES
(1, 'CCH'),
(1, 'SH'),
(1, 'SH'),
(1, 'CCH'),
(1, 'SH'),
(1, 'SH'),
(1, 'CCH'),
(1, 'SH'),
(1, 'SH'),
(1, 'VH'),
(1, 'VH'),
(1, 'SHH-CC'),
(1, 'SHH-CC'),
(1, 'VHH-CC'),
(1, 'SHH-CC'),
(1, 'SHH-CC'),
(1, 'VHH-CC'),
(1, 'SHH-LHTT'),
(1, 'SHH-LHTT'),
(1, 'VHH-LHTT'),
(1, 'SHH-CT'),
(1, 'SHH-CT'),
(1, 'VHH-CT'),
(1, 'HGI'),
(1, 'KM'),
(1, 'VF'),
(1, 'TV'),
(1, 'HC'),
(1, 'KC'),
(1, 'TI'),
(1, 'MX'),
(1, 'M3'),
(1, 'TF'),
(2, 'CCH'),
(2, 'SH'),
(2, 'SH'),
(2, 'CCH'),
(2, 'SH'),
(2, 'SH'),
(2, 'CCH'),
(2, 'SH'),
(2, 'VH'),
(2, 'SH'),
(2, 'VH'),
(2, 'SHHN-HL&TC'),
(2, 'SHHN-HL&TC'),
(2, 'SHHN-CP'),
(2, 'SHHN-CP'),
(2, 'VHHN-HL&TC'),
(2, 'SHHN-HL'),
(2, 'VHHN-CP'),
(2, 'SHHN-HL'),
(2, 'VHHN-HL'),
(3, 'CCH'),
(3, 'SH'),
(3, 'SH'),
(3, 'CCH'),
(3, 'SH'),
(3, 'SH'),
(3, 'CCH'),
(3, 'SH'),
(3, 'SH'),
(3, 'SHDN-BNT'),
(3, 'SHDN-HA'),
(3, 'VH'),
(3, 'SHDN-HA'),
(3, 'VHDN-BNT'),
(3, 'SHDN-BNT'),
(3, 'SHDN-HA'),
(3, 'VHDN-HA'),
(3, 'VHDN-HA'),
(3, 'SHDN-HA'),
(3, 'SHDN-H'),
(3, 'VH'),
(3, 'SHDN-H'),
(3, 'VHDN-H'),
(3, 'KM'),
(3, 'HGI'),
(3, 'VF'),
(3, 'TV'),
(3, 'HC'),
(3, 'KC'),
(3, 'MX'),
(3, 'M3'),
(3, 'CCH'),
(3, 'SH'),
(3, 'SH'),
(3, 'CCH'),
(3, 'SH'),
(3, 'SH'),
(3, 'CCH'),
(3, 'SH'),
(3, 'SH'),
(3, 'SHDN-BNT'),
(3, 'SHDN-HA'),
(3, 'VH'),
(3, 'SHDN-HA'),
(3, 'VHDN-BNT'),
(3, 'SHDN-BNT'),
(3, 'SHDN-HA'),
(3, 'VHDN-HA'),
(3, 'VHDN-HA'),
(3, 'SHDN-HA'),
(3, 'SHDN-H'),
(3, 'VH'),
(3, 'SHDN-H'),
(3, 'VHDN-H'),
(4, 'CCH'),
(4, 'SH'),
(4, 'SH'),
(4, 'CCH'),
(4, 'SH'),
(4, 'SH'),
(4, 'CCH'),
(4, 'SH'),
(4, 'SH'),
(4, 'SH'),
(4, 'SH'),
(4, 'SH'),
(4, 'VH'),
(4, 'SHDL-LB-LP'),
(4, 'SH'),
(4, 'S8HDL-LB-LP'),
(4, 'VH'),
(4, 'VHDL-LB-LP');

-- --------------------------------------------------------

--
-- Table structure for table `taxi_invoice`
--

CREATE TABLE `taxi_invoice` (
  `Id` int(20) NOT NULL,
  `Taxi_id` varchar(20) NOT NULL,
  `DepartureDay` date NOT NULL,
  `TimeStart` varchar(20) NOT NULL,
  `ArrivalTime` date NOT NULL,
  `TimeEnd` varchar(20) NOT NULL,
  `Invoice_id` varchar(20) NOT NULL
) ENGINE=InnoDB DEFAULT CHARSET=utf8mb4 COLLATE=utf8mb4_general_ci;

--
-- Dumping data for table `taxi_invoice`
--

INSERT INTO `taxi_invoice` (`Id`, `Taxi_id`, `DepartureDay`, `TimeStart`, `ArrivalTime`, `TimeEnd`, `Invoice_id`) VALUES
(1, 'CCH', '2023-11-26', '08:00', '2023-11-28', '08:00', '7');

-- --------------------------------------------------------

--
-- Table structure for table `taxi_type`
--

CREATE TABLE `taxi_type` (
  `Id` int(5) NOT NULL,
  `Type` varchar(50) NOT NULL
) ENGINE=InnoDB DEFAULT CHARSET=utf8mb4 COLLATE=utf8mb4_general_ci;

--
-- Dumping data for table `taxi_type`
--

INSERT INTO `taxi_type` (`Id`, `Type`) VALUES
(0, 'thuê xe có lái'),
(1, 'Car Rental Without Driver');

-- --------------------------------------------------------

--
-- Table structure for table `user`
--

CREATE TABLE `user` (
  `Id` varchar(20) NOT NULL,
  `Name` varchar(50) NOT NULL,
  `Sex` varchar(10) NOT NULL,
  `Birthday` date NOT NULL,
  `Phone` varchar(20) NOT NULL,
  `Email` varchar(50) NOT NULL,
  `Nationality` varchar(50) NOT NULL,
  `Passport_id` varchar(50) NOT NULL,
  `Password` varchar(50) NOT NULL
) ENGINE=InnoDB DEFAULT CHARSET=utf8mb4 COLLATE=utf8mb4_general_ci;

--
-- Dumping data for table `user`
--

INSERT INTO `user` (`Id`, `Name`, `Sex`, `Birthday`, `Phone`, `Email`, `Nationality`, `Passport_id`, `Password`) VALUES
('1', 'Nguyễn Văn An', 'Male', '2013-11-01', '0123454321', 'nguyenvanan@gmail.com.vn', 'Vietnam', '1', '123456');

--
-- Indexes for dumped tables
--

--
-- Indexes for table `bus`
--
ALTER TABLE `bus`
  ADD PRIMARY KEY (`Id`);

--
-- Indexes for table `bus_invoice`
--
ALTER TABLE `bus_invoice`
  ADD PRIMARY KEY (`Id`),
  ADD KEY `fk_bi_iv` (`Invoice_id`),
  ADD KEY `fk_bi_bus` (`Bus_id`);

--
-- Indexes for table `flight`
--
ALTER TABLE `flight`
  ADD PRIMARY KEY (`ID`);

--
-- Indexes for table `flight_invoice`
--
ALTER TABLE `flight_invoice`
  ADD PRIMARY KEY (`Id`),
  ADD KEY `fk_fi_iv` (`Invoice_id`),
  ADD KEY `fk_fi_fl` (`Flight_id`);

--
-- Indexes for table `hotel`
--
ALTER TABLE `hotel`
  ADD PRIMARY KEY (`Id`);

--
-- Indexes for table `invoice`
--
ALTER TABLE `invoice`
  ADD PRIMARY KEY (`Id`),
  ADD KEY `fk_iv_us` (`User_id`);

--
-- Indexes for table `passport`
--
ALTER TABLE `passport`
  ADD PRIMARY KEY (`Id`);

--
-- Indexes for table `room`
--
ALTER TABLE `room`
  ADD PRIMARY KEY (`Id`),
  ADD KEY `fk_rm_ht` (`Hotel_id`);

--
-- Indexes for table `room_invoice`
--
ALTER TABLE `room_invoice`
  ADD PRIMARY KEY (`Id`),
  ADD KEY `fk_ri_rm` (`Room_id`),
  ADD KEY `fk_ri_iv` (`Invoice_id`);

--
-- Indexes for table `service`
--
ALTER TABLE `service`
  ADD PRIMARY KEY (`Id`);

--
-- Indexes for table `service_detail`
--
ALTER TABLE `service_detail`
  ADD KEY `fk_sd_rm` (`Id_room`),
  ADD KEY `fk_sd_sv` (`Id_service`);

--
-- Indexes for table `taxi`
--
ALTER TABLE `taxi`
  ADD PRIMARY KEY (`Id`);

--
-- Indexes for table `taxi_area`
--
ALTER TABLE `taxi_area`
  ADD PRIMARY KEY (`Id`);

--
-- Indexes for table `taxi_area_detail`
--
ALTER TABLE `taxi_area_detail`
  ADD KEY `fk_dt_ar` (`Pickpoint_id`),
  ADD KEY `fk_dt_tx` (`Taxi_id`);

--
-- Indexes for table `taxi_invoice`
--
ALTER TABLE `taxi_invoice`
  ADD PRIMARY KEY (`Id`),
  ADD KEY `fk_ti_tx` (`Taxi_id`),
  ADD KEY `fk_ti_iv` (`Invoice_id`);

--
-- Indexes for table `taxi_type`
--
ALTER TABLE `taxi_type`
  ADD PRIMARY KEY (`Id`);

--
-- Indexes for table `user`
--
ALTER TABLE `user`
  ADD PRIMARY KEY (`Id`),
  ADD KEY `fk_us_pp` (`Passport_id`);

--
-- Constraints for dumped tables
--

--
-- Constraints for table `bus_invoice`
--
ALTER TABLE `bus_invoice`
  ADD CONSTRAINT `fk_bi_bus` FOREIGN KEY (`Bus_id`) REFERENCES `bus` (`Id`),
  ADD CONSTRAINT `fk_bi_iv` FOREIGN KEY (`Invoice_id`) REFERENCES `invoice` (`Id`);

--
-- Constraints for table `flight_invoice`
--
ALTER TABLE `flight_invoice`
  ADD CONSTRAINT `fk_fi_fl` FOREIGN KEY (`Flight_id`) REFERENCES `flight` (`ID`),
  ADD CONSTRAINT `fk_fi_iv` FOREIGN KEY (`Invoice_id`) REFERENCES `invoice` (`Id`);

--
-- Constraints for table `invoice`
--
ALTER TABLE `invoice`
  ADD CONSTRAINT `fk_iv_us` FOREIGN KEY (`User_id`) REFERENCES `user` (`Id`);

--
-- Constraints for table `room`
--
ALTER TABLE `room`
  ADD CONSTRAINT `fk_rm_ht` FOREIGN KEY (`Hotel_id`) REFERENCES `hotel` (`Id`);

--
-- Constraints for table `room_invoice`
--
ALTER TABLE `room_invoice`
  ADD CONSTRAINT `fk_ri_iv` FOREIGN KEY (`Invoice_id`) REFERENCES `invoice` (`Id`),
  ADD CONSTRAINT `fk_ri_rm` FOREIGN KEY (`Room_id`) REFERENCES `room` (`Id`);

--
-- Constraints for table `service_detail`
--
ALTER TABLE `service_detail`
  ADD CONSTRAINT `fk_sd_rm` FOREIGN KEY (`Id_room`) REFERENCES `room` (`Id`),
  ADD CONSTRAINT `fk_sd_sv` FOREIGN KEY (`Id_service`) REFERENCES `service` (`Id`);

--
-- Constraints for table `taxi_area_detail`
--
ALTER TABLE `taxi_area_detail`
  ADD CONSTRAINT `fk_dt_ar` FOREIGN KEY (`Pickpoint_id`) REFERENCES `taxi_area` (`Id`),
  ADD CONSTRAINT `fk_dt_tx` FOREIGN KEY (`Taxi_id`) REFERENCES `taxi` (`Id`);

--
-- Constraints for table `taxi_invoice`
--
ALTER TABLE `taxi_invoice`
  ADD CONSTRAINT `fk_ti_iv` FOREIGN KEY (`Invoice_id`) REFERENCES `invoice` (`Id`),
  ADD CONSTRAINT `fk_ti_tx` FOREIGN KEY (`Taxi_id`) REFERENCES `taxi` (`Id`);

--
-- Constraints for table `user`
--
ALTER TABLE `user`
  ADD CONSTRAINT `fk_us_pp` FOREIGN KEY (`Passport_id`) REFERENCES `passport` (`Id`);
COMMIT;

/*!40101 SET CHARACTER_SET_CLIENT=@OLD_CHARACTER_SET_CLIENT */;
/*!40101 SET CHARACTER_SET_RESULTS=@OLD_CHARACTER_SET_RESULTS */;
/*!40101 SET COLLATION_CONNECTION=@OLD_COLLATION_CONNECTION */;
